source_id,reference_id,facility_name,subclass,country,state,latitude,longitude,status_2025,coordinate_quality,coordinate_source,source_url,review_status,review_notes
GEM_GIPT,L100000407594,Agartala power plant,thermal_power,India,Tripura,23.825018,91.287056,operating,HIGH,Global Energy Monitor Global Integrated Power Tracker,https://globalenergymonitor.org/projects/global-integrated-power-tracker,NEEDS_REVIEW,Operating India thermal-power facility from GEM GIPT. Confirm FIRMS-source association before benchmark inclusion.
GEM_GIPT,L100000408400,Ankleshwar Caustic Plant power station,thermal_power,India,Gujarat,21.638747,73.183,operating,HIGH,Global Energy Monitor Global Integrated Power Tracker,https://globalenergymonitor.org/projects/global-integrated-power-tracker,NEEDS_REVIEW,Operating India thermal-power facility from GEM GIPT. Confirm FIRMS-source association before benchmark inclusion.
GEM_GIPT,L100000401464,Anta power plant,thermal_power,India,Rajasthan,25.1797,76.3188,operating,HIGH,Global Energy Monitor Global Integrated Power Tracker,https://globalenergymonitor.org/projects/global-integrated-power-tracker,NEEDS_REVIEW,Operating India thermal-power facility from GEM GIPT. Confirm FIRMS-source association before benchmark inclusion.
GEM_GIPT,L100000408399,Arkay Energy Rameswarm power station,thermal_power,India,Tamil Nadu,9.328504,78.923287,operating,HIGH,Global Energy Monitor Global Integrated Power Tracker,https://globalenergymonitor.org/projects/global-integrated-power-tracker,NEEDS_REVIEW,Operating India thermal-power facility from GEM GIPT. Confirm FIRMS-source association before benchmark inclusion.
GEM_GIPT,L100000407355,Assam Gas Based power station,thermal_power,India,Assam,27.340995,95.406384,operating,HIGH,Global Energy Monitor Global Integrated Power Tracker,https://globalenergymonitor.org/projects/global-integrated-power-tracker,NEEDS_REVIEW,Operating India thermal-power facility from GEM GIPT. Confirm FIRMS-source association before benchmark inclusion.
GEM_GIPT,L100000407355,Assam Gas Based power station,thermal_power,India,Assam,27.340995,95.406384,operating,HIGH,Global Energy Monitor Global Integrated Power Tracker,https://globalenergymonitor.org/projects/global-integrated-power-tracker,NEEDS_REVIEW,Operating India thermal-power facility from GEM GIPT. Confirm FIRMS-source association before benchmark inclusion.
GEM_GIPT,L100000407355,Assam Gas Based power station,thermal_power,India,Assam,27.340995,95.406384,operating,HIGH,Global Energy Monitor Global Integrated Power Tracker,https://globalenergymonitor.org/projects/global-integrated-power-tracker,NEEDS_REVIEW,Operating India thermal-power facility from GEM GIPT. Confirm FIRMS-source association before benchmark inclusion.
GEM_GIPT,L100000401466,Auraiya Combined Cycle power plant,thermal_power,India,Uttar Pradesh,26.6282,79.5286,operating,HIGH,Global Energy Monitor Global Integrated Power Tracker,https://globalenergymonitor.org/projects/global-integrated-power-tracker,NEEDS_REVIEW,Operating India thermal-power facility from GEM GIPT. Confirm FIRMS-source association before benchmark inclusion.
GEM_GIPT,L100000407604,BCPL Captive power plant,thermal_power,India,Assam,27.469295,94.873359,operating,HIGH,Global Energy Monitor Global Integrated Power Tracker,https://globalenergymonitor.org/projects/global-integrated-power-tracker,NEEDS_REVIEW,Operating India thermal-power facility from GEM GIPT. Confirm FIRMS-source association before benchmark inclusion.
GEM_GIPT,L100000407143,Bhander power station,thermal_power,India,Gujarat,21.114424,72.656204,operating,HIGH,Global Energy Monitor Global Integrated Power Tracker,https://globalenergymonitor.org/projects/global-integrated-power-tracker,NEEDS_REVIEW,Operating India thermal-power facility from GEM GIPT. Confirm FIRMS-source association before benchmark inclusion.
GEM_GIPT,L100000408398,Brahmapuram Diesel power station,thermal_power,India,Kerala,9.997399,76.373166,operating,HIGH,Global Energy Monitor Global Integrated Power Tracker,https://globalenergymonitor.org/projects/global-integrated-power-tracker,NEEDS_REVIEW,Operating India thermal-power facility from GEM GIPT. Confirm FIRMS-source association before benchmark inclusion.
GEM_GIPT,L100000408397,BSES Kerala power station,thermal_power,India,Kerala,10.074502,76.319108,operating,HIGH,Global Energy Monitor Global Integrated Power Tracker,https://globalenergymonitor.org/projects/global-integrated-power-tracker,NEEDS_REVIEW,Operating India thermal-power facility from GEM GIPT. Confirm FIRMS-source association before benchmark inclusion.
GEM_GIPT,L100000401465,Dadri Combined Cycle power plant,thermal_power,India,Uttar Pradesh,28.5932,77.6101,operating,HIGH,Global Energy Monitor Global Integrated Power Tracker,https://globalenergymonitor.org/projects/global-integrated-power-tracker,NEEDS_REVIEW,Operating India thermal-power facility from GEM GIPT. Confirm FIRMS-source association before benchmark inclusion.
GEM_GIPT,L100000407603,Dahej OPAL Captive power plant,thermal_power,India,Gujarat,21.693394,72.623335,operating,HIGH,Global Energy Monitor Global Integrated Power Tracker,https://globalenergymonitor.org/projects/global-integrated-power-tracker,NEEDS_REVIEW,Operating India thermal-power facility from GEM GIPT. Confirm FIRMS-source association before benchmark inclusion.
GEM_GIPT,L100000401483,DGEN Mega Combined Cycle power plant,thermal_power,India,Gujarat,21.6923,72.6215,operating,HIGH,Global Energy Monitor Global Integrated Power Tracker,https://globalenergymonitor.org/projects/global-integrated-power-tracker,NEEDS_REVIEW,Operating India thermal-power facility from GEM GIPT. Confirm FIRMS-source association before benchmark inclusion.
GEM_GIPT,L100000401483,DGEN Mega Combined Cycle power plant,thermal_power,India,Gujarat,21.6923,72.6215,operating,HIGH,Global Energy Monitor Global Integrated Power Tracker,https://globalenergymonitor.org/projects/global-integrated-power-tracker,NEEDS_REVIEW,Operating India thermal-power facility from GEM GIPT. Confirm FIRMS-source association before benchmark inclusion.
GEM_GIPT,L100000401483,DGEN Mega Combined Cycle power plant,thermal_power,India,Gujarat,21.6923,72.6215,operating,HIGH,Global Energy Monitor Global Integrated Power Tracker,https://globalenergymonitor.org/projects/global-integrated-power-tracker,NEEDS_REVIEW,Operating India thermal-power facility from GEM GIPT. Confirm FIRMS-source association before benchmark inclusion.
GEM_GIPT,L100000401461,Dholpur Combined Cycle power plant,thermal_power,India,Rajasthan,26.701839,77.847933,operating,HIGH,Global Energy Monitor Global Integrated Power Tracker,https://globalenergymonitor.org/projects/global-integrated-power-tracker,NEEDS_REVIEW,Operating India thermal-power facility from GEM GIPT. Confirm FIRMS-source association before benchmark inclusion.
GEM_GIPT,L100000401471,Dhuvaran Combined Cycle power plant,thermal_power,India,Gujarat,22.2396,72.752,operating,HIGH,Global Energy Monitor Global Integrated Power Tracker,https://globalenergymonitor.org/projects/global-integrated-power-tracker,NEEDS_REVIEW,Operating India thermal-power facility from GEM GIPT. Confirm FIRMS-source association before benchmark inclusion.
GEM_GIPT,L100000401471,Dhuvaran Combined Cycle power plant,thermal_power,India,Gujarat,22.2396,72.752,operating,HIGH,Global Energy Monitor Global Integrated Power Tracker,https://globalenergymonitor.org/projects/global-integrated-power-tracker,NEEDS_REVIEW,Operating India thermal-power facility from GEM GIPT. Confirm FIRMS-source association before benchmark inclusion.
GEM_GIPT,L100000401471,Dhuvaran Combined Cycle power plant,thermal_power,India,Gujarat,22.2396,72.752,operating,HIGH,Global Energy Monitor Global Integrated Power Tracker,https://globalenergymonitor.org/projects/global-integrated-power-tracker,NEEDS_REVIEW,Operating India thermal-power facility from GEM GIPT. Confirm FIRMS-source association before benchmark inclusion.
GEM_GIPT,L100000401463,Faridabad Combined Cycle power plant,thermal_power,India,Haryana,28.34652,77.359003,operating,HIGH,Global Energy Monitor Global Integrated Power Tracker,https://globalenergymonitor.org/projects/global-integrated-power-tracker,NEEDS_REVIEW,Operating India thermal-power facility from GEM GIPT. Confirm FIRMS-source association before benchmark inclusion.
GEM_GIPT,L100000407602,GACL Dahej Caustic Captive power plant,thermal_power,India,Gujarat,21.70975,72.690402,operating,HIGH,Global Energy Monitor Global Integrated Power Tracker,https://globalenergymonitor.org/projects/global-integrated-power-tracker,NEEDS_REVIEW,Operating India thermal-power facility from GEM GIPT. Confirm FIRMS-source association before benchmark inclusion.
GEM_GIPT,L100000401498,Gautami Combined Cycle power plant,thermal_power,India,Andhra Pradesh,17.0386,82.1286,operating,HIGH,Global Energy Monitor Global Integrated Power Tracker,https://globalenergymonitor.org/projects/global-integrated-power-tracker,NEEDS_REVIEW,Operating India thermal-power facility from GEM GIPT. Confirm FIRMS-source association before benchmark inclusion.
GEM_GIPT,L100000401506,Godavari Combined Cycle power plant,thermal_power,India,Andhra Pradesh,17.0587,82.3097,operating,HIGH,Global Energy Monitor Global Integrated Power Tracker,https://globalenergymonitor.org/projects/global-integrated-power-tracker,NEEDS_REVIEW,Operating India thermal-power facility from GEM GIPT. Confirm FIRMS-source association before benchmark inclusion.
GEM_GIPT,L100000401508,GREL Combined Cycle power plant (Rajahmundry),thermal_power,India,Andhra Pradesh,16.9247,81.8112,operating,HIGH,Global Energy Monitor Global Integrated Power Tracker,https://globalenergymonitor.org/projects/global-integrated-power-tracker,NEEDS_REVIEW,Operating India thermal-power facility from GEM GIPT. Confirm FIRMS-source association before benchmark inclusion.
GEM_GIPT,L100000401508,GREL Combined Cycle power plant (Rajahmundry),thermal_power,India,Andhra Pradesh,16.9247,81.8112,operating,HIGH,Global Energy Monitor Global Integrated Power Tracker,https://globalenergymonitor.org/projects/global-integrated-power-tracker,NEEDS_REVIEW,Operating India thermal-power facility from GEM GIPT. Confirm FIRMS-source association before benchmark inclusion.
GEM_GIPT,L100000408396,Gujarat Cement Works Combined Cycle power station,thermal_power,India,Gujarat,20.910433,71.458493,operating,HIGH,Global Energy Monitor Global Integrated Power Tracker,https://globalenergymonitor.org/projects/global-integrated-power-tracker,NEEDS_REVIEW,Operating India thermal-power facility from GEM GIPT. Confirm FIRMS-source association before benchmark inclusion.
GEM_GIPT,L100000408395,Guru Gobind Singh Refinery power station,thermal_power,India,Punjab,29.924421,74.958902,operating,HIGH,Global Energy Monitor Global Integrated Power Tracker,https://globalenergymonitor.org/projects/global-integrated-power-tracker,NEEDS_REVIEW,Operating India thermal-power facility from GEM GIPT. Confirm FIRMS-source association before benchmark inclusion.
GEM_GIPT,L100000401479,Hazira (Essar) power station,thermal_power,India,Gujarat,21.110391,72.654514,operating,HIGH,Global Energy Monitor Global Integrated Power Tracker,https://globalenergymonitor.org/projects/global-integrated-power-tracker,NEEDS_REVIEW,Operating India thermal-power facility from GEM GIPT. Confirm FIRMS-source association before benchmark inclusion.
GEM_GIPT,L100000401467,Hazira (GSEG) power station,thermal_power,India,Gujarat,21.1652,72.6613,operating,HIGH,Global Energy Monitor Global Integrated Power Tracker,https://globalenergymonitor.org/projects/global-integrated-power-tracker,NEEDS_REVIEW,Operating India thermal-power facility from GEM GIPT. Confirm FIRMS-source association before benchmark inclusion.
GEM_GIPT,L100000401467,Hazira (GSEG) power station,thermal_power,India,Gujarat,21.1652,72.6613,operating,HIGH,Global Energy Monitor Global Integrated Power Tracker,https://globalenergymonitor.org/projects/global-integrated-power-tracker,NEEDS_REVIEW,Operating India thermal-power facility from GEM GIPT. Confirm FIRMS-source association before benchmark inclusion.
GEM_GIPT,L100000407600,Hazira Gas Processing Complex Captive Power station,thermal_power,India,Gujarat,21.16102,72.739369,operating,HIGH,Global Energy Monitor Global Integrated Power Tracker,https://globalenergymonitor.org/projects/global-integrated-power-tracker,NEEDS_REVIEW,Operating India thermal-power facility from GEM GIPT. Confirm FIRMS-source association before benchmark inclusion.
GEM_GIPT,L100000104861,Hazira power station (Reliance),thermal_power,India,Gujarat,21.1592,72.687127,operating,HIGH,Global Energy Monitor Global Integrated Power Tracker,https://globalenergymonitor.org/projects/global-integrated-power-tracker,NEEDS_REVIEW,Operating India thermal-power facility from GEM GIPT. Confirm FIRMS-source association before benchmark inclusion.
GEM_GIPT,L100000408393,HPCL Vizag Refinery power station,thermal_power,India,Andhra Pradesh,17.68858,83.251943,operating,HIGH,Global Energy Monitor Global Integrated Power Tracker,https://globalenergymonitor.org/projects/global-integrated-power-tracker,NEEDS_REVIEW,Operating India thermal-power facility from GEM GIPT. Confirm FIRMS-source association before benchmark inclusion.
GEM_GIPT,L100000408392,HPL Cogeneration power station,thermal_power,India,West Bengal,22.651466,88.086507,operating,HIGH,Global Energy Monitor Global Integrated Power Tracker,https://globalenergymonitor.org/projects/global-integrated-power-tracker,NEEDS_REVIEW,Operating India thermal-power facility from GEM GIPT. Confirm FIRMS-source association before benchmark inclusion.
GEM_GIPT,L100000407726,Indraprastha Gas power station,thermal_power,India,Delhi,28.707077,77.102222,operating,HIGH,Global Energy Monitor Global Integrated Power Tracker,https://globalenergymonitor.org/projects/global-integrated-power-tracker,NEEDS_REVIEW,Operating India thermal-power facility from GEM GIPT. Confirm FIRMS-source association before benchmark inclusion.
GEM_GIPT,L100000407593,IOCL Panipat cogeneration power plant,thermal_power,India,Haryana,29.467309,76.875446,operating,HIGH,Global Energy Monitor Global Integrated Power Tracker,https://globalenergymonitor.org/projects/global-integrated-power-tracker,NEEDS_REVIEW,Operating India thermal-power facility from GEM GIPT. Confirm FIRMS-source association before benchmark inclusion.
GEM_GIPT,L100000407592,IOCL Panipat Naphtha Cracker Captive cogeneration power plant,thermal_power,India,Haryana,29.452388,76.872665,operating,HIGH,Global Energy Monitor Global Integrated Power Tracker,https://globalenergymonitor.org/projects/global-integrated-power-tracker,NEEDS_REVIEW,Operating India thermal-power facility from GEM GIPT. Confirm FIRMS-source association before benchmark inclusion.
GEM_GIPT,L100000401503,Jegurupadu Combined Cycle power plant,thermal_power,India,Andhra Pradesh,16.9312,81.86,operating,HIGH,Global Energy Monitor Global Integrated Power Tracker,https://globalenergymonitor.org/projects/global-integrated-power-tracker,NEEDS_REVIEW,Operating India thermal-power facility from GEM GIPT. Confirm FIRMS-source association before benchmark inclusion.
GEM_GIPT,L100000401503,Jegurupadu Combined Cycle power plant,thermal_power,India,Andhra Pradesh,16.9312,81.86,operating,HIGH,Global Energy Monitor Global Integrated Power Tracker,https://globalenergymonitor.org/projects/global-integrated-power-tracker,NEEDS_REVIEW,Operating India thermal-power facility from GEM GIPT. Confirm FIRMS-source association before benchmark inclusion.
GEM_GIPT,L100000401489,Jhanor Gandhar Combined Cycle power plant,thermal_power,India,Gujarat,21.8242,73.1136,operating,HIGH,Global Energy Monitor Global Integrated Power Tracker,https://globalenergymonitor.org/projects/global-integrated-power-tracker,NEEDS_REVIEW,Operating India thermal-power facility from GEM GIPT. Confirm FIRMS-source association before benchmark inclusion.
GEM_GIPT,L100000401518,Karappur Combined Cycle power plant,thermal_power,India,Tamil Nadu,11.121782,79.527904,operating,HIGH,Global Energy Monitor Global Integrated Power Tracker,https://globalenergymonitor.org/projects/global-integrated-power-tracker,NEEDS_REVIEW,Operating India thermal-power facility from GEM GIPT. Confirm FIRMS-source association before benchmark inclusion.
GEM_GIPT,L100000407144,Kashipur (Gama) power station,thermal_power,India,Uttarakhand,29.141711,78.963497,operating,HIGH,Global Energy Monitor Global Integrated Power Tracker,https://globalenergymonitor.org/projects/global-integrated-power-tracker,NEEDS_REVIEW,Operating India thermal-power facility from GEM GIPT. Confirm FIRMS-source association before benchmark inclusion.
GEM_GIPT,L100000407123,Kashipur Sravanthi power station,thermal_power,India,Uttarakhand,29.154721,78.974029,operating,HIGH,Global Energy Monitor Global Integrated Power Tracker,https://globalenergymonitor.org/projects/global-integrated-power-tracker,NEEDS_REVIEW,Operating India thermal-power facility from GEM GIPT. Confirm FIRMS-source association before benchmark inclusion.
GEM_GIPT,L100000407123,Kashipur Sravanthi power station,thermal_power,India,Uttarakhand,29.154721,78.974029,operating,HIGH,Global Energy Monitor Global Integrated Power Tracker,https://globalenergymonitor.org/projects/global-integrated-power-tracker,NEEDS_REVIEW,Operating India thermal-power facility from GEM GIPT. Confirm FIRMS-source association before benchmark inclusion.
GEM_GIPT,L100000401490,Kawas Combined Cycle power plant,thermal_power,India,Gujarat,21.175,72.6879,operating,HIGH,Global Energy Monitor Global Integrated Power Tracker,https://globalenergymonitor.org/projects/global-integrated-power-tracker,NEEDS_REVIEW,Operating India thermal-power facility from GEM GIPT. Confirm FIRMS-source association before benchmark inclusion.
GEM_GIPT,L100000407598,Kayamkulam Gas power plant,thermal_power,India,Kerala,9.207196,76.434225,operating,HIGH,Global Energy Monitor Global Integrated Power Tracker,https://globalenergymonitor.org/projects/global-integrated-power-tracker,NEEDS_REVIEW,Operating India thermal-power facility from GEM GIPT. Confirm FIRMS-source association before benchmark inclusion.
GEM_GIPT,L100000401501,Konaseema Combined Cycle power plant,thermal_power,India,Andhra Pradesh,16.7346,81.8622,operating,HIGH,Global Energy Monitor Global Integrated Power Tracker,https://globalenergymonitor.org/projects/global-integrated-power-tracker,NEEDS_REVIEW,Operating India thermal-power facility from GEM GIPT. Confirm FIRMS-source association before benchmark inclusion.
GEM_GIPT,L100000401494,Kondapalli Combined Cycle power plant,thermal_power,India,Andhra Pradesh,16.64,80.5504,operating,HIGH,Global Energy Monitor Global Integrated Power Tracker,https://globalenergymonitor.org/projects/global-integrated-power-tracker,NEEDS_REVIEW,Operating India thermal-power facility from GEM GIPT. Confirm FIRMS-source association before benchmark inclusion.
GEM_GIPT,L100000401494,Kondapalli Combined Cycle power plant,thermal_power,India,Andhra Pradesh,16.64,80.5504,operating,HIGH,Global Energy Monitor Global Integrated Power Tracker,https://globalenergymonitor.org/projects/global-integrated-power-tracker,NEEDS_REVIEW,Operating India thermal-power facility from GEM GIPT. Confirm FIRMS-source association before benchmark inclusion.
GEM_GIPT,L100000401494,Kondapalli Combined Cycle power plant,thermal_power,India,Andhra Pradesh,16.64,80.5504,operating,HIGH,Global Energy Monitor Global Integrated Power Tracker,https://globalenergymonitor.org/projects/global-integrated-power-tracker,NEEDS_REVIEW,Operating India thermal-power facility from GEM GIPT. Confirm FIRMS-source association before benchmark inclusion.
GEM_GIPT,L100000401494,Kondapalli Combined Cycle power plant,thermal_power,India,Andhra Pradesh,16.64,80.5504,operating,HIGH,Global Energy Monitor Global Integrated Power Tracker,https://globalenergymonitor.org/projects/global-integrated-power-tracker,NEEDS_REVIEW,Operating India thermal-power facility from GEM GIPT. Confirm FIRMS-source association before benchmark inclusion.
GEM_GIPT,L100000408391,Kozhikode Diesel power station,thermal_power,India,Kerala,11.205247,75.806959,operating,HIGH,Global Energy Monitor Global Integrated Power Tracker,https://globalenergymonitor.org/projects/global-integrated-power-tracker,NEEDS_REVIEW,Operating India thermal-power facility from GEM GIPT. Confirm FIRMS-source association before benchmark inclusion.
GEM_GIPT,L100000401510,Kuttalam Combined Cycle power plant,thermal_power,India,Tamil Nadu,11.076,79.57,operating,HIGH,Global Energy Monitor Global Integrated Power Tracker,https://globalenergymonitor.org/projects/global-integrated-power-tracker,NEEDS_REVIEW,Operating India thermal-power facility from GEM GIPT. Confirm FIRMS-source association before benchmark inclusion.
GEM_GIPT,L100000408390,Lakwa Replacement power station,thermal_power,India,Assam,26.985766,94.93017,operating,HIGH,Global Energy Monitor Global Integrated Power Tracker,https://globalenergymonitor.org/projects/global-integrated-power-tracker,NEEDS_REVIEW,Operating India thermal-power facility from GEM GIPT. Confirm FIRMS-source association before benchmark inclusion.
GEM_GIPT,L100000407596,Manesar Captive power plant,thermal_power,India,Haryana,28.366459,76.890224,operating,HIGH,Global Energy Monitor Global Integrated Power Tracker,https://globalenergymonitor.org/projects/global-integrated-power-tracker,NEEDS_REVIEW,Operating India thermal-power facility from GEM GIPT. Confirm FIRMS-source association before benchmark inclusion.
GEM_GIPT,L100000407597,Mangalore Refinery power plant,thermal_power,India,Karnataka,12.983902,74.844176,operating,HIGH,Global Energy Monitor Global Integrated Power Tracker,https://globalenergymonitor.org/projects/global-integrated-power-tracker,NEEDS_REVIEW,Operating India thermal-power facility from GEM GIPT. Confirm FIRMS-source association before benchmark inclusion.
GEM_GIPT,L100000407597,Mangalore Refinery power plant,thermal_power,India,Karnataka,12.983902,74.844176,operating,HIGH,Global Energy Monitor Global Integrated Power Tracker,https://globalenergymonitor.org/projects/global-integrated-power-tracker,NEEDS_REVIEW,Operating India thermal-power facility from GEM GIPT. Confirm FIRMS-source association before benchmark inclusion.
GEM_GIPT,L100000401488,Mangaon Combined Cycle power plant,thermal_power,India,Maharashtra,18.3879,73.3529,operating,HIGH,Global Energy Monitor Global Integrated Power Tracker,https://globalenergymonitor.org/projects/global-integrated-power-tracker,NEEDS_REVIEW,Operating India thermal-power facility from GEM GIPT. Confirm FIRMS-source association before benchmark inclusion.
GEM_GIPT,L100000407595,Matix Fertilisers Captive power plant,thermal_power,India,West Bengal,23.44414,87.492464,operating,HIGH,Global Energy Monitor Global Integrated Power Tracker,https://globalenergymonitor.org/projects/global-integrated-power-tracker,NEEDS_REVIEW,Operating India thermal-power facility from GEM GIPT. Confirm FIRMS-source association before benchmark inclusion.
GEM_GIPT,L100000401520,Monarchak Combined Cycle power plant,thermal_power,India,Tripura,23.438,91.274,operating,HIGH,Global Energy Monitor Global Integrated Power Tracker,https://globalenergymonitor.org/projects/global-integrated-power-tracker,NEEDS_REVIEW,Operating India thermal-power facility from GEM GIPT. Confirm FIRMS-source association before benchmark inclusion.
GEM_GIPT,L100000401519,Namrup power station,thermal_power,India,Assam,27.1858,95.376,operating,HIGH,Global Energy Monitor Global Integrated Power Tracker,https://globalenergymonitor.org/projects/global-integrated-power-tracker,NEEDS_REVIEW,Operating India thermal-power facility from GEM GIPT. Confirm FIRMS-source association before benchmark inclusion.
GEM_GIPT,L100000401514,P.Nallur Combined Cycle power plant,thermal_power,India,Tamil Nadu,11.0749,79.834,operating,HIGH,Global Energy Monitor Global Integrated Power Tracker,https://globalenergymonitor.org/projects/global-integrated-power-tracker,NEEDS_REVIEW,Operating India thermal-power facility from GEM GIPT. Confirm FIRMS-source association before benchmark inclusion.
GEM_GIPT,L100000401482,Paguthan Combined Cycle power plant,thermal_power,India,Gujarat,21.78,72.979,operating,HIGH,Global Energy Monitor Global Integrated Power Tracker,https://globalenergymonitor.org/projects/global-integrated-power-tracker,NEEDS_REVIEW,Operating India thermal-power facility from GEM GIPT. Confirm FIRMS-source association before benchmark inclusion.
GEM_GIPT,L100000408389,Paradip Refinery Captive power station,thermal_power,India,Odisha,20.250004,86.59751,operating,HIGH,Global Energy Monitor Global Integrated Power Tracker,https://globalenergymonitor.org/projects/global-integrated-power-tracker,NEEDS_REVIEW,Operating India thermal-power facility from GEM GIPT. Confirm FIRMS-source association before benchmark inclusion.
GEM_GIPT,L100000408389,Paradip Refinery Captive power station,thermal_power,India,Odisha,20.250004,86.59751,operating,HIGH,Global Energy Monitor Global Integrated Power Tracker,https://globalenergymonitor.org/projects/global-integrated-power-tracker,NEEDS_REVIEW,Operating India thermal-power facility from GEM GIPT. Confirm FIRMS-source association before benchmark inclusion.
GEM_GIPT,L100000408389,Paradip Refinery Captive power station,thermal_power,India,Odisha,20.250004,86.59751,operating,HIGH,Global Energy Monitor Global Integrated Power Tracker,https://globalenergymonitor.org/projects/global-integrated-power-tracker,NEEDS_REVIEW,Operating India thermal-power facility from GEM GIPT. Confirm FIRMS-source association before benchmark inclusion.
GEM_GIPT,L100000401469,Pipavav Combined Cycle power plant,thermal_power,India,Gujarat,20.8986,71.46926,operating,HIGH,Global Energy Monitor Global Integrated Power Tracker,https://globalenergymonitor.org/projects/global-integrated-power-tracker,NEEDS_REVIEW,Operating India thermal-power facility from GEM GIPT. Confirm FIRMS-source association before benchmark inclusion.
GEM_GIPT,L100000401469,Pipavav Combined Cycle power plant,thermal_power,India,Gujarat,20.8986,71.46926,operating,HIGH,Global Energy Monitor Global Integrated Power Tracker,https://globalenergymonitor.org/projects/global-integrated-power-tracker,NEEDS_REVIEW,Operating India thermal-power facility from GEM GIPT. Confirm FIRMS-source association before benchmark inclusion.
GEM_GIPT,L100000401459,Pragati Combined Cycle Gas Turbine-III power station,thermal_power,India,Delhi,28.79625705,77.07099255,operating,HIGH,Global Energy Monitor Global Integrated Power Tracker,https://globalenergymonitor.org/projects/global-integrated-power-tracker,NEEDS_REVIEW,Operating India thermal-power facility from GEM GIPT. Confirm FIRMS-source association before benchmark inclusion.
GEM_GIPT,L100000401459,Pragati Combined Cycle Gas Turbine-III power station,thermal_power,India,Delhi,28.79625705,77.07099255,operating,HIGH,Global Energy Monitor Global Integrated Power Tracker,https://globalenergymonitor.org/projects/global-integrated-power-tracker,NEEDS_REVIEW,Operating India thermal-power facility from GEM GIPT. Confirm FIRMS-source association before benchmark inclusion.
GEM_GIPT,L100000401458,Pragati Combined Cycle power plant,thermal_power,India,Delhi,28.6146,77.2528,operating,HIGH,Global Energy Monitor Global Integrated Power Tracker,https://globalenergymonitor.org/projects/global-integrated-power-tracker,NEEDS_REVIEW,Operating India thermal-power facility from GEM GIPT. Confirm FIRMS-source association before benchmark inclusion.
GEM_GIPT,L100000401462,Ramgarh Combined Cycle power plant,thermal_power,India,Rajasthan,27.337693,70.525314,operating,HIGH,Global Energy Monitor Global Integrated Power Tracker,https://globalenergymonitor.org/projects/global-integrated-power-tracker,NEEDS_REVIEW,Operating India thermal-power facility from GEM GIPT. Confirm FIRMS-source association before benchmark inclusion.
GEM_GIPT,L100000401491,Ratnagiri Combined Cycle power plant,thermal_power,India,Maharashtra,17.5587,73.16705,operating,HIGH,Global Energy Monitor Global Integrated Power Tracker,https://globalenergymonitor.org/projects/global-integrated-power-tracker,NEEDS_REVIEW,Operating India thermal-power facility from GEM GIPT. Confirm FIRMS-source association before benchmark inclusion.
GEM_GIPT,L100000401491,Ratnagiri Combined Cycle power plant,thermal_power,India,Maharashtra,17.5587,73.16705,operating,HIGH,Global Energy Monitor Global Integrated Power Tracker,https://globalenergymonitor.org/projects/global-integrated-power-tracker,NEEDS_REVIEW,Operating India thermal-power facility from GEM GIPT. Confirm FIRMS-source association before benchmark inclusion.
GEM_GIPT,L100000401491,Ratnagiri Combined Cycle power plant,thermal_power,India,Maharashtra,17.5587,73.16705,operating,HIGH,Global Energy Monitor Global Integrated Power Tracker,https://globalenergymonitor.org/projects/global-integrated-power-tracker,NEEDS_REVIEW,Operating India thermal-power facility from GEM GIPT. Confirm FIRMS-source association before benchmark inclusion.
GEM_GIPT,L100000407590,Rithala Gas power plant,thermal_power,India,Delhi,28.7327,77.1016,operating,HIGH,Global Energy Monitor Global Integrated Power Tracker,https://globalenergymonitor.org/projects/global-integrated-power-tracker,NEEDS_REVIEW,Operating India thermal-power facility from GEM GIPT. Confirm FIRMS-source association before benchmark inclusion.
GEM_GIPT,L100000407589,Sai Regency Power power plant,thermal_power,India,Tamil Nadu,9.362703,78.893266,operating,HIGH,Global Energy Monitor Global Integrated Power Tracker,https://globalenergymonitor.org/projects/global-integrated-power-tracker,NEEDS_REVIEW,Operating India thermal-power facility from GEM GIPT. Confirm FIRMS-source association before benchmark inclusion.
GEM_GIPT,L100000401502,Samalkot Combined Cycle power plant,thermal_power,India,Andhra Pradesh,17.0853,82.1283,operating,HIGH,Global Energy Monitor Global Integrated Power Tracker,https://globalenergymonitor.org/projects/global-integrated-power-tracker,NEEDS_REVIEW,Operating India thermal-power facility from GEM GIPT. Confirm FIRMS-source association before benchmark inclusion.
GEM_GIPT,L100000401475,Sugen Combined Cycle power plant,thermal_power,India,Gujarat,21.3395,72.9889,operating,HIGH,Global Energy Monitor Global Integrated Power Tracker,https://globalenergymonitor.org/projects/global-integrated-power-tracker,NEEDS_REVIEW,Operating India thermal-power facility from GEM GIPT. Confirm FIRMS-source association before benchmark inclusion.
GEM_GIPT,L100000401475,Sugen Combined Cycle power plant,thermal_power,India,Gujarat,21.3395,72.9889,operating,HIGH,Global Energy Monitor Global Integrated Power Tracker,https://globalenergymonitor.org/projects/global-integrated-power-tracker,NEEDS_REVIEW,Operating India thermal-power facility from GEM GIPT. Confirm FIRMS-source association before benchmark inclusion.
GEM_GIPT,L100000401475,Sugen Combined Cycle power plant,thermal_power,India,Gujarat,21.3395,72.9889,operating,HIGH,Global Energy Monitor Global Integrated Power Tracker,https://globalenergymonitor.org/projects/global-integrated-power-tracker,NEEDS_REVIEW,Operating India thermal-power facility from GEM GIPT. Confirm FIRMS-source association before benchmark inclusion.
GEM_GIPT,L100000401511,Thirumakotai Combined Cycle power plant,thermal_power,India,Tamil Nadu,10.5415,79.4507,operating,HIGH,Global Energy Monitor Global Integrated Power Tracker,https://globalenergymonitor.org/projects/global-integrated-power-tracker,NEEDS_REVIEW,Operating India thermal-power facility from GEM GIPT. Confirm FIRMS-source association before benchmark inclusion.
GEM_GIPT,L100000401521,Tripura Combined Cycle power plant,thermal_power,India,Tripura,23.4987,91.4385,operating,HIGH,Global Energy Monitor Global Integrated Power Tracker,https://globalenergymonitor.org/projects/global-integrated-power-tracker,NEEDS_REVIEW,Operating India thermal-power facility from GEM GIPT. Confirm FIRMS-source association before benchmark inclusion.
GEM_GIPT,L100000401521,Tripura Combined Cycle power plant,thermal_power,India,Tripura,23.4987,91.4385,operating,HIGH,Global Energy Monitor Global Integrated Power Tracker,https://globalenergymonitor.org/projects/global-integrated-power-tracker,NEEDS_REVIEW,Operating India thermal-power facility from GEM GIPT. Confirm FIRMS-source association before benchmark inclusion.
GEM_GIPT,L100000401487,Trombay Combined Cycle power plant,thermal_power,India,Maharashtra,19.0018,72.8967,operating,HIGH,Global Energy Monitor Global Integrated Power Tracker,https://globalenergymonitor.org/projects/global-integrated-power-tracker,NEEDS_REVIEW,Operating India thermal-power facility from GEM GIPT. Confirm FIRMS-source association before benchmark inclusion.
GEM_GIPT,L100000401478,Unosugen Combined Cycle power plant,thermal_power,India,Gujarat,21.3413,72.989,operating,HIGH,Global Energy Monitor Global Integrated Power Tracker,https://globalenergymonitor.org/projects/global-integrated-power-tracker,NEEDS_REVIEW,Operating India thermal-power facility from GEM GIPT. Confirm FIRMS-source association before benchmark inclusion.
GEM_GIPT,L100000401486,Uran Combined Cycle power plant,thermal_power,India,Maharashtra,18.88,72.9715,operating,HIGH,Global Energy Monitor Global Integrated Power Tracker,https://globalenergymonitor.org/projects/global-integrated-power-tracker,NEEDS_REVIEW,Operating India thermal-power facility from GEM GIPT. Confirm FIRMS-source association before benchmark inclusion.
GEM_GIPT,L100000401474,Utran Combined Cycle power plant,thermal_power,India,Gujarat,21.2285,72.8705,operating,HIGH,Global Energy Monitor Global Integrated Power Tracker,https://globalenergymonitor.org/projects/global-integrated-power-tracker,NEEDS_REVIEW,Operating India thermal-power facility from GEM GIPT. Confirm FIRMS-source association before benchmark inclusion.
GEM_GIPT,L100000407146,Vadinar P1 power station,thermal_power,India,Gujarat,22.324327,69.737699,operating,HIGH,Global Energy Monitor Global Integrated Power Tracker,https://globalenergymonitor.org/projects/global-integrated-power-tracker,NEEDS_REVIEW,Operating India thermal-power facility from GEM GIPT. Confirm FIRMS-source association before benchmark inclusion.
GEM_GIPT,L100000401480,Vadodara Combined Cycle power plant,thermal_power,India,Gujarat,22.375805,73.099511,operating,HIGH,Global Energy Monitor Global Integrated Power Tracker,https://globalenergymonitor.org/projects/global-integrated-power-tracker,NEEDS_REVIEW,Operating India thermal-power facility from GEM GIPT. Confirm FIRMS-source association before benchmark inclusion.
GEM_GIPT,L100000401480,Vadodara Combined Cycle power plant,thermal_power,India,Gujarat,22.375805,73.099511,operating,HIGH,Global Energy Monitor Global Integrated Power Tracker,https://globalenergymonitor.org/projects/global-integrated-power-tracker,NEEDS_REVIEW,Operating India thermal-power facility from GEM GIPT. Confirm FIRMS-source association before benchmark inclusion.
GEM_GIPT,L100000401512,Valuthur Combined Cycle power plant,thermal_power,India,Tamil Nadu,9.34836,78.9235,operating,HIGH,Global Energy Monitor Global Integrated Power Tracker,https://globalenergymonitor.org/projects/global-integrated-power-tracker,NEEDS_REVIEW,Operating India thermal-power facility from GEM GIPT. Confirm FIRMS-source association before benchmark inclusion.
GEM_GIPT,L100000401512,Valuthur Combined Cycle power plant,thermal_power,India,Tamil Nadu,9.34836,78.9235,operating,HIGH,Global Energy Monitor Global Integrated Power Tracker,https://globalenergymonitor.org/projects/global-integrated-power-tracker,NEEDS_REVIEW,Operating India thermal-power facility from GEM GIPT. Confirm FIRMS-source association before benchmark inclusion.
GEM_GIPT,L100000401505,Vemagiri Combined Cycle power plant,thermal_power,India,Andhra Pradesh,16.9238,81.8141,operating,HIGH,Global Energy Monitor Global Integrated Power Tracker,https://globalenergymonitor.org/projects/global-integrated-power-tracker,NEEDS_REVIEW,Operating India thermal-power facility from GEM GIPT. Confirm FIRMS-source association before benchmark inclusion.
GEM_GIPT,L100000401499,Vijjeswaram Combined Cycle power plant,thermal_power,India,Andhra Pradesh,16.9335,81.7243,operating,HIGH,Global Energy Monitor Global Integrated Power Tracker,https://globalenergymonitor.org/projects/global-integrated-power-tracker,NEEDS_REVIEW,Operating India thermal-power facility from GEM GIPT. Confirm FIRMS-source association before benchmark inclusion.
GEM_GIPT,L100000401499,Vijjeswaram Combined Cycle power plant,thermal_power,India,Andhra Pradesh,16.9335,81.7243,operating,HIGH,Global Energy Monitor Global Integrated Power Tracker,https://globalenergymonitor.org/projects/global-integrated-power-tracker,NEEDS_REVIEW,Operating India thermal-power facility from GEM GIPT. Confirm FIRMS-source association before benchmark inclusion.
GEM_GIPT,L100000102082,Vizag Steel Plant power station,thermal_power,India,Andhra Pradesh,17.606547,83.196713,operating,HIGH,Global Energy Monitor Global Integrated Power Tracker,https://globalenergymonitor.org/projects/global-integrated-power-tracker,NEEDS_REVIEW,Operating India thermal-power facility from GEM GIPT. Confirm FIRMS-source association before benchmark inclusion.
GEM_GIPT,L100000407120,Yelahanka Raichur power station,thermal_power,India,Karnataka,13.117556,77.581875,operating,HIGH,Global Energy Monitor Global Integrated Power Tracker,https://globalenergymonitor.org/projects/global-integrated-power-tracker,NEEDS_REVIEW,Operating India thermal-power facility from GEM GIPT. Confirm FIRMS-source association before benchmark inclusion.
GEM_GIPT,L100000102243,Adani Godda power station,thermal_power,India,Jharkhand,24.814107,87.135465,operating,HIGH,Global Energy Monitor Global Integrated Power Tracker,https://globalenergymonitor.org/projects/global-integrated-power-tracker,NEEDS_REVIEW,Operating India thermal-power facility from GEM GIPT. Confirm FIRMS-source association before benchmark inclusion.
GEM_GIPT,L100000102243,Adani Godda power station,thermal_power,India,Jharkhand,24.814107,87.135465,operating,HIGH,Global Energy Monitor Global Integrated Power Tracker,https://globalenergymonitor.org/projects/global-integrated-power-tracker,NEEDS_REVIEW,Operating India thermal-power facility from GEM GIPT. Confirm FIRMS-source association before benchmark inclusion.
GEM_GIPT,L100000102121,Adani Raigarh Thermal Power Plant,thermal_power,India,Chhattisgarh,21.743775,83.274093,operating,HIGH,Global Energy Monitor Global Integrated Power Tracker,https://globalenergymonitor.org/projects/global-integrated-power-tracker,NEEDS_REVIEW,Operating India thermal-power facility from GEM GIPT. Confirm FIRMS-source association before benchmark inclusion.
GEM_GIPT,L100000102441,Aditya Aluminium power station,thermal_power,India,Odisha,21.740068,84.060592,operating,HIGH,Global Energy Monitor Global Integrated Power Tracker,https://globalenergymonitor.org/projects/global-integrated-power-tracker,NEEDS_REVIEW,Operating India thermal-power facility from GEM GIPT. Confirm FIRMS-source association before benchmark inclusion.
GEM_GIPT,L100000102441,Aditya Aluminium power station,thermal_power,India,Odisha,21.740068,84.060592,operating,HIGH,Global Energy Monitor Global Integrated Power Tracker,https://globalenergymonitor.org/projects/global-integrated-power-tracker,NEEDS_REVIEW,Operating India thermal-power facility from GEM GIPT. Confirm FIRMS-source association before benchmark inclusion.
GEM_GIPT,L100000102441,Aditya Aluminium power station,thermal_power,India,Odisha,21.740068,84.060592,operating,HIGH,Global Energy Monitor Global Integrated Power Tracker,https://globalenergymonitor.org/projects/global-integrated-power-tracker,NEEDS_REVIEW,Operating India thermal-power facility from GEM GIPT. Confirm FIRMS-source association before benchmark inclusion.
GEM_GIPT,L100000102441,Aditya Aluminium power station,thermal_power,India,Odisha,21.740068,84.060592,operating,HIGH,Global Energy Monitor Global Integrated Power Tracker,https://globalenergymonitor.org/projects/global-integrated-power-tracker,NEEDS_REVIEW,Operating India thermal-power facility from GEM GIPT. Confirm FIRMS-source association before benchmark inclusion.
GEM_GIPT,L100000102441,Aditya Aluminium power station,thermal_power,India,Odisha,21.740068,84.060592,operating,HIGH,Global Energy Monitor Global Integrated Power Tracker,https://globalenergymonitor.org/projects/global-integrated-power-tracker,NEEDS_REVIEW,Operating India thermal-power facility from GEM GIPT. Confirm FIRMS-source association before benchmark inclusion.
GEM_GIPT,L100000102441,Aditya Aluminium power station,thermal_power,India,Odisha,21.740068,84.060592,operating,HIGH,Global Energy Monitor Global Integrated Power Tracker,https://globalenergymonitor.org/projects/global-integrated-power-tracker,NEEDS_REVIEW,Operating India thermal-power facility from GEM GIPT. Confirm FIRMS-source association before benchmark inclusion.
GEM_GIPT,L100000102519,Ajmer power station,thermal_power,India,Rajasthan,26.073889,74.385,operating,HIGH,Global Energy Monitor Global Integrated Power Tracker,https://globalenergymonitor.org/projects/global-integrated-power-tracker,NEEDS_REVIEW,Operating India thermal-power facility from GEM GIPT. Confirm FIRMS-source association before benchmark inclusion.
GEM_GIPT,L100000102519,Ajmer power station,thermal_power,India,Rajasthan,26.073889,74.385,operating,HIGH,Global Energy Monitor Global Integrated Power Tracker,https://globalenergymonitor.org/projects/global-integrated-power-tracker,NEEDS_REVIEW,Operating India thermal-power facility from GEM GIPT. Confirm FIRMS-source association before benchmark inclusion.
GEM_GIPT,L100000102193,Akrimota Power Project,thermal_power,India,Gujarat,23.7724998,68.6455556,operating,HIGH,Global Energy Monitor Global Integrated Power Tracker,https://globalenergymonitor.org/projects/global-integrated-power-tracker,NEEDS_REVIEW,Operating India thermal-power facility from GEM GIPT. Confirm FIRMS-source association before benchmark inclusion.
GEM_GIPT,L100000102193,Akrimota Power Project,thermal_power,India,Gujarat,23.7724998,68.6455556,operating,HIGH,Global Energy Monitor Global Integrated Power Tracker,https://globalenergymonitor.org/projects/global-integrated-power-tracker,NEEDS_REVIEW,Operating India thermal-power facility from GEM GIPT. Confirm FIRMS-source association before benchmark inclusion.
GEM_GIPT,L100000105017,Ambuja Cements Limited power station,thermal_power,India,Chhattisgarh,21.67005,82.08339,operating,HIGH,Global Energy Monitor Global Integrated Power Tracker,https://globalenergymonitor.org/projects/global-integrated-power-tracker,NEEDS_REVIEW,Operating India thermal-power facility from GEM GIPT. Confirm FIRMS-source association before benchmark inclusion.
GEM_GIPT,L100000102194,Ambujanagar Cement Plant power station,thermal_power,India,Gujarat,20.835455,70.69554,operating,HIGH,Global Energy Monitor Global Integrated Power Tracker,https://globalenergymonitor.org/projects/global-integrated-power-tracker,NEEDS_REVIEW,Operating India thermal-power facility from GEM GIPT. Confirm FIRMS-source association before benchmark inclusion.
GEM_GIPT,L100000102194,Ambujanagar Cement Plant power station,thermal_power,India,Gujarat,20.835455,70.69554,operating,HIGH,Global Energy Monitor Global Integrated Power Tracker,https://globalenergymonitor.org/projects/global-integrated-power-tracker,NEEDS_REVIEW,Operating India thermal-power facility from GEM GIPT. Confirm FIRMS-source association before benchmark inclusion.
GEM_GIPT,L100000102194,Ambujanagar Cement Plant power station,thermal_power,India,Gujarat,20.835455,70.69554,operating,HIGH,Global Energy Monitor Global Integrated Power Tracker,https://globalenergymonitor.org/projects/global-integrated-power-tracker,NEEDS_REVIEW,Operating India thermal-power facility from GEM GIPT. Confirm FIRMS-source association before benchmark inclusion.
GEM_GIPT,L100000102375,Amravati Thermal Power Project,thermal_power,India,Maharashtra,21.080316,77.901242,operating,HIGH,Global Energy Monitor Global Integrated Power Tracker,https://globalenergymonitor.org/projects/global-integrated-power-tracker,NEEDS_REVIEW,Operating India thermal-power facility from GEM GIPT. Confirm FIRMS-source association before benchmark inclusion.
GEM_GIPT,L100000102375,Amravati Thermal Power Project,thermal_power,India,Maharashtra,21.080316,77.901242,operating,HIGH,Global Energy Monitor Global Integrated Power Tracker,https://globalenergymonitor.org/projects/global-integrated-power-tracker,NEEDS_REVIEW,Operating India thermal-power facility from GEM GIPT. Confirm FIRMS-source association before benchmark inclusion.
GEM_GIPT,L100000102375,Amravati Thermal Power Project,thermal_power,India,Maharashtra,21.080316,77.901242,operating,HIGH,Global Energy Monitor Global Integrated Power Tracker,https://globalenergymonitor.org/projects/global-integrated-power-tracker,NEEDS_REVIEW,Operating India thermal-power facility from GEM GIPT. Confirm FIRMS-source association before benchmark inclusion.
GEM_GIPT,L100000102375,Amravati Thermal Power Project,thermal_power,India,Maharashtra,21.080316,77.901242,operating,HIGH,Global Energy Monitor Global Integrated Power Tracker,https://globalenergymonitor.org/projects/global-integrated-power-tracker,NEEDS_REVIEW,Operating India thermal-power facility from GEM GIPT. Confirm FIRMS-source association before benchmark inclusion.
GEM_GIPT,L100000102375,Amravati Thermal Power Project,thermal_power,India,Maharashtra,21.080316,77.901242,operating,HIGH,Global Energy Monitor Global Integrated Power Tracker,https://globalenergymonitor.org/projects/global-integrated-power-tracker,NEEDS_REVIEW,Operating India thermal-power facility from GEM GIPT. Confirm FIRMS-source association before benchmark inclusion.
GEM_GIPT,L100000102442,Angul power station,thermal_power,India,Odisha,21.127044,84.980552,operating,HIGH,Global Energy Monitor Global Integrated Power Tracker,https://globalenergymonitor.org/projects/global-integrated-power-tracker,NEEDS_REVIEW,Operating India thermal-power facility from GEM GIPT. Confirm FIRMS-source association before benchmark inclusion.
GEM_GIPT,L100000102442,Angul power station,thermal_power,India,Odisha,21.127044,84.980552,operating,HIGH,Global Energy Monitor Global Integrated Power Tracker,https://globalenergymonitor.org/projects/global-integrated-power-tracker,NEEDS_REVIEW,Operating India thermal-power facility from GEM GIPT. Confirm FIRMS-source association before benchmark inclusion.
GEM_GIPT,L100000102443,Angul Smelter power station,thermal_power,India,Odisha,20.8490264,85.1902199,operating,HIGH,Global Energy Monitor Global Integrated Power Tracker,https://globalenergymonitor.org/projects/global-integrated-power-tracker,NEEDS_REVIEW,Operating India thermal-power facility from GEM GIPT. Confirm FIRMS-source association before benchmark inclusion.
GEM_GIPT,L100000102443,Angul Smelter power station,thermal_power,India,Odisha,20.8490264,85.1902199,operating,HIGH,Global Energy Monitor Global Integrated Power Tracker,https://globalenergymonitor.org/projects/global-integrated-power-tracker,NEEDS_REVIEW,Operating India thermal-power facility from GEM GIPT. Confirm FIRMS-source association before benchmark inclusion.
GEM_GIPT,L100000102443,Angul Smelter power station,thermal_power,India,Odisha,20.8490264,85.1902199,operating,HIGH,Global Energy Monitor Global Integrated Power Tracker,https://globalenergymonitor.org/projects/global-integrated-power-tracker,NEEDS_REVIEW,Operating India thermal-power facility from GEM GIPT. Confirm FIRMS-source association before benchmark inclusion.
GEM_GIPT,L100000102443,Angul Smelter power station,thermal_power,India,Odisha,20.8490264,85.1902199,operating,HIGH,Global Energy Monitor Global Integrated Power Tracker,https://globalenergymonitor.org/projects/global-integrated-power-tracker,NEEDS_REVIEW,Operating India thermal-power facility from GEM GIPT. Confirm FIRMS-source association before benchmark inclusion.
GEM_GIPT,L100000102443,Angul Smelter power station,thermal_power,India,Odisha,20.8490264,85.1902199,operating,HIGH,Global Energy Monitor Global Integrated Power Tracker,https://globalenergymonitor.org/projects/global-integrated-power-tracker,NEEDS_REVIEW,Operating India thermal-power facility from GEM GIPT. Confirm FIRMS-source association before benchmark inclusion.
GEM_GIPT,L100000102443,Angul Smelter power station,thermal_power,India,Odisha,20.8490264,85.1902199,operating,HIGH,Global Energy Monitor Global Integrated Power Tracker,https://globalenergymonitor.org/projects/global-integrated-power-tracker,NEEDS_REVIEW,Operating India thermal-power facility from GEM GIPT. Confirm FIRMS-source association before benchmark inclusion.
GEM_GIPT,L100000102443,Angul Smelter power station,thermal_power,India,Odisha,20.8490264,85.1902199,operating,HIGH,Global Energy Monitor Global Integrated Power Tracker,https://globalenergymonitor.org/projects/global-integrated-power-tracker,NEEDS_REVIEW,Operating India thermal-power facility from GEM GIPT. Confirm FIRMS-source association before benchmark inclusion.
GEM_GIPT,L100000102443,Angul Smelter power station,thermal_power,India,Odisha,20.8490264,85.1902199,operating,HIGH,Global Energy Monitor Global Integrated Power Tracker,https://globalenergymonitor.org/projects/global-integrated-power-tracker,NEEDS_REVIEW,Operating India thermal-power facility from GEM GIPT. Confirm FIRMS-source association before benchmark inclusion.
GEM_GIPT,L100000102443,Angul Smelter power station,thermal_power,India,Odisha,20.8490264,85.1902199,operating,HIGH,Global Energy Monitor Global Integrated Power Tracker,https://globalenergymonitor.org/projects/global-integrated-power-tracker,NEEDS_REVIEW,Operating India thermal-power facility from GEM GIPT. Confirm FIRMS-source association before benchmark inclusion.
GEM_GIPT,L100000102443,Angul Smelter power station,thermal_power,India,Odisha,20.8490264,85.1902199,operating,HIGH,Global Energy Monitor Global Integrated Power Tracker,https://globalenergymonitor.org/projects/global-integrated-power-tracker,NEEDS_REVIEW,Operating India thermal-power facility from GEM GIPT. Confirm FIRMS-source association before benchmark inclusion.
GEM_GIPT,L100000102444,Angul Steel power station,thermal_power,India,Odisha,20.892474,84.99039,operating,HIGH,Global Energy Monitor Global Integrated Power Tracker,https://globalenergymonitor.org/projects/global-integrated-power-tracker,NEEDS_REVIEW,Operating India thermal-power facility from GEM GIPT. Confirm FIRMS-source association before benchmark inclusion.
GEM_GIPT,L100000102444,Angul Steel power station,thermal_power,India,Odisha,20.892474,84.99039,operating,HIGH,Global Energy Monitor Global Integrated Power Tracker,https://globalenergymonitor.org/projects/global-integrated-power-tracker,NEEDS_REVIEW,Operating India thermal-power facility from GEM GIPT. Confirm FIRMS-source association before benchmark inclusion.
GEM_GIPT,L100000102444,Angul Steel power station,thermal_power,India,Odisha,20.892474,84.99039,operating,HIGH,Global Energy Monitor Global Integrated Power Tracker,https://globalenergymonitor.org/projects/global-integrated-power-tracker,NEEDS_REVIEW,Operating India thermal-power facility from GEM GIPT. Confirm FIRMS-source association before benchmark inclusion.
GEM_GIPT,L100000102444,Angul Steel power station,thermal_power,India,Odisha,20.892474,84.99039,operating,HIGH,Global Energy Monitor Global Integrated Power Tracker,https://globalenergymonitor.org/projects/global-integrated-power-tracker,NEEDS_REVIEW,Operating India thermal-power facility from GEM GIPT. Confirm FIRMS-source association before benchmark inclusion.
GEM_GIPT,L100000102444,Angul Steel power station,thermal_power,India,Odisha,20.892474,84.99039,operating,HIGH,Global Energy Monitor Global Integrated Power Tracker,https://globalenergymonitor.org/projects/global-integrated-power-tracker,NEEDS_REVIEW,Operating India thermal-power facility from GEM GIPT. Confirm FIRMS-source association before benchmark inclusion.
GEM_GIPT,L100000102444,Angul Steel power station,thermal_power,India,Odisha,20.892474,84.99039,operating,HIGH,Global Energy Monitor Global Integrated Power Tracker,https://globalenergymonitor.org/projects/global-integrated-power-tracker,NEEDS_REVIEW,Operating India thermal-power facility from GEM GIPT. Confirm FIRMS-source association before benchmark inclusion.
GEM_GIPT,L100000102610,Anpara power station,thermal_power,India,Uttar Pradesh,24.202043,82.789128,operating,HIGH,Global Energy Monitor Global Integrated Power Tracker,https://globalenergymonitor.org/projects/global-integrated-power-tracker,NEEDS_REVIEW,Operating India thermal-power facility from GEM GIPT. Confirm FIRMS-source association before benchmark inclusion.
GEM_GIPT,L100000102610,Anpara power station,thermal_power,India,Uttar Pradesh,24.202043,82.789128,operating,HIGH,Global Energy Monitor Global Integrated Power Tracker,https://globalenergymonitor.org/projects/global-integrated-power-tracker,NEEDS_REVIEW,Operating India thermal-power facility from GEM GIPT. Confirm FIRMS-source association before benchmark inclusion.
GEM_GIPT,L100000102610,Anpara power station,thermal_power,India,Uttar Pradesh,24.202043,82.789128,operating,HIGH,Global Energy Monitor Global Integrated Power Tracker,https://globalenergymonitor.org/projects/global-integrated-power-tracker,NEEDS_REVIEW,Operating India thermal-power facility from GEM GIPT. Confirm FIRMS-source association before benchmark inclusion.
GEM_GIPT,L100000102610,Anpara power station,thermal_power,India,Uttar Pradesh,24.202043,82.789128,operating,HIGH,Global Energy Monitor Global Integrated Power Tracker,https://globalenergymonitor.org/projects/global-integrated-power-tracker,NEEDS_REVIEW,Operating India thermal-power facility from GEM GIPT. Confirm FIRMS-source association before benchmark inclusion.
GEM_GIPT,L100000102610,Anpara power station,thermal_power,India,Uttar Pradesh,24.202043,82.789128,operating,HIGH,Global Energy Monitor Global Integrated Power Tracker,https://globalenergymonitor.org/projects/global-integrated-power-tracker,NEEDS_REVIEW,Operating India thermal-power facility from GEM GIPT. Confirm FIRMS-source association before benchmark inclusion.
GEM_GIPT,L100000102611,Anpara-C power station,thermal_power,India,Uttar Pradesh,24.203788,82.79733,operating,HIGH,Global Energy Monitor Global Integrated Power Tracker,https://globalenergymonitor.org/projects/global-integrated-power-tracker,NEEDS_REVIEW,Operating India thermal-power facility from GEM GIPT. Confirm FIRMS-source association before benchmark inclusion.
GEM_GIPT,L100000102611,Anpara-C power station,thermal_power,India,Uttar Pradesh,24.203788,82.79733,operating,HIGH,Global Energy Monitor Global Integrated Power Tracker,https://globalenergymonitor.org/projects/global-integrated-power-tracker,NEEDS_REVIEW,Operating India thermal-power facility from GEM GIPT. Confirm FIRMS-source association before benchmark inclusion.
GEM_GIPT,L100000102612,Anpara-D power station,thermal_power,India,Uttar Pradesh,24.196262,82.806342,operating,HIGH,Global Energy Monitor Global Integrated Power Tracker,https://globalenergymonitor.org/projects/global-integrated-power-tracker,NEEDS_REVIEW,Operating India thermal-power facility from GEM GIPT. Confirm FIRMS-source association before benchmark inclusion.
GEM_GIPT,L100000102612,Anpara-D power station,thermal_power,India,Uttar Pradesh,24.196262,82.806342,operating,HIGH,Global Energy Monitor Global Integrated Power Tracker,https://globalenergymonitor.org/projects/global-integrated-power-tracker,NEEDS_REVIEW,Operating India thermal-power facility from GEM GIPT. Confirm FIRMS-source association before benchmark inclusion.
GEM_GIPT,L100000102318,Anuppur Thermal Power Project (MB Power),thermal_power,India,Madhya Pradesh,23.073731,81.784286,operating,HIGH,Global Energy Monitor Global Integrated Power Tracker,https://globalenergymonitor.org/projects/global-integrated-power-tracker,NEEDS_REVIEW,Operating India thermal-power facility from GEM GIPT. Confirm FIRMS-source association before benchmark inclusion.
GEM_GIPT,L100000102318,Anuppur Thermal Power Project (MB Power),thermal_power,India,Madhya Pradesh,23.073731,81.784286,operating,HIGH,Global Energy Monitor Global Integrated Power Tracker,https://globalenergymonitor.org/projects/global-integrated-power-tracker,NEEDS_REVIEW,Operating India thermal-power facility from GEM GIPT. Confirm FIRMS-source association before benchmark inclusion.
GEM_GIPT,L100000102123,Arasmeta Cement Plant power station,thermal_power,India,Chhattisgarh,21.9622663,82.3544027,operating,HIGH,Global Energy Monitor Global Integrated Power Tracker,https://globalenergymonitor.org/projects/global-integrated-power-tracker,NEEDS_REVIEW,Operating India thermal-power facility from GEM GIPT. Confirm FIRMS-source association before benchmark inclusion.
GEM_GIPT,L100000102123,Arasmeta Cement Plant power station,thermal_power,India,Chhattisgarh,21.9622663,82.3544027,operating,HIGH,Global Energy Monitor Global Integrated Power Tracker,https://globalenergymonitor.org/projects/global-integrated-power-tracker,NEEDS_REVIEW,Operating India thermal-power facility from GEM GIPT. Confirm FIRMS-source association before benchmark inclusion.
GEM_GIPT,L100000102537,ARS Metals Gummidipoondi captive power station,thermal_power,India,Tamil Nadu,13.423889,80.066111,operating,HIGH,Global Energy Monitor Global Integrated Power Tracker,https://globalenergymonitor.org/projects/global-integrated-power-tracker,NEEDS_REVIEW,Operating India thermal-power facility from GEM GIPT. Confirm FIRMS-source association before benchmark inclusion.
GEM_GIPT,L100000102659,Asansol Crescent power station,thermal_power,India,West Bengal,23.7845702,87.0472446,operating,HIGH,Global Energy Monitor Global Integrated Power Tracker,https://globalenergymonitor.org/projects/global-integrated-power-tracker,NEEDS_REVIEW,Operating India thermal-power facility from GEM GIPT. Confirm FIRMS-source association before benchmark inclusion.
GEM_GIPT,L100000102124,Athena Chhattisgarh power station,thermal_power,India,Chhattisgarh,21.906765,83.129001,operating,HIGH,Global Energy Monitor Global Integrated Power Tracker,https://globalenergymonitor.org/projects/global-integrated-power-tracker,NEEDS_REVIEW,Operating India thermal-power facility from GEM GIPT. Confirm FIRMS-source association before benchmark inclusion.
GEM_GIPT,L100000104755,Atul power station,thermal_power,India,Gujarat,20.537058,72.933282,operating,HIGH,Global Energy Monitor Global Integrated Power Tracker,https://globalenergymonitor.org/projects/global-integrated-power-tracker,NEEDS_REVIEW,Operating India thermal-power facility from GEM GIPT. Confirm FIRMS-source association before benchmark inclusion.
GEM_GIPT,L100000104755,Atul power station,thermal_power,India,Gujarat,20.537058,72.933282,operating,HIGH,Global Energy Monitor Global Integrated Power Tracker,https://globalenergymonitor.org/projects/global-integrated-power-tracker,NEEDS_REVIEW,Operating India thermal-power facility from GEM GIPT. Confirm FIRMS-source association before benchmark inclusion.
GEM_GIPT,L100000102661,Bakreswar Thermal Power Station,thermal_power,India,West Bengal,23.8292205,87.451034,operating,HIGH,Global Energy Monitor Global Integrated Power Tracker,https://globalenergymonitor.org/projects/global-integrated-power-tracker,NEEDS_REVIEW,Operating India thermal-power facility from GEM GIPT. Confirm FIRMS-source association before benchmark inclusion.
GEM_GIPT,L100000102661,Bakreswar Thermal Power Station,thermal_power,India,West Bengal,23.8292205,87.451034,operating,HIGH,Global Energy Monitor Global Integrated Power Tracker,https://globalenergymonitor.org/projects/global-integrated-power-tracker,NEEDS_REVIEW,Operating India thermal-power facility from GEM GIPT. Confirm FIRMS-source association before benchmark inclusion.
GEM_GIPT,L100000102661,Bakreswar Thermal Power Station,thermal_power,India,West Bengal,23.8292205,87.451034,operating,HIGH,Global Energy Monitor Global Integrated Power Tracker,https://globalenergymonitor.org/projects/global-integrated-power-tracker,NEEDS_REVIEW,Operating India thermal-power facility from GEM GIPT. Confirm FIRMS-source association before benchmark inclusion.
GEM_GIPT,L100000102661,Bakreswar Thermal Power Station,thermal_power,India,West Bengal,23.8292205,87.451034,operating,HIGH,Global Energy Monitor Global Integrated Power Tracker,https://globalenergymonitor.org/projects/global-integrated-power-tracker,NEEDS_REVIEW,Operating India thermal-power facility from GEM GIPT. Confirm FIRMS-source association before benchmark inclusion.
GEM_GIPT,L100000102661,Bakreswar Thermal Power Station,thermal_power,India,West Bengal,23.8292205,87.451034,operating,HIGH,Global Energy Monitor Global Integrated Power Tracker,https://globalenergymonitor.org/projects/global-integrated-power-tracker,NEEDS_REVIEW,Operating India thermal-power facility from GEM GIPT. Confirm FIRMS-source association before benchmark inclusion.
GEM_GIPT,L100000102032,Balaji Cement power station,thermal_power,India,Andhra Pradesh,16.8704884,80.0220166,operating,HIGH,Global Energy Monitor Global Integrated Power Tracker,https://globalenergymonitor.org/projects/global-integrated-power-tracker,NEEDS_REVIEW,Operating India thermal-power facility from GEM GIPT. Confirm FIRMS-source association before benchmark inclusion.
GEM_GIPT,L100000102125,BALCO Korba power station,thermal_power,India,Chhattisgarh,22.3930944,82.7439443,operating,HIGH,Global Energy Monitor Global Integrated Power Tracker,https://globalenergymonitor.org/projects/global-integrated-power-tracker,NEEDS_REVIEW,Operating India thermal-power facility from GEM GIPT. Confirm FIRMS-source association before benchmark inclusion.
GEM_GIPT,L100000102125,BALCO Korba power station,thermal_power,India,Chhattisgarh,22.3930944,82.7439443,operating,HIGH,Global Energy Monitor Global Integrated Power Tracker,https://globalenergymonitor.org/projects/global-integrated-power-tracker,NEEDS_REVIEW,Operating India thermal-power facility from GEM GIPT. Confirm FIRMS-source association before benchmark inclusion.
GEM_GIPT,L100000102125,BALCO Korba power station,thermal_power,India,Chhattisgarh,22.3930944,82.7439443,operating,HIGH,Global Energy Monitor Global Integrated Power Tracker,https://globalenergymonitor.org/projects/global-integrated-power-tracker,NEEDS_REVIEW,Operating India thermal-power facility from GEM GIPT. Confirm FIRMS-source association before benchmark inclusion.
GEM_GIPT,L100000102125,BALCO Korba power station,thermal_power,India,Chhattisgarh,22.3930944,82.7439443,operating,HIGH,Global Energy Monitor Global Integrated Power Tracker,https://globalenergymonitor.org/projects/global-integrated-power-tracker,NEEDS_REVIEW,Operating India thermal-power facility from GEM GIPT. Confirm FIRMS-source association before benchmark inclusion.
GEM_GIPT,L100000102125,BALCO Korba power station,thermal_power,India,Chhattisgarh,22.3978019,82.7401642,operating,HIGH,Global Energy Monitor Global Integrated Power Tracker,https://globalenergymonitor.org/projects/global-integrated-power-tracker,NEEDS_REVIEW,Operating India thermal-power facility from GEM GIPT. Confirm FIRMS-source association before benchmark inclusion.
GEM_GIPT,L100000102125,BALCO Korba power station,thermal_power,India,Chhattisgarh,22.3978019,82.7401642,operating,HIGH,Global Energy Monitor Global Integrated Power Tracker,https://globalenergymonitor.org/projects/global-integrated-power-tracker,NEEDS_REVIEW,Operating India thermal-power facility from GEM GIPT. Confirm FIRMS-source association before benchmark inclusion.
GEM_GIPT,L100000102125,BALCO Korba power station,thermal_power,India,Chhattisgarh,22.3978019,82.7401642,operating,HIGH,Global Energy Monitor Global Integrated Power Tracker,https://globalenergymonitor.org/projects/global-integrated-power-tracker,NEEDS_REVIEW,Operating India thermal-power facility from GEM GIPT. Confirm FIRMS-source association before benchmark inclusion.
GEM_GIPT,L100000102125,BALCO Korba power station,thermal_power,India,Chhattisgarh,22.3978019,82.7401642,operating,HIGH,Global Energy Monitor Global Integrated Power Tracker,https://globalenergymonitor.org/projects/global-integrated-power-tracker,NEEDS_REVIEW,Operating India thermal-power facility from GEM GIPT. Confirm FIRMS-source association before benchmark inclusion.
GEM_GIPT,L100000102125,BALCO Korba power station,thermal_power,India,Chhattisgarh,22.3989968,82.7400112,operating,HIGH,Global Energy Monitor Global Integrated Power Tracker,https://globalenergymonitor.org/projects/global-integrated-power-tracker,NEEDS_REVIEW,Operating India thermal-power facility from GEM GIPT. Confirm FIRMS-source association before benchmark inclusion.
GEM_GIPT,L100000102125,BALCO Korba power station,thermal_power,India,Chhattisgarh,22.3989968,82.7400112,operating,HIGH,Global Energy Monitor Global Integrated Power Tracker,https://globalenergymonitor.org/projects/global-integrated-power-tracker,NEEDS_REVIEW,Operating India thermal-power facility from GEM GIPT. Confirm FIRMS-source association before benchmark inclusion.
GEM_GIPT,L100000102125,BALCO Korba power station,thermal_power,India,Chhattisgarh,22.3989968,82.7400112,operating,HIGH,Global Energy Monitor Global Integrated Power Tracker,https://globalenergymonitor.org/projects/global-integrated-power-tracker,NEEDS_REVIEW,Operating India thermal-power facility from GEM GIPT. Confirm FIRMS-source association before benchmark inclusion.
GEM_GIPT,L100000102125,BALCO Korba power station,thermal_power,India,Chhattisgarh,22.3989968,82.7400112,operating,HIGH,Global Energy Monitor Global Integrated Power Tracker,https://globalenergymonitor.org/projects/global-integrated-power-tracker,NEEDS_REVIEW,Operating India thermal-power facility from GEM GIPT. Confirm FIRMS-source association before benchmark inclusion.
GEM_GIPT,L100000102377,Ballarpur Bilt Power power station,thermal_power,India,Maharashtra,19.860468,79.339438,operating,HIGH,Global Energy Monitor Global Integrated Power Tracker,https://globalenergymonitor.org/projects/global-integrated-power-tracker,NEEDS_REVIEW,Operating India thermal-power facility from GEM GIPT. Confirm FIRMS-source association before benchmark inclusion.
GEM_GIPT,L100000102663,Bandel Thermal Power Station,thermal_power,India,West Bengal,22.995746,88.403815,operating,HIGH,Global Energy Monitor Global Integrated Power Tracker,https://globalenergymonitor.org/projects/global-integrated-power-tracker,NEEDS_REVIEW,Operating India thermal-power facility from GEM GIPT. Confirm FIRMS-source association before benchmark inclusion.
GEM_GIPT,L100000102663,Bandel Thermal Power Station,thermal_power,India,West Bengal,22.995746,88.403815,operating,HIGH,Global Energy Monitor Global Integrated Power Tracker,https://globalenergymonitor.org/projects/global-integrated-power-tracker,NEEDS_REVIEW,Operating India thermal-power facility from GEM GIPT. Confirm FIRMS-source association before benchmark inclusion.
GEM_GIPT,L100000102033,Bander power station,thermal_power,India,Andhra Pradesh,14.351195,80.143086,operating,HIGH,Global Energy Monitor Global Integrated Power Tracker,https://globalenergymonitor.org/projects/global-integrated-power-tracker,NEEDS_REVIEW,Operating India thermal-power facility from GEM GIPT. Confirm FIRMS-source association before benchmark inclusion.
GEM_GIPT,L100000102033,Bander power station,thermal_power,India,Andhra Pradesh,14.351195,80.143086,operating,HIGH,Global Energy Monitor Global Integrated Power Tracker,https://globalenergymonitor.org/projects/global-integrated-power-tracker,NEEDS_REVIEW,Operating India thermal-power facility from GEM GIPT. Confirm FIRMS-source association before benchmark inclusion.
GEM_GIPT,L100000102616,Bara Thermal Power Project,thermal_power,India,Uttar Pradesh,25.196345,81.658534,operating,HIGH,Global Energy Monitor Global Integrated Power Tracker,https://globalenergymonitor.org/projects/global-integrated-power-tracker,NEEDS_REVIEW,Operating India thermal-power facility from GEM GIPT. Confirm FIRMS-source association before benchmark inclusion.
GEM_GIPT,L100000102616,Bara Thermal Power Project,thermal_power,India,Uttar Pradesh,25.196345,81.658534,operating,HIGH,Global Energy Monitor Global Integrated Power Tracker,https://globalenergymonitor.org/projects/global-integrated-power-tracker,NEEDS_REVIEW,Operating India thermal-power facility from GEM GIPT. Confirm FIRMS-source association before benchmark inclusion.
GEM_GIPT,L100000102616,Bara Thermal Power Project,thermal_power,India,Uttar Pradesh,25.196345,81.658534,operating,HIGH,Global Energy Monitor Global Integrated Power Tracker,https://globalenergymonitor.org/projects/global-integrated-power-tracker,NEEDS_REVIEW,Operating India thermal-power facility from GEM GIPT. Confirm FIRMS-source association before benchmark inclusion.
GEM_GIPT,L100000102127,Baradarha power station,thermal_power,India,Chhattisgarh,21.911436,83.188863,operating,HIGH,Global Energy Monitor Global Integrated Power Tracker,https://globalenergymonitor.org/projects/global-integrated-power-tracker,NEEDS_REVIEW,Operating India thermal-power facility from GEM GIPT. Confirm FIRMS-source association before benchmark inclusion.
GEM_GIPT,L100000102127,Baradarha power station,thermal_power,India,Chhattisgarh,21.911436,83.188863,operating,HIGH,Global Energy Monitor Global Integrated Power Tracker,https://globalenergymonitor.org/projects/global-integrated-power-tracker,NEEDS_REVIEW,Operating India thermal-power facility from GEM GIPT. Confirm FIRMS-source association before benchmark inclusion.
GEM_GIPT,L100000102090,Barauni power station,thermal_power,India,Bihar,25.391376,86.023488,operating,HIGH,Global Energy Monitor Global Integrated Power Tracker,https://globalenergymonitor.org/projects/global-integrated-power-tracker,NEEDS_REVIEW,Operating India thermal-power facility from GEM GIPT. Confirm FIRMS-source association before benchmark inclusion.
GEM_GIPT,L100000102090,Barauni power station,thermal_power,India,Bihar,25.391376,86.023488,operating,HIGH,Global Energy Monitor Global Integrated Power Tracker,https://globalenergymonitor.org/projects/global-integrated-power-tracker,NEEDS_REVIEW,Operating India thermal-power facility from GEM GIPT. Confirm FIRMS-source association before benchmark inclusion.
GEM_GIPT,L100000102448,Barbil Jagannath power station,thermal_power,India,Odisha,22.1323609,85.3830706,operating,HIGH,Global Energy Monitor Global Integrated Power Tracker,https://globalenergymonitor.org/projects/global-integrated-power-tracker,NEEDS_REVIEW,Operating India thermal-power facility from GEM GIPT. Confirm FIRMS-source association before benchmark inclusion.
GEM_GIPT,L100000102092,Barh I power station,thermal_power,India,Bihar,25.4865,85.74516,operating,HIGH,Global Energy Monitor Global Integrated Power Tracker,https://globalenergymonitor.org/projects/global-integrated-power-tracker,NEEDS_REVIEW,Operating India thermal-power facility from GEM GIPT. Confirm FIRMS-source association before benchmark inclusion.
GEM_GIPT,L100000102092,Barh I power station,thermal_power,India,Bihar,25.4865,85.74516,operating,HIGH,Global Energy Monitor Global Integrated Power Tracker,https://globalenergymonitor.org/projects/global-integrated-power-tracker,NEEDS_REVIEW,Operating India thermal-power facility from GEM GIPT. Confirm FIRMS-source association before benchmark inclusion.
GEM_GIPT,L100000102092,Barh I power station,thermal_power,India,Bihar,25.4865,85.74516,operating,HIGH,Global Energy Monitor Global Integrated Power Tracker,https://globalenergymonitor.org/projects/global-integrated-power-tracker,NEEDS_REVIEW,Operating India thermal-power facility from GEM GIPT. Confirm FIRMS-source association before benchmark inclusion.
GEM_GIPT,L100000102093,Barh II power station,thermal_power,India,Bihar,25.4865,85.74516,operating,HIGH,Global Energy Monitor Global Integrated Power Tracker,https://globalenergymonitor.org/projects/global-integrated-power-tracker,NEEDS_REVIEW,Operating India thermal-power facility from GEM GIPT. Confirm FIRMS-source association before benchmark inclusion.
GEM_GIPT,L100000102093,Barh II power station,thermal_power,India,Bihar,25.4865,85.74516,operating,HIGH,Global Energy Monitor Global Integrated Power Tracker,https://globalenergymonitor.org/projects/global-integrated-power-tracker,NEEDS_REVIEW,Operating India thermal-power facility from GEM GIPT. Confirm FIRMS-source association before benchmark inclusion.
GEM_GIPT,L100000102619,Barkhera IPP power station,thermal_power,India,Uttar Pradesh,28.4722812,79.8067246,operating,HIGH,Global Energy Monitor Global Integrated Power Tracker,https://globalenergymonitor.org/projects/global-integrated-power-tracker,NEEDS_REVIEW,Operating India thermal-power facility from GEM GIPT. Confirm FIRMS-source association before benchmark inclusion.
GEM_GIPT,L100000102619,Barkhera IPP power station,thermal_power,India,Uttar Pradesh,28.4722812,79.8067246,operating,HIGH,Global Energy Monitor Global Integrated Power Tracker,https://globalenergymonitor.org/projects/global-integrated-power-tracker,NEEDS_REVIEW,Operating India thermal-power facility from GEM GIPT. Confirm FIRMS-source association before benchmark inclusion.
GEM_GIPT,L100000102521,Barsingsar Thermal Power Project,thermal_power,India,Rajasthan,27.845022,73.199426,operating,HIGH,Global Energy Monitor Global Integrated Power Tracker,https://globalenergymonitor.org/projects/global-integrated-power-tracker,NEEDS_REVIEW,Operating India thermal-power facility from GEM GIPT. Confirm FIRMS-source association before benchmark inclusion.
GEM_GIPT,L100000102521,Barsingsar Thermal Power Project,thermal_power,India,Rajasthan,27.845022,73.199426,operating,HIGH,Global Energy Monitor Global Integrated Power Tracker,https://globalenergymonitor.org/projects/global-integrated-power-tracker,NEEDS_REVIEW,Operating India thermal-power facility from GEM GIPT. Confirm FIRMS-source association before benchmark inclusion.
GEM_GIPT,L100000102379,Bela power station,thermal_power,India,Maharashtra,20.80915,79.054892,operating,HIGH,Global Energy Monitor Global Integrated Power Tracker,https://globalenergymonitor.org/projects/global-integrated-power-tracker,NEEDS_REVIEW,Operating India thermal-power facility from GEM GIPT. Confirm FIRMS-source association before benchmark inclusion.
GEM_GIPT,L100000102293,Bellary Thermal Power Station,thermal_power,India,Karnataka,15.1931738,76.7195034,operating,HIGH,Global Energy Monitor Global Integrated Power Tracker,https://globalenergymonitor.org/projects/global-integrated-power-tracker,NEEDS_REVIEW,Operating India thermal-power facility from GEM GIPT. Confirm FIRMS-source association before benchmark inclusion.
GEM_GIPT,L100000102293,Bellary Thermal Power Station,thermal_power,India,Karnataka,15.1931738,76.7195034,operating,HIGH,Global Energy Monitor Global Integrated Power Tracker,https://globalenergymonitor.org/projects/global-integrated-power-tracker,NEEDS_REVIEW,Operating India thermal-power facility from GEM GIPT. Confirm FIRMS-source association before benchmark inclusion.
GEM_GIPT,L100000102293,Bellary Thermal Power Station,thermal_power,India,Karnataka,15.1931738,76.7195034,operating,HIGH,Global Energy Monitor Global Integrated Power Tracker,https://globalenergymonitor.org/projects/global-integrated-power-tracker,NEEDS_REVIEW,Operating India thermal-power facility from GEM GIPT. Confirm FIRMS-source association before benchmark inclusion.
GEM_GIPT,L100000102592,Bhadradri power station,thermal_power,India,Telangana,18.027488,80.735645,operating,HIGH,Global Energy Monitor Global Integrated Power Tracker,https://globalenergymonitor.org/projects/global-integrated-power-tracker,NEEDS_REVIEW,Operating India thermal-power facility from GEM GIPT. Confirm FIRMS-source association before benchmark inclusion.
GEM_GIPT,L100000102592,Bhadradri power station,thermal_power,India,Telangana,18.027488,80.735645,operating,HIGH,Global Energy Monitor Global Integrated Power Tracker,https://globalenergymonitor.org/projects/global-integrated-power-tracker,NEEDS_REVIEW,Operating India thermal-power facility from GEM GIPT. Confirm FIRMS-source association before benchmark inclusion.
GEM_GIPT,L100000102592,Bhadradri power station,thermal_power,India,Telangana,18.027488,80.735645,operating,HIGH,Global Energy Monitor Global Integrated Power Tracker,https://globalenergymonitor.org/projects/global-integrated-power-tracker,NEEDS_REVIEW,Operating India thermal-power facility from GEM GIPT. Confirm FIRMS-source association before benchmark inclusion.
GEM_GIPT,L100000102592,Bhadradri power station,thermal_power,India,Telangana,18.027488,80.735645,operating,HIGH,Global Energy Monitor Global Integrated Power Tracker,https://globalenergymonitor.org/projects/global-integrated-power-tracker,NEEDS_REVIEW,Operating India thermal-power facility from GEM GIPT. Confirm FIRMS-source association before benchmark inclusion.
GEM_GIPT,L100000102197,Bhadreshwar power station (OPG),thermal_power,India,Gujarat,22.896182,69.896263,operating,HIGH,Global Energy Monitor Global Integrated Power Tracker,https://globalenergymonitor.org/projects/global-integrated-power-tracker,NEEDS_REVIEW,Operating India thermal-power facility from GEM GIPT. Confirm FIRMS-source association before benchmark inclusion.
GEM_GIPT,L100000102197,Bhadreshwar power station (OPG),thermal_power,India,Gujarat,22.896182,69.896263,operating,HIGH,Global Energy Monitor Global Integrated Power Tracker,https://globalenergymonitor.org/projects/global-integrated-power-tracker,NEEDS_REVIEW,Operating India thermal-power facility from GEM GIPT. Confirm FIRMS-source association before benchmark inclusion.
GEM_GIPT,L100000102130,Bhandhakhar power station,thermal_power,India,Chhattisgarh,22.340954,82.430603,operating,HIGH,Global Energy Monitor Global Integrated Power Tracker,https://globalenergymonitor.org/projects/global-integrated-power-tracker,NEEDS_REVIEW,Operating India thermal-power facility from GEM GIPT. Confirm FIRMS-source association before benchmark inclusion.
GEM_GIPT,L100000102199,Bhavnagar power station,thermal_power,India,Gujarat,21.583152,72.222179,operating,HIGH,Global Energy Monitor Global Integrated Power Tracker,https://globalenergymonitor.org/projects/global-integrated-power-tracker,NEEDS_REVIEW,Operating India thermal-power facility from GEM GIPT. Confirm FIRMS-source association before benchmark inclusion.
GEM_GIPT,L100000102199,Bhavnagar power station,thermal_power,India,Gujarat,21.583152,72.222179,operating,HIGH,Global Energy Monitor Global Integrated Power Tracker,https://globalenergymonitor.org/projects/global-integrated-power-tracker,NEEDS_REVIEW,Operating India thermal-power facility from GEM GIPT. Confirm FIRMS-source association before benchmark inclusion.
GEM_GIPT,L100000102384,Bhigwan Mill power station,thermal_power,India,Maharashtra,18.242234,74.752554,operating,HIGH,Global Energy Monitor Global Integrated Power Tracker,https://globalenergymonitor.org/projects/global-integrated-power-tracker,NEEDS_REVIEW,Operating India thermal-power facility from GEM GIPT. Confirm FIRMS-source association before benchmark inclusion.
GEM_GIPT,L100000102384,Bhigwan Mill power station,thermal_power,India,Maharashtra,18.242234,74.752554,operating,HIGH,Global Energy Monitor Global Integrated Power Tracker,https://globalenergymonitor.org/projects/global-integrated-power-tracker,NEEDS_REVIEW,Operating India thermal-power facility from GEM GIPT. Confirm FIRMS-source association before benchmark inclusion.
GEM_GIPT,L100000102132,Bhilai Steel power station,thermal_power,India,Chhattisgarh,21.184,81.4237,operating,HIGH,Global Energy Monitor Global Integrated Power Tracker,https://globalenergymonitor.org/projects/global-integrated-power-tracker,NEEDS_REVIEW,Operating India thermal-power facility from GEM GIPT. Confirm FIRMS-source association before benchmark inclusion.
GEM_GIPT,L100000102132,Bhilai Steel power station,thermal_power,India,Chhattisgarh,21.184,81.4237,operating,HIGH,Global Energy Monitor Global Integrated Power Tracker,https://globalenergymonitor.org/projects/global-integrated-power-tracker,NEEDS_REVIEW,Operating India thermal-power facility from GEM GIPT. Confirm FIRMS-source association before benchmark inclusion.
GEM_GIPT,L100000102132,Bhilai Steel power station,thermal_power,India,Chhattisgarh,21.184,81.4237,operating,HIGH,Global Energy Monitor Global Integrated Power Tracker,https://globalenergymonitor.org/projects/global-integrated-power-tracker,NEEDS_REVIEW,Operating India thermal-power facility from GEM GIPT. Confirm FIRMS-source association before benchmark inclusion.
GEM_GIPT,L100000102132,Bhilai Steel power station,thermal_power,India,Chhattisgarh,21.184,81.4237,operating,HIGH,Global Energy Monitor Global Integrated Power Tracker,https://globalenergymonitor.org/projects/global-integrated-power-tracker,NEEDS_REVIEW,Operating India thermal-power facility from GEM GIPT. Confirm FIRMS-source association before benchmark inclusion.
GEM_GIPT,L100000102452,Bhubaneshwar Jasper power station,thermal_power,India,Odisha,20.479398,85.74492,operating,HIGH,Global Energy Monitor Global Integrated Power Tracker,https://globalenergymonitor.org/projects/global-integrated-power-tracker,NEEDS_REVIEW,Operating India thermal-power facility from GEM GIPT. Confirm FIRMS-source association before benchmark inclusion.
GEM_GIPT,L100000102452,Bhubaneshwar Jasper power station,thermal_power,India,Odisha,20.479398,85.74492,operating,HIGH,Global Energy Monitor Global Integrated Power Tracker,https://globalenergymonitor.org/projects/global-integrated-power-tracker,NEEDS_REVIEW,Operating India thermal-power facility from GEM GIPT. Confirm FIRMS-source association before benchmark inclusion.
GEM_GIPT,L100000102385,Bhusawal Thermal Power Station,thermal_power,India,Maharashtra,21.04798,75.85502,operating,HIGH,Global Energy Monitor Global Integrated Power Tracker,https://globalenergymonitor.org/projects/global-integrated-power-tracker,NEEDS_REVIEW,Operating India thermal-power facility from GEM GIPT. Confirm FIRMS-source association before benchmark inclusion.
GEM_GIPT,L100000102385,Bhusawal Thermal Power Station,thermal_power,India,Maharashtra,21.04798,75.85502,operating,HIGH,Global Energy Monitor Global Integrated Power Tracker,https://globalenergymonitor.org/projects/global-integrated-power-tracker,NEEDS_REVIEW,Operating India thermal-power facility from GEM GIPT. Confirm FIRMS-source association before benchmark inclusion.
GEM_GIPT,L100000102385,Bhusawal Thermal Power Station,thermal_power,India,Maharashtra,21.04798,75.85502,operating,HIGH,Global Energy Monitor Global Integrated Power Tracker,https://globalenergymonitor.org/projects/global-integrated-power-tracker,NEEDS_REVIEW,Operating India thermal-power facility from GEM GIPT. Confirm FIRMS-source association before benchmark inclusion.
GEM_GIPT,L100000102385,Bhusawal Thermal Power Station,thermal_power,India,Maharashtra,21.04798,75.85502,operating,HIGH,Global Energy Monitor Global Integrated Power Tracker,https://globalenergymonitor.org/projects/global-integrated-power-tracker,NEEDS_REVIEW,Operating India thermal-power facility from GEM GIPT. Confirm FIRMS-source association before benchmark inclusion.
GEM_GIPT,L100000102324,Bina Thermal Power Project,thermal_power,India,Madhya Pradesh,24.317222,78.133564,operating,HIGH,Global Energy Monitor Global Integrated Power Tracker,https://globalenergymonitor.org/projects/global-integrated-power-tracker,NEEDS_REVIEW,Operating India thermal-power facility from GEM GIPT. Confirm FIRMS-source association before benchmark inclusion.
GEM_GIPT,L100000102324,Bina Thermal Power Project,thermal_power,India,Madhya Pradesh,24.317222,78.133564,operating,HIGH,Global Energy Monitor Global Integrated Power Tracker,https://globalenergymonitor.org/projects/global-integrated-power-tracker,NEEDS_REVIEW,Operating India thermal-power facility from GEM GIPT. Confirm FIRMS-source association before benchmark inclusion.
GEM_GIPT,L100000102133,Binjkote power station,thermal_power,India,Chhattisgarh,22.010422,83.205779,operating,HIGH,Global Energy Monitor Global Integrated Power Tracker,https://globalenergymonitor.org/projects/global-integrated-power-tracker,NEEDS_REVIEW,Operating India thermal-power facility from GEM GIPT. Confirm FIRMS-source association before benchmark inclusion.
GEM_GIPT,L100000102133,Binjkote power station,thermal_power,India,Chhattisgarh,22.010422,83.205779,operating,HIGH,Global Energy Monitor Global Integrated Power Tracker,https://globalenergymonitor.org/projects/global-integrated-power-tracker,NEEDS_REVIEW,Operating India thermal-power facility from GEM GIPT. Confirm FIRMS-source association before benchmark inclusion.
GEM_GIPT,L100000102250,Bokaro Steel City Thermal Power Station,thermal_power,India,Jharkhand,23.685875,86.092944,operating,HIGH,Global Energy Monitor Global Integrated Power Tracker,https://globalenergymonitor.org/projects/global-integrated-power-tracker,NEEDS_REVIEW,Operating India thermal-power facility from GEM GIPT. Confirm FIRMS-source association before benchmark inclusion.
GEM_GIPT,L100000102250,Bokaro Steel City Thermal Power Station,thermal_power,India,Jharkhand,23.685875,86.092944,operating,HIGH,Global Energy Monitor Global Integrated Power Tracker,https://globalenergymonitor.org/projects/global-integrated-power-tracker,NEEDS_REVIEW,Operating India thermal-power facility from GEM GIPT. Confirm FIRMS-source association before benchmark inclusion.
GEM_GIPT,L100000102250,Bokaro Steel City Thermal Power Station,thermal_power,India,Jharkhand,23.685875,86.092944,operating,HIGH,Global Energy Monitor Global Integrated Power Tracker,https://globalenergymonitor.org/projects/global-integrated-power-tracker,NEEDS_REVIEW,Operating India thermal-power facility from GEM GIPT. Confirm FIRMS-source association before benchmark inclusion.
GEM_GIPT,L100000102250,Bokaro Steel City Thermal Power Station,thermal_power,India,Jharkhand,23.685875,86.092944,operating,HIGH,Global Energy Monitor Global Integrated Power Tracker,https://globalenergymonitor.org/projects/global-integrated-power-tracker,NEEDS_REVIEW,Operating India thermal-power facility from GEM GIPT. Confirm FIRMS-source association before benchmark inclusion.
GEM_GIPT,L100000102250,Bokaro Steel City Thermal Power Station,thermal_power,India,Jharkhand,23.685875,86.092944,operating,HIGH,Global Energy Monitor Global Integrated Power Tracker,https://globalenergymonitor.org/projects/global-integrated-power-tracker,NEEDS_REVIEW,Operating India thermal-power facility from GEM GIPT. Confirm FIRMS-source association before benchmark inclusion.
GEM_GIPT,L100000102250,Bokaro Steel City Thermal Power Station,thermal_power,India,Jharkhand,23.685875,86.092944,operating,HIGH,Global Energy Monitor Global Integrated Power Tracker,https://globalenergymonitor.org/projects/global-integrated-power-tracker,NEEDS_REVIEW,Operating India thermal-power facility from GEM GIPT. Confirm FIRMS-source association before benchmark inclusion.
GEM_GIPT,L100000102248,Bokaro Thermal Power Station,thermal_power,India,Jharkhand,23.782944,85.883391,operating,HIGH,Global Energy Monitor Global Integrated Power Tracker,https://globalenergymonitor.org/projects/global-integrated-power-tracker,NEEDS_REVIEW,Operating India thermal-power facility from GEM GIPT. Confirm FIRMS-source association before benchmark inclusion.
GEM_GIPT,L100000102085,Bongaigaon power station,thermal_power,India,Assam,26.44437,90.367205,operating,HIGH,Global Energy Monitor Global Integrated Power Tracker,https://globalenergymonitor.org/projects/global-integrated-power-tracker,NEEDS_REVIEW,Operating India thermal-power facility from GEM GIPT. Confirm FIRMS-source association before benchmark inclusion.
GEM_GIPT,L100000102085,Bongaigaon power station,thermal_power,India,Assam,26.44437,90.367205,operating,HIGH,Global Energy Monitor Global Integrated Power Tracker,https://globalenergymonitor.org/projects/global-integrated-power-tracker,NEEDS_REVIEW,Operating India thermal-power facility from GEM GIPT. Confirm FIRMS-source association before benchmark inclusion.
GEM_GIPT,L100000102085,Bongaigaon power station,thermal_power,India,Assam,26.44437,90.367205,operating,HIGH,Global Energy Monitor Global Integrated Power Tracker,https://globalenergymonitor.org/projects/global-integrated-power-tracker,NEEDS_REVIEW,Operating India thermal-power facility from GEM GIPT. Confirm FIRMS-source association before benchmark inclusion.
GEM_GIPT,L100000102665,Budge Budge Generating Station,thermal_power,India,West Bengal,22.470344,88.139949,operating,HIGH,Global Energy Monitor Global Integrated Power Tracker,https://globalenergymonitor.org/projects/global-integrated-power-tracker,NEEDS_REVIEW,Operating India thermal-power facility from GEM GIPT. Confirm FIRMS-source association before benchmark inclusion.
GEM_GIPT,L100000102665,Budge Budge Generating Station,thermal_power,India,West Bengal,22.470344,88.139949,operating,HIGH,Global Energy Monitor Global Integrated Power Tracker,https://globalenergymonitor.org/projects/global-integrated-power-tracker,NEEDS_REVIEW,Operating India thermal-power facility from GEM GIPT. Confirm FIRMS-source association before benchmark inclusion.
GEM_GIPT,L100000102665,Budge Budge Generating Station,thermal_power,India,West Bengal,22.470344,88.139949,operating,HIGH,Global Energy Monitor Global Integrated Power Tracker,https://globalenergymonitor.org/projects/global-integrated-power-tracker,NEEDS_REVIEW,Operating India thermal-power facility from GEM GIPT. Confirm FIRMS-source association before benchmark inclusion.
GEM_GIPT,L100000102387,Butibori Power Project,thermal_power,India,Maharashtra,20.928591,78.933281,operating,HIGH,Global Energy Monitor Global Integrated Power Tracker,https://globalenergymonitor.org/projects/global-integrated-power-tracker,NEEDS_REVIEW,Operating India thermal-power facility from GEM GIPT. Confirm FIRMS-source association before benchmark inclusion.
GEM_GIPT,L100000102387,Butibori Power Project,thermal_power,India,Maharashtra,20.928591,78.933281,operating,HIGH,Global Energy Monitor Global Integrated Power Tracker,https://globalenergymonitor.org/projects/global-integrated-power-tracker,NEEDS_REVIEW,Operating India thermal-power facility from GEM GIPT. Confirm FIRMS-source association before benchmark inclusion.
GEM_GIPT,L100000102095,Buxar Thermal Power Station,thermal_power,India,Bihar,25.462349,83.882568,operating,HIGH,Global Energy Monitor Global Integrated Power Tracker,https://globalenergymonitor.org/projects/global-integrated-power-tracker,NEEDS_REVIEW,Operating India thermal-power facility from GEM GIPT. Confirm FIRMS-source association before benchmark inclusion.
GEM_GIPT,L100000102539,Cauvery Power Gummidipoondi captive power station,thermal_power,India,Tamil Nadu,13.423182,80.066316,operating,HIGH,Global Energy Monitor Global Integrated Power Tracker,https://globalenergymonitor.org/projects/global-integrated-power-tracker,NEEDS_REVIEW,Operating India thermal-power facility from GEM GIPT. Confirm FIRMS-source association before benchmark inclusion.
GEM_GIPT,L100000102137,Chakabura power station,thermal_power,India,Chhattisgarh,22.393653,82.553249,operating,HIGH,Global Energy Monitor Global Integrated Power Tracker,https://globalenergymonitor.org/projects/global-integrated-power-tracker,NEEDS_REVIEW,Operating India thermal-power facility from GEM GIPT. Confirm FIRMS-source association before benchmark inclusion.
GEM_GIPT,L100000102523,Chanderiya Smelter power station,thermal_power,India,Rajasthan,24.963223,74.668532,operating,HIGH,Global Energy Monitor Global Integrated Power Tracker,https://globalenergymonitor.org/projects/global-integrated-power-tracker,NEEDS_REVIEW,Operating India thermal-power facility from GEM GIPT. Confirm FIRMS-source association before benchmark inclusion.
GEM_GIPT,L100000102523,Chanderiya Smelter power station,thermal_power,India,Rajasthan,24.963223,74.668532,operating,HIGH,Global Energy Monitor Global Integrated Power Tracker,https://globalenergymonitor.org/projects/global-integrated-power-tracker,NEEDS_REVIEW,Operating India thermal-power facility from GEM GIPT. Confirm FIRMS-source association before benchmark inclusion.
GEM_GIPT,L100000102523,Chanderiya Smelter power station,thermal_power,India,Rajasthan,24.963223,74.668532,operating,HIGH,Global Energy Monitor Global Integrated Power Tracker,https://globalenergymonitor.org/projects/global-integrated-power-tracker,NEEDS_REVIEW,Operating India thermal-power facility from GEM GIPT. Confirm FIRMS-source association before benchmark inclusion.
GEM_GIPT,L100000102388,Chandrapur Thermal Power Station,thermal_power,India,Maharashtra,20.0063,79.29,operating,HIGH,Global Energy Monitor Global Integrated Power Tracker,https://globalenergymonitor.org/projects/global-integrated-power-tracker,NEEDS_REVIEW,Operating India thermal-power facility from GEM GIPT. Confirm FIRMS-source association before benchmark inclusion.
GEM_GIPT,L100000102388,Chandrapur Thermal Power Station,thermal_power,India,Maharashtra,20.0063,79.29,operating,HIGH,Global Energy Monitor Global Integrated Power Tracker,https://globalenergymonitor.org/projects/global-integrated-power-tracker,NEEDS_REVIEW,Operating India thermal-power facility from GEM GIPT. Confirm FIRMS-source association before benchmark inclusion.
GEM_GIPT,L100000102388,Chandrapur Thermal Power Station,thermal_power,India,Maharashtra,20.0063,79.29,operating,HIGH,Global Energy Monitor Global Integrated Power Tracker,https://globalenergymonitor.org/projects/global-integrated-power-tracker,NEEDS_REVIEW,Operating India thermal-power facility from GEM GIPT. Confirm FIRMS-source association before benchmark inclusion.
GEM_GIPT,L100000102388,Chandrapur Thermal Power Station,thermal_power,India,Maharashtra,20.0063,79.29,operating,HIGH,Global Energy Monitor Global Integrated Power Tracker,https://globalenergymonitor.org/projects/global-integrated-power-tracker,NEEDS_REVIEW,Operating India thermal-power facility from GEM GIPT. Confirm FIRMS-source association before benchmark inclusion.
GEM_GIPT,L100000102388,Chandrapur Thermal Power Station,thermal_power,India,Maharashtra,20.0063,79.29,operating,HIGH,Global Energy Monitor Global Integrated Power Tracker,https://globalenergymonitor.org/projects/global-integrated-power-tracker,NEEDS_REVIEW,Operating India thermal-power facility from GEM GIPT. Confirm FIRMS-source association before benchmark inclusion.
GEM_GIPT,L100000102388,Chandrapur Thermal Power Station,thermal_power,India,Maharashtra,20.0063,79.29,operating,HIGH,Global Energy Monitor Global Integrated Power Tracker,https://globalenergymonitor.org/projects/global-integrated-power-tracker,NEEDS_REVIEW,Operating India thermal-power facility from GEM GIPT. Confirm FIRMS-source association before benchmark inclusion.
GEM_GIPT,L100000102388,Chandrapur Thermal Power Station,thermal_power,India,Maharashtra,20.0063,79.29,operating,HIGH,Global Energy Monitor Global Integrated Power Tracker,https://globalenergymonitor.org/projects/global-integrated-power-tracker,NEEDS_REVIEW,Operating India thermal-power facility from GEM GIPT. Confirm FIRMS-source association before benchmark inclusion.
GEM_GIPT,L100000102389,Chandrapur Works power station,thermal_power,India,Maharashtra,20.3693717,78.8828903,operating,HIGH,Global Energy Monitor Global Integrated Power Tracker,https://globalenergymonitor.org/projects/global-integrated-power-tracker,NEEDS_REVIEW,Operating India thermal-power facility from GEM GIPT. Confirm FIRMS-source association before benchmark inclusion.
GEM_GIPT,L100000102252,Chandrapura power station,thermal_power,India,Jharkhand,23.7412565,86.1202088,operating,HIGH,Global Energy Monitor Global Integrated Power Tracker,https://globalenergymonitor.org/projects/global-integrated-power-tracker,NEEDS_REVIEW,Operating India thermal-power facility from GEM GIPT. Confirm FIRMS-source association before benchmark inclusion.
GEM_GIPT,L100000102252,Chandrapura power station,thermal_power,India,Jharkhand,23.7412565,86.1202088,operating,HIGH,Global Energy Monitor Global Integrated Power Tracker,https://globalenergymonitor.org/projects/global-integrated-power-tracker,NEEDS_REVIEW,Operating India thermal-power facility from GEM GIPT. Confirm FIRMS-source association before benchmark inclusion.
GEM_GIPT,L100000102540,Chennai power station,thermal_power,India,Tamil Nadu,13.437422,80.09788,operating,HIGH,Global Energy Monitor Global Integrated Power Tracker,https://globalenergymonitor.org/projects/global-integrated-power-tracker,NEEDS_REVIEW,Operating India thermal-power facility from GEM GIPT. Confirm FIRMS-source association before benchmark inclusion.
GEM_GIPT,L100000102540,Chennai power station,thermal_power,India,Tamil Nadu,13.437422,80.09788,operating,HIGH,Global Energy Monitor Global Integrated Power Tracker,https://globalenergymonitor.org/projects/global-integrated-power-tracker,NEEDS_REVIEW,Operating India thermal-power facility from GEM GIPT. Confirm FIRMS-source association before benchmark inclusion.
GEM_GIPT,L100000102540,Chennai power station,thermal_power,India,Tamil Nadu,13.437422,80.09788,operating,HIGH,Global Energy Monitor Global Integrated Power Tracker,https://globalenergymonitor.org/projects/global-integrated-power-tracker,NEEDS_REVIEW,Operating India thermal-power facility from GEM GIPT. Confirm FIRMS-source association before benchmark inclusion.
GEM_GIPT,L100000102540,Chennai power station,thermal_power,India,Tamil Nadu,13.437422,80.09788,operating,HIGH,Global Energy Monitor Global Integrated Power Tracker,https://globalenergymonitor.org/projects/global-integrated-power-tracker,NEEDS_REVIEW,Operating India thermal-power facility from GEM GIPT. Confirm FIRMS-source association before benchmark inclusion.
GEM_GIPT,L100000102524,Chhabra Thermal Power Station,thermal_power,India,Rajasthan,24.62092,77.035439,operating,HIGH,Global Energy Monitor Global Integrated Power Tracker,https://globalenergymonitor.org/projects/global-integrated-power-tracker,NEEDS_REVIEW,Operating India thermal-power facility from GEM GIPT. Confirm FIRMS-source association before benchmark inclusion.
GEM_GIPT,L100000102524,Chhabra Thermal Power Station,thermal_power,India,Rajasthan,24.62092,77.035439,operating,HIGH,Global Energy Monitor Global Integrated Power Tracker,https://globalenergymonitor.org/projects/global-integrated-power-tracker,NEEDS_REVIEW,Operating India thermal-power facility from GEM GIPT. Confirm FIRMS-source association before benchmark inclusion.
GEM_GIPT,L100000102524,Chhabra Thermal Power Station,thermal_power,India,Rajasthan,24.62092,77.035439,operating,HIGH,Global Energy Monitor Global Integrated Power Tracker,https://globalenergymonitor.org/projects/global-integrated-power-tracker,NEEDS_REVIEW,Operating India thermal-power facility from GEM GIPT. Confirm FIRMS-source association before benchmark inclusion.
GEM_GIPT,L100000102524,Chhabra Thermal Power Station,thermal_power,India,Rajasthan,24.62092,77.035439,operating,HIGH,Global Energy Monitor Global Integrated Power Tracker,https://globalenergymonitor.org/projects/global-integrated-power-tracker,NEEDS_REVIEW,Operating India thermal-power facility from GEM GIPT. Confirm FIRMS-source association before benchmark inclusion.
GEM_GIPT,L100000102524,Chhabra Thermal Power Station,thermal_power,India,Rajasthan,24.63433,77.0385039,operating,HIGH,Global Energy Monitor Global Integrated Power Tracker,https://globalenergymonitor.org/projects/global-integrated-power-tracker,NEEDS_REVIEW,Operating India thermal-power facility from GEM GIPT. Confirm FIRMS-source association before benchmark inclusion.
GEM_GIPT,L100000102524,Chhabra Thermal Power Station,thermal_power,India,Rajasthan,24.63433,77.0385039,operating,HIGH,Global Energy Monitor Global Integrated Power Tracker,https://globalenergymonitor.org/projects/global-integrated-power-tracker,NEEDS_REVIEW,Operating India thermal-power facility from GEM GIPT. Confirm FIRMS-source association before benchmark inclusion.
GEM_GIPT,L100000102454,Choudwar power station,thermal_power,India,Odisha,20.535296,85.910723,operating,HIGH,Global Energy Monitor Global Integrated Power Tracker,https://globalenergymonitor.org/projects/global-integrated-power-tracker,NEEDS_REVIEW,Operating India thermal-power facility from GEM GIPT. Confirm FIRMS-source association before benchmark inclusion.
GEM_GIPT,L100000102454,Choudwar power station,thermal_power,India,Odisha,20.535296,85.910723,operating,HIGH,Global Energy Monitor Global Integrated Power Tracker,https://globalenergymonitor.org/projects/global-integrated-power-tracker,NEEDS_REVIEW,Operating India thermal-power facility from GEM GIPT. Confirm FIRMS-source association before benchmark inclusion.
GEM_GIPT,L100000102454,Choudwar power station,thermal_power,India,Odisha,20.535296,85.910723,operating,HIGH,Global Energy Monitor Global Integrated Power Tracker,https://globalenergymonitor.org/projects/global-integrated-power-tracker,NEEDS_REVIEW,Operating India thermal-power facility from GEM GIPT. Confirm FIRMS-source association before benchmark inclusion.
GEM_GIPT,L100000102454,Choudwar power station,thermal_power,India,Odisha,20.535296,85.910723,operating,HIGH,Global Energy Monitor Global Integrated Power Tracker,https://globalenergymonitor.org/projects/global-integrated-power-tracker,NEEDS_REVIEW,Operating India thermal-power facility from GEM GIPT. Confirm FIRMS-source association before benchmark inclusion.
GEM_GIPT,L100000102454,Choudwar power station,thermal_power,India,Odisha,20.535296,85.910723,operating,HIGH,Global Energy Monitor Global Integrated Power Tracker,https://globalenergymonitor.org/projects/global-integrated-power-tracker,NEEDS_REVIEW,Operating India thermal-power facility from GEM GIPT. Confirm FIRMS-source association before benchmark inclusion.
GEM_GIPT,L100000102622,Chunar Cement power station,thermal_power,India,Uttar Pradesh,25.090885,82.897339,operating,HIGH,Global Energy Monitor Global Integrated Power Tracker,https://globalenergymonitor.org/projects/global-integrated-power-tracker,NEEDS_REVIEW,Operating India thermal-power facility from GEM GIPT. Confirm FIRMS-source association before benchmark inclusion.
GEM_GIPT,L100000102623,Churk captive power station,thermal_power,India,Uttar Pradesh,24.639104,83.101085,operating,HIGH,Global Energy Monitor Global Integrated Power Tracker,https://globalenergymonitor.org/projects/global-integrated-power-tracker,NEEDS_REVIEW,Operating India thermal-power facility from GEM GIPT. Confirm FIRMS-source association before benchmark inclusion.
GEM_GIPT,L100000102623,Churk captive power station,thermal_power,India,Uttar Pradesh,24.639104,83.101085,operating,HIGH,Global Energy Monitor Global Integrated Power Tracker,https://globalenergymonitor.org/projects/global-integrated-power-tracker,NEEDS_REVIEW,Operating India thermal-power facility from GEM GIPT. Confirm FIRMS-source association before benchmark inclusion.
GEM_GIPT,L100000102623,Churk captive power station,thermal_power,India,Uttar Pradesh,24.639104,83.101085,operating,HIGH,Global Energy Monitor Global Integrated Power Tracker,https://globalenergymonitor.org/projects/global-integrated-power-tracker,NEEDS_REVIEW,Operating India thermal-power facility from GEM GIPT. Confirm FIRMS-source association before benchmark inclusion.
GEM_GIPT,L100000102542,Cuddalore IL&FS power station,thermal_power,India,Tamil Nadu,11.5215094,79.7515009,operating,HIGH,Global Energy Monitor Global Integrated Power Tracker,https://globalenergymonitor.org/projects/global-integrated-power-tracker,NEEDS_REVIEW,Operating India thermal-power facility from GEM GIPT. Confirm FIRMS-source association before benchmark inclusion.
GEM_GIPT,L100000102542,Cuddalore IL&FS power station,thermal_power,India,Tamil Nadu,11.5215094,79.7515009,operating,HIGH,Global Energy Monitor Global Integrated Power Tracker,https://globalenergymonitor.org/projects/global-integrated-power-tracker,NEEDS_REVIEW,Operating India thermal-power facility from GEM GIPT. Confirm FIRMS-source association before benchmark inclusion.
GEM_GIPT,L100000102457,Cuttack Works power station,thermal_power,India,Odisha,20.5159127,85.7230978,operating,HIGH,Global Energy Monitor Global Integrated Power Tracker,https://globalenergymonitor.org/projects/global-integrated-power-tracker,NEEDS_REVIEW,Operating India thermal-power facility from GEM GIPT. Confirm FIRMS-source association before benchmark inclusion.
GEM_GIPT,L100000102457,Cuttack Works power station,thermal_power,India,Odisha,20.5159127,85.7230978,operating,HIGH,Global Energy Monitor Global Integrated Power Tracker,https://globalenergymonitor.org/projects/global-integrated-power-tracker,NEEDS_REVIEW,Operating India thermal-power facility from GEM GIPT. Confirm FIRMS-source association before benchmark inclusion.
GEM_GIPT,L100000102391,Dahanu power station,thermal_power,India,Maharashtra,19.9534834,72.748691,operating,HIGH,Global Energy Monitor Global Integrated Power Tracker,https://globalenergymonitor.org/projects/global-integrated-power-tracker,NEEDS_REVIEW,Operating India thermal-power facility from GEM GIPT. Confirm FIRMS-source association before benchmark inclusion.
GEM_GIPT,L100000102391,Dahanu power station,thermal_power,India,Maharashtra,19.9534834,72.748691,operating,HIGH,Global Energy Monitor Global Integrated Power Tracker,https://globalenergymonitor.org/projects/global-integrated-power-tracker,NEEDS_REVIEW,Operating India thermal-power facility from GEM GIPT. Confirm FIRMS-source association before benchmark inclusion.
GEM_GIPT,L100000102295,Danapuram BMM power station,thermal_power,India,Karnataka,15.170332,76.379077,operating,HIGH,Global Energy Monitor Global Integrated Power Tracker,https://globalenergymonitor.org/projects/global-integrated-power-tracker,NEEDS_REVIEW,Operating India thermal-power facility from GEM GIPT. Confirm FIRMS-source association before benchmark inclusion.
GEM_GIPT,L100000102295,Danapuram BMM power station,thermal_power,India,Karnataka,15.170332,76.379077,operating,HIGH,Global Energy Monitor Global Integrated Power Tracker,https://globalenergymonitor.org/projects/global-integrated-power-tracker,NEEDS_REVIEW,Operating India thermal-power facility from GEM GIPT. Confirm FIRMS-source association before benchmark inclusion.
GEM_GIPT,L100000102458,Darlipali power station,thermal_power,India,Odisha,21.963554,83.89187,operating,HIGH,Global Energy Monitor Global Integrated Power Tracker,https://globalenergymonitor.org/projects/global-integrated-power-tracker,NEEDS_REVIEW,Operating India thermal-power facility from GEM GIPT. Confirm FIRMS-source association before benchmark inclusion.
GEM_GIPT,L100000102458,Darlipali power station,thermal_power,India,Odisha,21.963554,83.89187,operating,HIGH,Global Energy Monitor Global Integrated Power Tracker,https://globalenergymonitor.org/projects/global-integrated-power-tracker,NEEDS_REVIEW,Operating India thermal-power facility from GEM GIPT. Confirm FIRMS-source association before benchmark inclusion.
GEM_GIPT,L100000102234,Deenbandhu Chhotu Ram Thermal Power Plant,thermal_power,India,Haryana,30.1075175,77.3267646,operating,HIGH,Global Energy Monitor Global Integrated Power Tracker,https://globalenergymonitor.org/projects/global-integrated-power-tracker,NEEDS_REVIEW,Operating India thermal-power facility from GEM GIPT. Confirm FIRMS-source association before benchmark inclusion.
GEM_GIPT,L100000102234,Deenbandhu Chhotu Ram Thermal Power Plant,thermal_power,India,Haryana,30.1075175,77.3267646,operating,HIGH,Global Energy Monitor Global Integrated Power Tracker,https://globalenergymonitor.org/projects/global-integrated-power-tracker,NEEDS_REVIEW,Operating India thermal-power facility from GEM GIPT. Confirm FIRMS-source association before benchmark inclusion.
GEM_GIPT,L100000102394,Dhariwal power station,thermal_power,India,Maharashtra,20.010588,79.203433,operating,HIGH,Global Energy Monitor Global Integrated Power Tracker,https://globalenergymonitor.org/projects/global-integrated-power-tracker,NEEDS_REVIEW,Operating India thermal-power facility from GEM GIPT. Confirm FIRMS-source association before benchmark inclusion.
GEM_GIPT,L100000102394,Dhariwal power station,thermal_power,India,Maharashtra,20.010588,79.203433,operating,HIGH,Global Energy Monitor Global Integrated Power Tracker,https://globalenergymonitor.org/projects/global-integrated-power-tracker,NEEDS_REVIEW,Operating India thermal-power facility from GEM GIPT. Confirm FIRMS-source association before benchmark inclusion.
GEM_GIPT,L100000102142,Dongamahua Captive Power Plant,thermal_power,India,Chhattisgarh,22.1279449,83.5359192,operating,HIGH,Global Energy Monitor Global Integrated Power Tracker,https://globalenergymonitor.org/projects/global-integrated-power-tracker,NEEDS_REVIEW,Operating India thermal-power facility from GEM GIPT. Confirm FIRMS-source association before benchmark inclusion.
GEM_GIPT,L100000102142,Dongamahua Captive Power Plant,thermal_power,India,Chhattisgarh,22.1279449,83.5359192,operating,HIGH,Global Energy Monitor Global Integrated Power Tracker,https://globalenergymonitor.org/projects/global-integrated-power-tracker,NEEDS_REVIEW,Operating India thermal-power facility from GEM GIPT. Confirm FIRMS-source association before benchmark inclusion.
GEM_GIPT,L100000102142,Dongamahua Captive Power Plant,thermal_power,India,Chhattisgarh,22.1279449,83.5359192,operating,HIGH,Global Energy Monitor Global Integrated Power Tracker,https://globalenergymonitor.org/projects/global-integrated-power-tracker,NEEDS_REVIEW,Operating India thermal-power facility from GEM GIPT. Confirm FIRMS-source association before benchmark inclusion.
GEM_GIPT,L100000102142,Dongamahua Captive Power Plant,thermal_power,India,Chhattisgarh,22.1279449,83.5359192,operating,HIGH,Global Energy Monitor Global Integrated Power Tracker,https://globalenergymonitor.org/projects/global-integrated-power-tracker,NEEDS_REVIEW,Operating India thermal-power facility from GEM GIPT. Confirm FIRMS-source association before benchmark inclusion.
GEM_GIPT,L100000102038,Dr. Narla Tata Rao Thermal power station,thermal_power,India,Andhra Pradesh,16.5984901,80.5365853,operating,HIGH,Global Energy Monitor Global Integrated Power Tracker,https://globalenergymonitor.org/projects/global-integrated-power-tracker,NEEDS_REVIEW,Operating India thermal-power facility from GEM GIPT. Confirm FIRMS-source association before benchmark inclusion.
GEM_GIPT,L100000102038,Dr. Narla Tata Rao Thermal power station,thermal_power,India,Andhra Pradesh,16.5984901,80.5365853,operating,HIGH,Global Energy Monitor Global Integrated Power Tracker,https://globalenergymonitor.org/projects/global-integrated-power-tracker,NEEDS_REVIEW,Operating India thermal-power facility from GEM GIPT. Confirm FIRMS-source association before benchmark inclusion.
GEM_GIPT,L100000102038,Dr. Narla Tata Rao Thermal power station,thermal_power,India,Andhra Pradesh,16.5984901,80.5365853,operating,HIGH,Global Energy Monitor Global Integrated Power Tracker,https://globalenergymonitor.org/projects/global-integrated-power-tracker,NEEDS_REVIEW,Operating India thermal-power facility from GEM GIPT. Confirm FIRMS-source association before benchmark inclusion.
GEM_GIPT,L100000102038,Dr. Narla Tata Rao Thermal power station,thermal_power,India,Andhra Pradesh,16.5984901,80.5365853,operating,HIGH,Global Energy Monitor Global Integrated Power Tracker,https://globalenergymonitor.org/projects/global-integrated-power-tracker,NEEDS_REVIEW,Operating India thermal-power facility from GEM GIPT. Confirm FIRMS-source association before benchmark inclusion.
GEM_GIPT,L100000102038,Dr. Narla Tata Rao Thermal power station,thermal_power,India,Andhra Pradesh,16.5984901,80.5365853,operating,HIGH,Global Energy Monitor Global Integrated Power Tracker,https://globalenergymonitor.org/projects/global-integrated-power-tracker,NEEDS_REVIEW,Operating India thermal-power facility from GEM GIPT. Confirm FIRMS-source association before benchmark inclusion.
GEM_GIPT,L100000102038,Dr. Narla Tata Rao Thermal power station,thermal_power,India,Andhra Pradesh,16.5984901,80.5365853,operating,HIGH,Global Energy Monitor Global Integrated Power Tracker,https://globalenergymonitor.org/projects/global-integrated-power-tracker,NEEDS_REVIEW,Operating India thermal-power facility from GEM GIPT. Confirm FIRMS-source association before benchmark inclusion.
GEM_GIPT,L100000102038,Dr. Narla Tata Rao Thermal power station,thermal_power,India,Andhra Pradesh,16.5974761,80.5425693,operating,HIGH,Global Energy Monitor Global Integrated Power Tracker,https://globalenergymonitor.org/projects/global-integrated-power-tracker,NEEDS_REVIEW,Operating India thermal-power facility from GEM GIPT. Confirm FIRMS-source association before benchmark inclusion.
GEM_GIPT,L100000102038,Dr. Narla Tata Rao Thermal power station,thermal_power,India,Andhra Pradesh,16.5913364,80.5376528,operating,HIGH,Global Energy Monitor Global Integrated Power Tracker,https://globalenergymonitor.org/projects/global-integrated-power-tracker,NEEDS_REVIEW,Operating India thermal-power facility from GEM GIPT. Confirm FIRMS-source association before benchmark inclusion.
GEM_GIPT,L100000102143,Dr. Shyama Prasad Mukherjee Thermal Power Station,thermal_power,India,Chhattisgarh,22.368196,82.721986,operating,HIGH,Global Energy Monitor Global Integrated Power Tracker,https://globalenergymonitor.org/projects/global-integrated-power-tracker,NEEDS_REVIEW,Operating India thermal-power facility from GEM GIPT. Confirm FIRMS-source association before benchmark inclusion.
GEM_GIPT,L100000102143,Dr. Shyama Prasad Mukherjee Thermal Power Station,thermal_power,India,Chhattisgarh,22.368196,82.721986,operating,HIGH,Global Energy Monitor Global Integrated Power Tracker,https://globalenergymonitor.org/projects/global-integrated-power-tracker,NEEDS_REVIEW,Operating India thermal-power facility from GEM GIPT. Confirm FIRMS-source association before benchmark inclusion.
GEM_GIPT,L100000102459,Duburi Steel power station,thermal_power,India,Odisha,20.960233,86.050308,operating,HIGH,Global Energy Monitor Global Integrated Power Tracker,https://globalenergymonitor.org/projects/global-integrated-power-tracker,NEEDS_REVIEW,Operating India thermal-power facility from GEM GIPT. Confirm FIRMS-source association before benchmark inclusion.
GEM_GIPT,L100000102459,Duburi Steel power station,thermal_power,India,Odisha,20.960233,86.050308,operating,HIGH,Global Energy Monitor Global Integrated Power Tracker,https://globalenergymonitor.org/projects/global-integrated-power-tracker,NEEDS_REVIEW,Operating India thermal-power facility from GEM GIPT. Confirm FIRMS-source association before benchmark inclusion.
GEM_GIPT,L100000102669,Durgapur Projects Limited power station,thermal_power,India,West Bengal,23.521147,87.302309,operating,HIGH,Global Energy Monitor Global Integrated Power Tracker,https://globalenergymonitor.org/projects/global-integrated-power-tracker,NEEDS_REVIEW,Operating India thermal-power facility from GEM GIPT. Confirm FIRMS-source association before benchmark inclusion.
GEM_GIPT,L100000102669,Durgapur Projects Limited power station,thermal_power,India,West Bengal,23.521147,87.302309,operating,HIGH,Global Energy Monitor Global Integrated Power Tracker,https://globalenergymonitor.org/projects/global-integrated-power-tracker,NEEDS_REVIEW,Operating India thermal-power facility from GEM GIPT. Confirm FIRMS-source association before benchmark inclusion.
GEM_GIPT,L100000102671,Durgapur SAIL power station,thermal_power,India,West Bengal,23.551805,87.248475,operating,HIGH,Global Energy Monitor Global Integrated Power Tracker,https://globalenergymonitor.org/projects/global-integrated-power-tracker,NEEDS_REVIEW,Operating India thermal-power facility from GEM GIPT. Confirm FIRMS-source association before benchmark inclusion.
GEM_GIPT,L100000102671,Durgapur SAIL power station,thermal_power,India,West Bengal,23.551805,87.248475,operating,HIGH,Global Energy Monitor Global Integrated Power Tracker,https://globalenergymonitor.org/projects/global-integrated-power-tracker,NEEDS_REVIEW,Operating India thermal-power facility from GEM GIPT. Confirm FIRMS-source association before benchmark inclusion.
GEM_GIPT,L100000102672,Durgapur Steel City Andal power station,thermal_power,India,West Bengal,23.58,87.2043,operating,HIGH,Global Energy Monitor Global Integrated Power Tracker,https://globalenergymonitor.org/projects/global-integrated-power-tracker,NEEDS_REVIEW,Operating India thermal-power facility from GEM GIPT. Confirm FIRMS-source association before benchmark inclusion.
GEM_GIPT,L100000102672,Durgapur Steel City Andal power station,thermal_power,India,West Bengal,23.58,87.2043,operating,HIGH,Global Energy Monitor Global Integrated Power Tracker,https://globalenergymonitor.org/projects/global-integrated-power-tracker,NEEDS_REVIEW,Operating India thermal-power facility from GEM GIPT. Confirm FIRMS-source association before benchmark inclusion.
GEM_GIPT,L100000102040,East Godavari Mill power station,thermal_power,India,Andhra Pradesh,17.029896,81.772481,operating,HIGH,Global Energy Monitor Global Integrated Power Tracker,https://globalenergymonitor.org/projects/global-integrated-power-tracker,NEEDS_REVIEW,Operating India thermal-power facility from GEM GIPT. Confirm FIRMS-source association before benchmark inclusion.
GEM_GIPT,L100000102673,Farakka power station,thermal_power,India,West Bengal,24.772729,87.893707,operating,HIGH,Global Energy Monitor Global Integrated Power Tracker,https://globalenergymonitor.org/projects/global-integrated-power-tracker,NEEDS_REVIEW,Operating India thermal-power facility from GEM GIPT. Confirm FIRMS-source association before benchmark inclusion.
GEM_GIPT,L100000102673,Farakka power station,thermal_power,India,West Bengal,24.772729,87.893707,operating,HIGH,Global Energy Monitor Global Integrated Power Tracker,https://globalenergymonitor.org/projects/global-integrated-power-tracker,NEEDS_REVIEW,Operating India thermal-power facility from GEM GIPT. Confirm FIRMS-source association before benchmark inclusion.
GEM_GIPT,L100000102673,Farakka power station,thermal_power,India,West Bengal,24.772729,87.893707,operating,HIGH,Global Energy Monitor Global Integrated Power Tracker,https://globalenergymonitor.org/projects/global-integrated-power-tracker,NEEDS_REVIEW,Operating India thermal-power facility from GEM GIPT. Confirm FIRMS-source association before benchmark inclusion.
GEM_GIPT,L100000102673,Farakka power station,thermal_power,India,West Bengal,24.772729,87.893707,operating,HIGH,Global Energy Monitor Global Integrated Power Tracker,https://globalenergymonitor.org/projects/global-integrated-power-tracker,NEEDS_REVIEW,Operating India thermal-power facility from GEM GIPT. Confirm FIRMS-source association before benchmark inclusion.
GEM_GIPT,L100000102673,Farakka power station,thermal_power,India,West Bengal,24.772729,87.893707,operating,HIGH,Global Energy Monitor Global Integrated Power Tracker,https://globalenergymonitor.org/projects/global-integrated-power-tracker,NEEDS_REVIEW,Operating India thermal-power facility from GEM GIPT. Confirm FIRMS-source association before benchmark inclusion.
GEM_GIPT,L100000102673,Farakka power station,thermal_power,India,West Bengal,24.772729,87.893707,operating,HIGH,Global Energy Monitor Global Integrated Power Tracker,https://globalenergymonitor.org/projects/global-integrated-power-tracker,NEEDS_REVIEW,Operating India thermal-power facility from GEM GIPT. Confirm FIRMS-source association before benchmark inclusion.
GEM_GIPT,L100000102626,Feroze Gandhi Unchahar Power Station,thermal_power,India,Uttar Pradesh,25.9137597,81.3272384,operating,HIGH,Global Energy Monitor Global Integrated Power Tracker,https://globalenergymonitor.org/projects/global-integrated-power-tracker,NEEDS_REVIEW,Operating India thermal-power facility from GEM GIPT. Confirm FIRMS-source association before benchmark inclusion.
GEM_GIPT,L100000102626,Feroze Gandhi Unchahar Power Station,thermal_power,India,Uttar Pradesh,25.9137597,81.3272384,operating,HIGH,Global Energy Monitor Global Integrated Power Tracker,https://globalenergymonitor.org/projects/global-integrated-power-tracker,NEEDS_REVIEW,Operating India thermal-power facility from GEM GIPT. Confirm FIRMS-source association before benchmark inclusion.
GEM_GIPT,L100000102626,Feroze Gandhi Unchahar Power Station,thermal_power,India,Uttar Pradesh,25.9137597,81.3272384,operating,HIGH,Global Energy Monitor Global Integrated Power Tracker,https://globalenergymonitor.org/projects/global-integrated-power-tracker,NEEDS_REVIEW,Operating India thermal-power facility from GEM GIPT. Confirm FIRMS-source association before benchmark inclusion.
GEM_GIPT,L100000102626,Feroze Gandhi Unchahar Power Station,thermal_power,India,Uttar Pradesh,25.9137597,81.3272384,operating,HIGH,Global Energy Monitor Global Integrated Power Tracker,https://globalenergymonitor.org/projects/global-integrated-power-tracker,NEEDS_REVIEW,Operating India thermal-power facility from GEM GIPT. Confirm FIRMS-source association before benchmark inclusion.
GEM_GIPT,L100000102626,Feroze Gandhi Unchahar Power Station,thermal_power,India,Uttar Pradesh,25.9137597,81.3272384,operating,HIGH,Global Energy Monitor Global Integrated Power Tracker,https://globalenergymonitor.org/projects/global-integrated-power-tracker,NEEDS_REVIEW,Operating India thermal-power facility from GEM GIPT. Confirm FIRMS-source association before benchmark inclusion.
GEM_GIPT,L100000102626,Feroze Gandhi Unchahar Power Station,thermal_power,India,Uttar Pradesh,25.9122537,81.3206291,operating,HIGH,Global Energy Monitor Global Integrated Power Tracker,https://globalenergymonitor.org/projects/global-integrated-power-tracker,NEEDS_REVIEW,Operating India thermal-power facility from GEM GIPT. Confirm FIRMS-source association before benchmark inclusion.
GEM_GIPT,L100000104976,GACL-NALCO Dahej Caustic captive power station,thermal_power,India,Gujarat,21.710191,72.690406,operating,HIGH,Global Energy Monitor Global Integrated Power Tracker,https://globalenergymonitor.org/projects/global-integrated-power-tracker,NEEDS_REVIEW,Operating India thermal-power facility from GEM GIPT. Confirm FIRMS-source association before benchmark inclusion.
GEM_GIPT,L100000104976,GACL-NALCO Dahej Caustic captive power station,thermal_power,India,Gujarat,21.710191,72.690406,operating,HIGH,Global Energy Monitor Global Integrated Power Tracker,https://globalenergymonitor.org/projects/global-integrated-power-tracker,NEEDS_REVIEW,Operating India thermal-power facility from GEM GIPT. Confirm FIRMS-source association before benchmark inclusion.
GEM_GIPT,L100000102331,Gadarwara power station (BLA),thermal_power,India,Madhya Pradesh,22.958166,78.732893,operating,HIGH,Global Energy Monitor Global Integrated Power Tracker,https://globalenergymonitor.org/projects/global-integrated-power-tracker,NEEDS_REVIEW,Operating India thermal-power facility from GEM GIPT. Confirm FIRMS-source association before benchmark inclusion.
GEM_GIPT,L100000102331,Gadarwara power station (BLA),thermal_power,India,Madhya Pradesh,22.958166,78.732893,operating,HIGH,Global Energy Monitor Global Integrated Power Tracker,https://globalenergymonitor.org/projects/global-integrated-power-tracker,NEEDS_REVIEW,Operating India thermal-power facility from GEM GIPT. Confirm FIRMS-source association before benchmark inclusion.
GEM_GIPT,L100000102332,Gadarwara Super Thermal Power Project,thermal_power,India,Madhya Pradesh,22.861752,78.866129,operating,HIGH,Global Energy Monitor Global Integrated Power Tracker,https://globalenergymonitor.org/projects/global-integrated-power-tracker,NEEDS_REVIEW,Operating India thermal-power facility from GEM GIPT. Confirm FIRMS-source association before benchmark inclusion.
GEM_GIPT,L100000102332,Gadarwara Super Thermal Power Project,thermal_power,India,Madhya Pradesh,22.861752,78.866129,operating,HIGH,Global Energy Monitor Global Integrated Power Tracker,https://globalenergymonitor.org/projects/global-integrated-power-tracker,NEEDS_REVIEW,Operating India thermal-power facility from GEM GIPT. Confirm FIRMS-source association before benchmark inclusion.
GEM_GIPT,L100000102207,Gandhinagar Thermal Power Station,thermal_power,India,Gujarat,23.249722,72.673889,operating,HIGH,Global Energy Monitor Global Integrated Power Tracker,https://globalenergymonitor.org/projects/global-integrated-power-tracker,NEEDS_REVIEW,Operating India thermal-power facility from GEM GIPT. Confirm FIRMS-source association before benchmark inclusion.
GEM_GIPT,L100000102207,Gandhinagar Thermal Power Station,thermal_power,India,Gujarat,23.249722,72.673889,operating,HIGH,Global Energy Monitor Global Integrated Power Tracker,https://globalenergymonitor.org/projects/global-integrated-power-tracker,NEEDS_REVIEW,Operating India thermal-power facility from GEM GIPT. Confirm FIRMS-source association before benchmark inclusion.
GEM_GIPT,L100000102207,Gandhinagar Thermal Power Station,thermal_power,India,Gujarat,23.249722,72.673889,operating,HIGH,Global Energy Monitor Global Integrated Power Tracker,https://globalenergymonitor.org/projects/global-integrated-power-tracker,NEEDS_REVIEW,Operating India thermal-power facility from GEM GIPT. Confirm FIRMS-source association before benchmark inclusion.
GEM_GIPT,L100000102593,Ganeshpahad Cement power station,thermal_power,India,Telangana,16.719583,79.69445,operating,HIGH,Global Energy Monitor Global Integrated Power Tracker,https://globalenergymonitor.org/projects/global-integrated-power-tracker,NEEDS_REVIEW,Operating India thermal-power facility from GEM GIPT. Confirm FIRMS-source association before benchmark inclusion.
GEM_GIPT,L100000102593,Ganeshpahad Cement power station,thermal_power,India,Telangana,16.719583,79.69445,operating,HIGH,Global Energy Monitor Global Integrated Power Tracker,https://globalenergymonitor.org/projects/global-integrated-power-tracker,NEEDS_REVIEW,Operating India thermal-power facility from GEM GIPT. Confirm FIRMS-source association before benchmark inclusion.
GEM_GIPT,L100000102628,Ghatampur power station,thermal_power,India,Uttar Pradesh,25.975,80.1889,operating,HIGH,Global Energy Monitor Global Integrated Power Tracker,https://globalenergymonitor.org/projects/global-integrated-power-tracker,NEEDS_REVIEW,Operating India thermal-power facility from GEM GIPT. Confirm FIRMS-source association before benchmark inclusion.
GEM_GIPT,L100000102628,Ghatampur power station,thermal_power,India,Uttar Pradesh,25.975,80.1889,operating,HIGH,Global Energy Monitor Global Integrated Power Tracker,https://globalenergymonitor.org/projects/global-integrated-power-tracker,NEEDS_REVIEW,Operating India thermal-power facility from GEM GIPT. Confirm FIRMS-source association before benchmark inclusion.
GEM_GIPT,L100000102628,Ghatampur power station,thermal_power,India,Uttar Pradesh,25.975,80.1889,operating,HIGH,Global Energy Monitor Global Integrated Power Tracker,https://globalenergymonitor.org/projects/global-integrated-power-tracker,NEEDS_REVIEW,Operating India thermal-power facility from GEM GIPT. Confirm FIRMS-source association before benchmark inclusion.
GEM_GIPT,L100000102402,Ghugus power station,thermal_power,India,Maharashtra,19.92949,79.133159,operating,HIGH,Global Energy Monitor Global Integrated Power Tracker,https://globalenergymonitor.org/projects/global-integrated-power-tracker,NEEDS_REVIEW,Operating India thermal-power facility from GEM GIPT. Confirm FIRMS-source association before benchmark inclusion.
GEM_GIPT,L100000102402,Ghugus power station,thermal_power,India,Maharashtra,19.92949,79.133159,operating,HIGH,Global Energy Monitor Global Integrated Power Tracker,https://globalenergymonitor.org/projects/global-integrated-power-tracker,NEEDS_REVIEW,Operating India thermal-power facility from GEM GIPT. Confirm FIRMS-source association before benchmark inclusion.
GEM_GIPT,L100000102525,Giral power station,thermal_power,India,Rajasthan,26.045717,71.254096,operating,HIGH,Global Energy Monitor Global Integrated Power Tracker,https://globalenergymonitor.org/projects/global-integrated-power-tracker,NEEDS_REVIEW,Operating India thermal-power facility from GEM GIPT. Confirm FIRMS-source association before benchmark inclusion.
GEM_GIPT,L100000102525,Giral power station,thermal_power,India,Rajasthan,26.045717,71.254096,operating,HIGH,Global Energy Monitor Global Integrated Power Tracker,https://globalenergymonitor.org/projects/global-integrated-power-tracker,NEEDS_REVIEW,Operating India thermal-power facility from GEM GIPT. Confirm FIRMS-source association before benchmark inclusion.
GEM_GIPT,L100000102400,GMR Warora Energy power station,thermal_power,India,Maharashtra,20.279656,78.975351,operating,HIGH,Global Energy Monitor Global Integrated Power Tracker,https://globalenergymonitor.org/projects/global-integrated-power-tracker,NEEDS_REVIEW,Operating India thermal-power facility from GEM GIPT. Confirm FIRMS-source association before benchmark inclusion.
GEM_GIPT,L100000102400,GMR Warora Energy power station,thermal_power,India,Maharashtra,20.279656,78.975351,operating,HIGH,Global Energy Monitor Global Integrated Power Tracker,https://globalenergymonitor.org/projects/global-integrated-power-tracker,NEEDS_REVIEW,Operating India thermal-power facility from GEM GIPT. Confirm FIRMS-source association before benchmark inclusion.
GEM_GIPT,L100000102511,Goindwal Sahib Thermal Power Plant,thermal_power,India,Punjab,31.38414,75.146503,operating,HIGH,Global Energy Monitor Global Integrated Power Tracker,https://globalenergymonitor.org/projects/global-integrated-power-tracker,NEEDS_REVIEW,Operating India thermal-power facility from GEM GIPT. Confirm FIRMS-source association before benchmark inclusion.
GEM_GIPT,L100000102511,Goindwal Sahib Thermal Power Plant,thermal_power,India,Punjab,31.38414,75.146503,operating,HIGH,Global Energy Monitor Global Integrated Power Tracker,https://globalenergymonitor.org/projects/global-integrated-power-tracker,NEEDS_REVIEW,Operating India thermal-power facility from GEM GIPT. Confirm FIRMS-source association before benchmark inclusion.
GEM_GIPT,L100000102263,Gola power station,thermal_power,India,Jharkhand,23.48362,85.657485,operating,HIGH,Global Energy Monitor Global Integrated Power Tracker,https://globalenergymonitor.org/projects/global-integrated-power-tracker,NEEDS_REVIEW,Operating India thermal-power facility from GEM GIPT. Confirm FIRMS-source association before benchmark inclusion.
GEM_GIPT,L100000102548,Gummidipoondi Kamachi power station,thermal_power,India,Tamil Nadu,13.424018,80.087457,operating,HIGH,Global Energy Monitor Global Integrated Power Tracker,https://globalenergymonitor.org/projects/global-integrated-power-tracker,NEEDS_REVIEW,Operating India thermal-power facility from GEM GIPT. Confirm FIRMS-source association before benchmark inclusion.
GEM_GIPT,L100000102548,Gummidipoondi Kamachi power station,thermal_power,India,Tamil Nadu,13.424018,80.087457,operating,HIGH,Global Energy Monitor Global Integrated Power Tracker,https://globalenergymonitor.org/projects/global-integrated-power-tracker,NEEDS_REVIEW,Operating India thermal-power facility from GEM GIPT. Confirm FIRMS-source association before benchmark inclusion.
GEM_GIPT,L100000102549,Gummidipoondi Suryadev power station,thermal_power,India,Tamil Nadu,13.384779,80.107416,operating,HIGH,Global Energy Monitor Global Integrated Power Tracker,https://globalenergymonitor.org/projects/global-integrated-power-tracker,NEEDS_REVIEW,Operating India thermal-power facility from GEM GIPT. Confirm FIRMS-source association before benchmark inclusion.
GEM_GIPT,L100000102549,Gummidipoondi Suryadev power station,thermal_power,India,Tamil Nadu,13.384779,80.107416,operating,HIGH,Global Energy Monitor Global Integrated Power Tracker,https://globalenergymonitor.org/projects/global-integrated-power-tracker,NEEDS_REVIEW,Operating India thermal-power facility from GEM GIPT. Confirm FIRMS-source association before benchmark inclusion.
GEM_GIPT,L100000102512,Guru Hargobind Lehra Mohabbat Power Station,thermal_power,India,Punjab,30.266555,75.166097,operating,HIGH,Global Energy Monitor Global Integrated Power Tracker,https://globalenergymonitor.org/projects/global-integrated-power-tracker,NEEDS_REVIEW,Operating India thermal-power facility from GEM GIPT. Confirm FIRMS-source association before benchmark inclusion.
GEM_GIPT,L100000102512,Guru Hargobind Lehra Mohabbat Power Station,thermal_power,India,Punjab,30.266555,75.166097,operating,HIGH,Global Energy Monitor Global Integrated Power Tracker,https://globalenergymonitor.org/projects/global-integrated-power-tracker,NEEDS_REVIEW,Operating India thermal-power facility from GEM GIPT. Confirm FIRMS-source association before benchmark inclusion.
GEM_GIPT,L100000102512,Guru Hargobind Lehra Mohabbat Power Station,thermal_power,India,Punjab,30.266555,75.166097,operating,HIGH,Global Energy Monitor Global Integrated Power Tracker,https://globalenergymonitor.org/projects/global-integrated-power-tracker,NEEDS_REVIEW,Operating India thermal-power facility from GEM GIPT. Confirm FIRMS-source association before benchmark inclusion.
GEM_GIPT,L100000102512,Guru Hargobind Lehra Mohabbat Power Station,thermal_power,India,Punjab,30.266555,75.166097,operating,HIGH,Global Energy Monitor Global Integrated Power Tracker,https://globalenergymonitor.org/projects/global-integrated-power-tracker,NEEDS_REVIEW,Operating India thermal-power facility from GEM GIPT. Confirm FIRMS-source association before benchmark inclusion.
GEM_GIPT,L100000102674,Haldia Energy power station,thermal_power,India,West Bengal,22.104017,88.177345,operating,HIGH,Global Energy Monitor Global Integrated Power Tracker,https://globalenergymonitor.org/projects/global-integrated-power-tracker,NEEDS_REVIEW,Operating India thermal-power facility from GEM GIPT. Confirm FIRMS-source association before benchmark inclusion.
GEM_GIPT,L100000102674,Haldia Energy power station,thermal_power,India,West Bengal,22.104017,88.177345,operating,HIGH,Global Energy Monitor Global Integrated Power Tracker,https://globalenergymonitor.org/projects/global-integrated-power-tracker,NEEDS_REVIEW,Operating India thermal-power facility from GEM GIPT. Confirm FIRMS-source association before benchmark inclusion.
GEM_GIPT,L100000102630,Harduaganj power station,thermal_power,India,Uttar Pradesh,28.0175,78.13,operating,HIGH,Global Energy Monitor Global Integrated Power Tracker,https://globalenergymonitor.org/projects/global-integrated-power-tracker,NEEDS_REVIEW,Operating India thermal-power facility from GEM GIPT. Confirm FIRMS-source association before benchmark inclusion.
GEM_GIPT,L100000102630,Harduaganj power station,thermal_power,India,Uttar Pradesh,28.0175,78.13,operating,HIGH,Global Energy Monitor Global Integrated Power Tracker,https://globalenergymonitor.org/projects/global-integrated-power-tracker,NEEDS_REVIEW,Operating India thermal-power facility from GEM GIPT. Confirm FIRMS-source association before benchmark inclusion.
GEM_GIPT,L100000102630,Harduaganj power station,thermal_power,India,Uttar Pradesh,28.0175,78.13,operating,HIGH,Global Energy Monitor Global Integrated Power Tracker,https://globalenergymonitor.org/projects/global-integrated-power-tracker,NEEDS_REVIEW,Operating India thermal-power facility from GEM GIPT. Confirm FIRMS-source association before benchmark inclusion.
GEM_GIPT,L100000102630,Harduaganj power station,thermal_power,India,Uttar Pradesh,28.0175,78.13,operating,HIGH,Global Energy Monitor Global Integrated Power Tracker,https://globalenergymonitor.org/projects/global-integrated-power-tracker,NEEDS_REVIEW,Operating India thermal-power facility from GEM GIPT. Confirm FIRMS-source association before benchmark inclusion.
GEM_GIPT,L100000102148,Hasdeo Thermal Power Station,thermal_power,India,Chhattisgarh,22.412536,82.682187,operating,HIGH,Global Energy Monitor Global Integrated Power Tracker,https://globalenergymonitor.org/projects/global-integrated-power-tracker,NEEDS_REVIEW,Operating India thermal-power facility from GEM GIPT. Confirm FIRMS-source association before benchmark inclusion.
GEM_GIPT,L100000102148,Hasdeo Thermal Power Station,thermal_power,India,Chhattisgarh,22.412536,82.682187,operating,HIGH,Global Energy Monitor Global Integrated Power Tracker,https://globalenergymonitor.org/projects/global-integrated-power-tracker,NEEDS_REVIEW,Operating India thermal-power facility from GEM GIPT. Confirm FIRMS-source association before benchmark inclusion.
GEM_GIPT,L100000102148,Hasdeo Thermal Power Station,thermal_power,India,Chhattisgarh,22.412536,82.682187,operating,HIGH,Global Energy Monitor Global Integrated Power Tracker,https://globalenergymonitor.org/projects/global-integrated-power-tracker,NEEDS_REVIEW,Operating India thermal-power facility from GEM GIPT. Confirm FIRMS-source association before benchmark inclusion.
GEM_GIPT,L100000102148,Hasdeo Thermal Power Station,thermal_power,India,Chhattisgarh,22.412536,82.682187,operating,HIGH,Global Energy Monitor Global Integrated Power Tracker,https://globalenergymonitor.org/projects/global-integrated-power-tracker,NEEDS_REVIEW,Operating India thermal-power facility from GEM GIPT. Confirm FIRMS-source association before benchmark inclusion.
GEM_GIPT,L100000102148,Hasdeo Thermal Power Station,thermal_power,India,Chhattisgarh,22.412536,82.682187,operating,HIGH,Global Energy Monitor Global Integrated Power Tracker,https://globalenergymonitor.org/projects/global-integrated-power-tracker,NEEDS_REVIEW,Operating India thermal-power facility from GEM GIPT. Confirm FIRMS-source association before benchmark inclusion.
GEM_GIPT,L100000102149,Hathneora Captive Power Plant,thermal_power,India,Chhattisgarh,22.003538,82.6689,operating,HIGH,Global Energy Monitor Global Integrated Power Tracker,https://globalenergymonitor.org/projects/global-integrated-power-tracker,NEEDS_REVIEW,Operating India thermal-power facility from GEM GIPT. Confirm FIRMS-source association before benchmark inclusion.
GEM_GIPT,L100000102210,Hazira power station (Essar),thermal_power,India,Gujarat,21.119078,72.640545,operating,HIGH,Global Energy Monitor Global Integrated Power Tracker,https://globalenergymonitor.org/projects/global-integrated-power-tracker,NEEDS_REVIEW,Operating India thermal-power facility from GEM GIPT. Confirm FIRMS-source association before benchmark inclusion.
GEM_GIPT,L100000102210,Hazira power station (Essar),thermal_power,India,Gujarat,21.119078,72.640545,operating,HIGH,Global Energy Monitor Global Integrated Power Tracker,https://globalenergymonitor.org/projects/global-integrated-power-tracker,NEEDS_REVIEW,Operating India thermal-power facility from GEM GIPT. Confirm FIRMS-source association before benchmark inclusion.
GEM_GIPT,L100000104861,Hazira power station (Reliance),thermal_power,India,Gujarat,21.1592,72.687127,operating,HIGH,Global Energy Monitor Global Integrated Power Tracker,https://globalenergymonitor.org/projects/global-integrated-power-tracker,NEEDS_REVIEW,Operating India thermal-power facility from GEM GIPT. Confirm FIRMS-source association before benchmark inclusion.
GEM_GIPT,L100000104861,Hazira power station (Reliance),thermal_power,India,Gujarat,21.1592,72.687127,operating,HIGH,Global Energy Monitor Global Integrated Power Tracker,https://globalenergymonitor.org/projects/global-integrated-power-tracker,NEEDS_REVIEW,Operating India thermal-power facility from GEM GIPT. Confirm FIRMS-source association before benchmark inclusion.
GEM_GIPT,L100000104861,Hazira power station (Reliance),thermal_power,India,Gujarat,21.1592,72.687127,operating,HIGH,Global Energy Monitor Global Integrated Power Tracker,https://globalenergymonitor.org/projects/global-integrated-power-tracker,NEEDS_REVIEW,Operating India thermal-power facility from GEM GIPT. Confirm FIRMS-source association before benchmark inclusion.
GEM_GIPT,L100000104861,Hazira power station (Reliance),thermal_power,India,Gujarat,21.1592,72.687127,operating,HIGH,Global Energy Monitor Global Integrated Power Tracker,https://globalenergymonitor.org/projects/global-integrated-power-tracker,NEEDS_REVIEW,Operating India thermal-power facility from GEM GIPT. Confirm FIRMS-source association before benchmark inclusion.
GEM_GIPT,L100000102466,Hirakud Smelter power station,thermal_power,India,Odisha,21.529687,83.904569,operating,HIGH,Global Energy Monitor Global Integrated Power Tracker,https://globalenergymonitor.org/projects/global-integrated-power-tracker,NEEDS_REVIEW,Operating India thermal-power facility from GEM GIPT. Confirm FIRMS-source association before benchmark inclusion.
GEM_GIPT,L100000102466,Hirakud Smelter power station,thermal_power,India,Odisha,21.529687,83.904569,operating,HIGH,Global Energy Monitor Global Integrated Power Tracker,https://globalenergymonitor.org/projects/global-integrated-power-tracker,NEEDS_REVIEW,Operating India thermal-power facility from GEM GIPT. Confirm FIRMS-source association before benchmark inclusion.
GEM_GIPT,L100000102466,Hirakud Smelter power station,thermal_power,India,Odisha,21.529687,83.904569,operating,HIGH,Global Energy Monitor Global Integrated Power Tracker,https://globalenergymonitor.org/projects/global-integrated-power-tracker,NEEDS_REVIEW,Operating India thermal-power facility from GEM GIPT. Confirm FIRMS-source association before benchmark inclusion.
GEM_GIPT,L100000102466,Hirakud Smelter power station,thermal_power,India,Odisha,21.529687,83.904569,operating,HIGH,Global Energy Monitor Global Integrated Power Tracker,https://globalenergymonitor.org/projects/global-integrated-power-tracker,NEEDS_REVIEW,Operating India thermal-power facility from GEM GIPT. Confirm FIRMS-source association before benchmark inclusion.
GEM_GIPT,L100000104433,Hiranmaye Haldia power station,thermal_power,India,West Bengal,22.0770275,88.0982268,operating,HIGH,Global Energy Monitor Global Integrated Power Tracker,https://globalenergymonitor.org/projects/global-integrated-power-tracker,NEEDS_REVIEW,Operating India thermal-power facility from GEM GIPT. Confirm FIRMS-source association before benchmark inclusion.
GEM_GIPT,L100000104433,Hiranmaye Haldia power station,thermal_power,India,West Bengal,22.0770275,88.0982268,operating,HIGH,Global Energy Monitor Global Integrated Power Tracker,https://globalenergymonitor.org/projects/global-integrated-power-tracker,NEEDS_REVIEW,Operating India thermal-power facility from GEM GIPT. Confirm FIRMS-source association before benchmark inclusion.
GEM_GIPT,L100000102599,HWP Manuguru power station,thermal_power,India,Telangana,17.87832,80.848644,operating,HIGH,Global Energy Monitor Global Integrated Power Tracker,https://globalenergymonitor.org/projects/global-integrated-power-tracker,NEEDS_REVIEW,Operating India thermal-power facility from GEM GIPT. Confirm FIRMS-source association before benchmark inclusion.
GEM_GIPT,L100000102599,HWP Manuguru power station,thermal_power,India,Telangana,17.87832,80.848644,operating,HIGH,Global Energy Monitor Global Integrated Power Tracker,https://globalenergymonitor.org/projects/global-integrated-power-tracker,NEEDS_REVIEW,Operating India thermal-power facility from GEM GIPT. Confirm FIRMS-source association before benchmark inclusion.
GEM_GIPT,L100000102599,HWP Manuguru power station,thermal_power,India,Telangana,17.87832,80.848644,operating,HIGH,Global Energy Monitor Global Integrated Power Tracker,https://globalenergymonitor.org/projects/global-integrated-power-tracker,NEEDS_REVIEW,Operating India thermal-power facility from GEM GIPT. Confirm FIRMS-source association before benchmark inclusion.
GEM_GIPT,L100000102467,Ib Valley Thermal Power Station,thermal_power,India,Odisha,21.6897827,83.8601567,operating,HIGH,Global Energy Monitor Global Integrated Power Tracker,https://globalenergymonitor.org/projects/global-integrated-power-tracker,NEEDS_REVIEW,Operating India thermal-power facility from GEM GIPT. Confirm FIRMS-source association before benchmark inclusion.
GEM_GIPT,L100000102467,Ib Valley Thermal Power Station,thermal_power,India,Odisha,21.6897827,83.8601567,operating,HIGH,Global Energy Monitor Global Integrated Power Tracker,https://globalenergymonitor.org/projects/global-integrated-power-tracker,NEEDS_REVIEW,Operating India thermal-power facility from GEM GIPT. Confirm FIRMS-source association before benchmark inclusion.
GEM_GIPT,L100000102467,Ib Valley Thermal Power Station,thermal_power,India,Odisha,21.690729,83.860096,operating,HIGH,Global Energy Monitor Global Integrated Power Tracker,https://globalenergymonitor.org/projects/global-integrated-power-tracker,NEEDS_REVIEW,Operating India thermal-power facility from GEM GIPT. Confirm FIRMS-source association before benchmark inclusion.
GEM_GIPT,L100000102467,Ib Valley Thermal Power Station,thermal_power,India,Odisha,21.690729,83.860096,operating,HIGH,Global Energy Monitor Global Integrated Power Tracker,https://globalenergymonitor.org/projects/global-integrated-power-tracker,NEEDS_REVIEW,Operating India thermal-power facility from GEM GIPT. Confirm FIRMS-source association before benchmark inclusion.
GEM_GIPT,L100000102237,Indira Gandhi Super Thermal Power Project,thermal_power,India,Haryana,28.485091,76.37316,operating,HIGH,Global Energy Monitor Global Integrated Power Tracker,https://globalenergymonitor.org/projects/global-integrated-power-tracker,NEEDS_REVIEW,Operating India thermal-power facility from GEM GIPT. Confirm FIRMS-source association before benchmark inclusion.
GEM_GIPT,L100000102237,Indira Gandhi Super Thermal Power Project,thermal_power,India,Haryana,28.485091,76.37316,operating,HIGH,Global Energy Monitor Global Integrated Power Tracker,https://globalenergymonitor.org/projects/global-integrated-power-tracker,NEEDS_REVIEW,Operating India thermal-power facility from GEM GIPT. Confirm FIRMS-source association before benchmark inclusion.
GEM_GIPT,L100000102237,Indira Gandhi Super Thermal Power Project,thermal_power,India,Haryana,28.485091,76.37316,operating,HIGH,Global Energy Monitor Global Integrated Power Tracker,https://globalenergymonitor.org/projects/global-integrated-power-tracker,NEEDS_REVIEW,Operating India thermal-power facility from GEM GIPT. Confirm FIRMS-source association before benchmark inclusion.
GEM_GIPT,L100000102265,Jamshedpur Works power station,thermal_power,India,Jharkhand,22.787368,86.200088,operating,HIGH,Global Energy Monitor Global Integrated Power Tracker,https://globalenergymonitor.org/projects/global-integrated-power-tracker,NEEDS_REVIEW,Operating India thermal-power facility from GEM GIPT. Confirm FIRMS-source association before benchmark inclusion.
GEM_GIPT,L100000102265,Jamshedpur Works power station,thermal_power,India,Jharkhand,22.787368,86.200088,operating,HIGH,Global Energy Monitor Global Integrated Power Tracker,https://globalenergymonitor.org/projects/global-integrated-power-tracker,NEEDS_REVIEW,Operating India thermal-power facility from GEM GIPT. Confirm FIRMS-source association before benchmark inclusion.
GEM_GIPT,L100000102265,Jamshedpur Works power station,thermal_power,India,Jharkhand,22.787368,86.200088,operating,HIGH,Global Energy Monitor Global Integrated Power Tracker,https://globalenergymonitor.org/projects/global-integrated-power-tracker,NEEDS_REVIEW,Operating India thermal-power facility from GEM GIPT. Confirm FIRMS-source association before benchmark inclusion.
GEM_GIPT,L100000102632,Jawaharpur Thermal Project,thermal_power,India,Uttar Pradesh,27.497098,78.826071,operating,HIGH,Global Energy Monitor Global Integrated Power Tracker,https://globalenergymonitor.org/projects/global-integrated-power-tracker,NEEDS_REVIEW,Operating India thermal-power facility from GEM GIPT. Confirm FIRMS-source association before benchmark inclusion.
GEM_GIPT,L100000102632,Jawaharpur Thermal Project,thermal_power,India,Uttar Pradesh,27.497098,78.826071,operating,HIGH,Global Energy Monitor Global Integrated Power Tracker,https://globalenergymonitor.org/projects/global-integrated-power-tracker,NEEDS_REVIEW,Operating India thermal-power facility from GEM GIPT. Confirm FIRMS-source association before benchmark inclusion.
GEM_GIPT,L100000102338,Jaypee Nigrie Super Thermal Power Project,thermal_power,India,Madhya Pradesh,24.14997,81.904525,operating,HIGH,Global Energy Monitor Global Integrated Power Tracker,https://globalenergymonitor.org/projects/global-integrated-power-tracker,NEEDS_REVIEW,Operating India thermal-power facility from GEM GIPT. Confirm FIRMS-source association before benchmark inclusion.
GEM_GIPT,L100000102338,Jaypee Nigrie Super Thermal Power Project,thermal_power,India,Madhya Pradesh,24.14997,81.904525,operating,HIGH,Global Energy Monitor Global Integrated Power Tracker,https://globalenergymonitor.org/projects/global-integrated-power-tracker,NEEDS_REVIEW,Operating India thermal-power facility from GEM GIPT. Confirm FIRMS-source association before benchmark inclusion.
GEM_GIPT,L100000102470,Jharsuguda CPP power station,thermal_power,India,Odisha,21.787993,84.054361,operating,HIGH,Global Energy Monitor Global Integrated Power Tracker,https://globalenergymonitor.org/projects/global-integrated-power-tracker,NEEDS_REVIEW,Operating India thermal-power facility from GEM GIPT. Confirm FIRMS-source association before benchmark inclusion.
GEM_GIPT,L100000102470,Jharsuguda CPP power station,thermal_power,India,Odisha,21.787993,84.054361,operating,HIGH,Global Energy Monitor Global Integrated Power Tracker,https://globalenergymonitor.org/projects/global-integrated-power-tracker,NEEDS_REVIEW,Operating India thermal-power facility from GEM GIPT. Confirm FIRMS-source association before benchmark inclusion.
GEM_GIPT,L100000102470,Jharsuguda CPP power station,thermal_power,India,Odisha,21.787993,84.054361,operating,HIGH,Global Energy Monitor Global Integrated Power Tracker,https://globalenergymonitor.org/projects/global-integrated-power-tracker,NEEDS_REVIEW,Operating India thermal-power facility from GEM GIPT. Confirm FIRMS-source association before benchmark inclusion.
GEM_GIPT,L100000102470,Jharsuguda CPP power station,thermal_power,India,Odisha,21.787993,84.054361,operating,HIGH,Global Energy Monitor Global Integrated Power Tracker,https://globalenergymonitor.org/projects/global-integrated-power-tracker,NEEDS_REVIEW,Operating India thermal-power facility from GEM GIPT. Confirm FIRMS-source association before benchmark inclusion.
GEM_GIPT,L100000102470,Jharsuguda CPP power station,thermal_power,India,Odisha,21.787993,84.054361,operating,HIGH,Global Energy Monitor Global Integrated Power Tracker,https://globalenergymonitor.org/projects/global-integrated-power-tracker,NEEDS_REVIEW,Operating India thermal-power facility from GEM GIPT. Confirm FIRMS-source association before benchmark inclusion.
GEM_GIPT,L100000102470,Jharsuguda CPP power station,thermal_power,India,Odisha,21.787993,84.054361,operating,HIGH,Global Energy Monitor Global Integrated Power Tracker,https://globalenergymonitor.org/projects/global-integrated-power-tracker,NEEDS_REVIEW,Operating India thermal-power facility from GEM GIPT. Confirm FIRMS-source association before benchmark inclusion.
GEM_GIPT,L100000102470,Jharsuguda CPP power station,thermal_power,India,Odisha,21.787993,84.054361,operating,HIGH,Global Energy Monitor Global Integrated Power Tracker,https://globalenergymonitor.org/projects/global-integrated-power-tracker,NEEDS_REVIEW,Operating India thermal-power facility from GEM GIPT. Confirm FIRMS-source association before benchmark inclusion.
GEM_GIPT,L100000102470,Jharsuguda CPP power station,thermal_power,India,Odisha,21.787993,84.054361,operating,HIGH,Global Energy Monitor Global Integrated Power Tracker,https://globalenergymonitor.org/projects/global-integrated-power-tracker,NEEDS_REVIEW,Operating India thermal-power facility from GEM GIPT. Confirm FIRMS-source association before benchmark inclusion.
GEM_GIPT,L100000102470,Jharsuguda CPP power station,thermal_power,India,Odisha,21.787993,84.054361,operating,HIGH,Global Energy Monitor Global Integrated Power Tracker,https://globalenergymonitor.org/projects/global-integrated-power-tracker,NEEDS_REVIEW,Operating India thermal-power facility from GEM GIPT. Confirm FIRMS-source association before benchmark inclusion.
GEM_GIPT,L100000102471,Jharsuguda Ind-Barath power station,thermal_power,India,Odisha,21.657942,83.919513,operating,HIGH,Global Energy Monitor Global Integrated Power Tracker,https://globalenergymonitor.org/projects/global-integrated-power-tracker,NEEDS_REVIEW,Operating India thermal-power facility from GEM GIPT. Confirm FIRMS-source association before benchmark inclusion.
GEM_GIPT,L100000102471,Jharsuguda Ind-Barath power station,thermal_power,India,Odisha,21.657942,83.919513,operating,HIGH,Global Energy Monitor Global Integrated Power Tracker,https://globalenergymonitor.org/projects/global-integrated-power-tracker,NEEDS_REVIEW,Operating India thermal-power facility from GEM GIPT. Confirm FIRMS-source association before benchmark inclusion.
GEM_GIPT,L100000102472,Jharsuguda Sterlite power station,thermal_power,India,Odisha,21.815743,84.042036,operating,HIGH,Global Energy Monitor Global Integrated Power Tracker,https://globalenergymonitor.org/projects/global-integrated-power-tracker,NEEDS_REVIEW,Operating India thermal-power facility from GEM GIPT. Confirm FIRMS-source association before benchmark inclusion.
GEM_GIPT,L100000102472,Jharsuguda Sterlite power station,thermal_power,India,Odisha,21.815743,84.042036,operating,HIGH,Global Energy Monitor Global Integrated Power Tracker,https://globalenergymonitor.org/projects/global-integrated-power-tracker,NEEDS_REVIEW,Operating India thermal-power facility from GEM GIPT. Confirm FIRMS-source association before benchmark inclusion.
GEM_GIPT,L100000102472,Jharsuguda Sterlite power station,thermal_power,India,Odisha,21.815743,84.042036,operating,HIGH,Global Energy Monitor Global Integrated Power Tracker,https://globalenergymonitor.org/projects/global-integrated-power-tracker,NEEDS_REVIEW,Operating India thermal-power facility from GEM GIPT. Confirm FIRMS-source association before benchmark inclusion.
GEM_GIPT,L100000102472,Jharsuguda Sterlite power station,thermal_power,India,Odisha,21.815743,84.042036,operating,HIGH,Global Energy Monitor Global Integrated Power Tracker,https://globalenergymonitor.org/projects/global-integrated-power-tracker,NEEDS_REVIEW,Operating India thermal-power facility from GEM GIPT. Confirm FIRMS-source association before benchmark inclusion.
GEM_GIPT,L100001000104,Jojobera Cement Plant power station,thermal_power,India,Jharkhand,22.7531,86.2452,operating,HIGH,Global Energy Monitor Global Integrated Power Tracker,https://globalenergymonitor.org/projects/global-integrated-power-tracker,NEEDS_REVIEW,Operating India thermal-power facility from GEM GIPT. Confirm FIRMS-source association before benchmark inclusion.
GEM_GIPT,L100000102268,Jojobera Power Plant,thermal_power,India,Jharkhand,22.7554,86.2491,operating,HIGH,Global Energy Monitor Global Integrated Power Tracker,https://globalenergymonitor.org/projects/global-integrated-power-tracker,NEEDS_REVIEW,Operating India thermal-power facility from GEM GIPT. Confirm FIRMS-source association before benchmark inclusion.
GEM_GIPT,L100000102268,Jojobera Power Plant,thermal_power,India,Jharkhand,22.7554,86.2491,operating,HIGH,Global Energy Monitor Global Integrated Power Tracker,https://globalenergymonitor.org/projects/global-integrated-power-tracker,NEEDS_REVIEW,Operating India thermal-power facility from GEM GIPT. Confirm FIRMS-source association before benchmark inclusion.
GEM_GIPT,L100000102268,Jojobera Power Plant,thermal_power,India,Jharkhand,22.7554,86.2491,operating,HIGH,Global Energy Monitor Global Integrated Power Tracker,https://globalenergymonitor.org/projects/global-integrated-power-tracker,NEEDS_REVIEW,Operating India thermal-power facility from GEM GIPT. Confirm FIRMS-source association before benchmark inclusion.
GEM_GIPT,L100000102268,Jojobera Power Plant,thermal_power,India,Jharkhand,22.7554,86.2491,operating,HIGH,Global Energy Monitor Global Integrated Power Tracker,https://globalenergymonitor.org/projects/global-integrated-power-tracker,NEEDS_REVIEW,Operating India thermal-power facility from GEM GIPT. Confirm FIRMS-source association before benchmark inclusion.
GEM_GIPT,L100000102268,Jojobera Power Plant,thermal_power,India,Jharkhand,22.7554,86.2491,operating,HIGH,Global Energy Monitor Global Integrated Power Tracker,https://globalenergymonitor.org/projects/global-integrated-power-tracker,NEEDS_REVIEW,Operating India thermal-power facility from GEM GIPT. Confirm FIRMS-source association before benchmark inclusion.
GEM_GIPT,L100000102526,JSW Barmer Jalipa Kapurdi power station,thermal_power,India,Rajasthan,25.895391,71.329871,operating,HIGH,Global Energy Monitor Global Integrated Power Tracker,https://globalenergymonitor.org/projects/global-integrated-power-tracker,NEEDS_REVIEW,Operating India thermal-power facility from GEM GIPT. Confirm FIRMS-source association before benchmark inclusion.
GEM_GIPT,L100000102526,JSW Barmer Jalipa Kapurdi power station,thermal_power,India,Rajasthan,25.895391,71.329871,operating,HIGH,Global Energy Monitor Global Integrated Power Tracker,https://globalenergymonitor.org/projects/global-integrated-power-tracker,NEEDS_REVIEW,Operating India thermal-power facility from GEM GIPT. Confirm FIRMS-source association before benchmark inclusion.
GEM_GIPT,L100000102526,JSW Barmer Jalipa Kapurdi power station,thermal_power,India,Rajasthan,25.895391,71.329871,operating,HIGH,Global Energy Monitor Global Integrated Power Tracker,https://globalenergymonitor.org/projects/global-integrated-power-tracker,NEEDS_REVIEW,Operating India thermal-power facility from GEM GIPT. Confirm FIRMS-source association before benchmark inclusion.
GEM_GIPT,L100000102526,JSW Barmer Jalipa Kapurdi power station,thermal_power,India,Rajasthan,25.895391,71.329871,operating,HIGH,Global Energy Monitor Global Integrated Power Tracker,https://globalenergymonitor.org/projects/global-integrated-power-tracker,NEEDS_REVIEW,Operating India thermal-power facility from GEM GIPT. Confirm FIRMS-source association before benchmark inclusion.
GEM_GIPT,L100000102526,JSW Barmer Jalipa Kapurdi power station,thermal_power,India,Rajasthan,25.895391,71.329871,operating,HIGH,Global Energy Monitor Global Integrated Power Tracker,https://globalenergymonitor.org/projects/global-integrated-power-tracker,NEEDS_REVIEW,Operating India thermal-power facility from GEM GIPT. Confirm FIRMS-source association before benchmark inclusion.
GEM_GIPT,L100000102526,JSW Barmer Jalipa Kapurdi power station,thermal_power,India,Rajasthan,25.895391,71.329871,operating,HIGH,Global Energy Monitor Global Integrated Power Tracker,https://globalenergymonitor.org/projects/global-integrated-power-tracker,NEEDS_REVIEW,Operating India thermal-power facility from GEM GIPT. Confirm FIRMS-source association before benchmark inclusion.
GEM_GIPT,L100000102526,JSW Barmer Jalipa Kapurdi power station,thermal_power,India,Rajasthan,25.895391,71.329871,operating,HIGH,Global Energy Monitor Global Integrated Power Tracker,https://globalenergymonitor.org/projects/global-integrated-power-tracker,NEEDS_REVIEW,Operating India thermal-power facility from GEM GIPT. Confirm FIRMS-source association before benchmark inclusion.
GEM_GIPT,L100000102526,JSW Barmer Jalipa Kapurdi power station,thermal_power,India,Rajasthan,25.895391,71.329871,operating,HIGH,Global Energy Monitor Global Integrated Power Tracker,https://globalenergymonitor.org/projects/global-integrated-power-tracker,NEEDS_REVIEW,Operating India thermal-power facility from GEM GIPT. Confirm FIRMS-source association before benchmark inclusion.
GEM_GIPT,L100000102172,JSW Ispat Raigarh power station,thermal_power,India,Chhattisgarh,21.987781,83.231306,operating,HIGH,Global Energy Monitor Global Integrated Power Tracker,https://globalenergymonitor.org/projects/global-integrated-power-tracker,NEEDS_REVIEW,Operating India thermal-power facility from GEM GIPT. Confirm FIRMS-source association before benchmark inclusion.
GEM_GIPT,L100000102405,JSW Tarapur power station,thermal_power,India,Maharashtra,19.794507,72.740525,operating,HIGH,Global Energy Monitor Global Integrated Power Tracker,https://globalenergymonitor.org/projects/global-integrated-power-tracker,NEEDS_REVIEW,Operating India thermal-power facility from GEM GIPT. Confirm FIRMS-source association before benchmark inclusion.
GEM_GIPT,L100000102303,JSW Vijayanagar Toranagallu power station,thermal_power,India,Karnataka,15.186771,76.6621387,operating,HIGH,Global Energy Monitor Global Integrated Power Tracker,https://globalenergymonitor.org/projects/global-integrated-power-tracker,NEEDS_REVIEW,Operating India thermal-power facility from GEM GIPT. Confirm FIRMS-source association before benchmark inclusion.
GEM_GIPT,L100000102303,JSW Vijayanagar Toranagallu power station,thermal_power,India,Karnataka,15.186771,76.6621387,operating,HIGH,Global Energy Monitor Global Integrated Power Tracker,https://globalenergymonitor.org/projects/global-integrated-power-tracker,NEEDS_REVIEW,Operating India thermal-power facility from GEM GIPT. Confirm FIRMS-source association before benchmark inclusion.
GEM_GIPT,L100000102303,JSW Vijayanagar Toranagallu power station,thermal_power,India,Karnataka,15.186771,76.6621387,operating,HIGH,Global Energy Monitor Global Integrated Power Tracker,https://globalenergymonitor.org/projects/global-integrated-power-tracker,NEEDS_REVIEW,Operating India thermal-power facility from GEM GIPT. Confirm FIRMS-source association before benchmark inclusion.
GEM_GIPT,L100000102303,JSW Vijayanagar Toranagallu power station,thermal_power,India,Karnataka,15.186771,76.6621387,operating,HIGH,Global Energy Monitor Global Integrated Power Tracker,https://globalenergymonitor.org/projects/global-integrated-power-tracker,NEEDS_REVIEW,Operating India thermal-power facility from GEM GIPT. Confirm FIRMS-source association before benchmark inclusion.
GEM_GIPT,L100000102554,Kagithapuram Mill power station,thermal_power,India,Tamil Nadu,11.052854,77.995806,operating,HIGH,Global Energy Monitor Global Integrated Power Tracker,https://globalenergymonitor.org/projects/global-integrated-power-tracker,NEEDS_REVIEW,Operating India thermal-power facility from GEM GIPT. Confirm FIRMS-source association before benchmark inclusion.
GEM_GIPT,L100000102104,Kahalgaon Super Thermal Power Plant,thermal_power,India,Bihar,25.236903,87.265595,operating,HIGH,Global Energy Monitor Global Integrated Power Tracker,https://globalenergymonitor.org/projects/global-integrated-power-tracker,NEEDS_REVIEW,Operating India thermal-power facility from GEM GIPT. Confirm FIRMS-source association before benchmark inclusion.
GEM_GIPT,L100000102104,Kahalgaon Super Thermal Power Plant,thermal_power,India,Bihar,25.236903,87.265595,operating,HIGH,Global Energy Monitor Global Integrated Power Tracker,https://globalenergymonitor.org/projects/global-integrated-power-tracker,NEEDS_REVIEW,Operating India thermal-power facility from GEM GIPT. Confirm FIRMS-source association before benchmark inclusion.
GEM_GIPT,L100000102104,Kahalgaon Super Thermal Power Plant,thermal_power,India,Bihar,25.236903,87.265595,operating,HIGH,Global Energy Monitor Global Integrated Power Tracker,https://globalenergymonitor.org/projects/global-integrated-power-tracker,NEEDS_REVIEW,Operating India thermal-power facility from GEM GIPT. Confirm FIRMS-source association before benchmark inclusion.
GEM_GIPT,L100000102104,Kahalgaon Super Thermal Power Plant,thermal_power,India,Bihar,25.236903,87.265595,operating,HIGH,Global Energy Monitor Global Integrated Power Tracker,https://globalenergymonitor.org/projects/global-integrated-power-tracker,NEEDS_REVIEW,Operating India thermal-power facility from GEM GIPT. Confirm FIRMS-source association before benchmark inclusion.
GEM_GIPT,L100000102104,Kahalgaon Super Thermal Power Plant,thermal_power,India,Bihar,25.236903,87.265595,operating,HIGH,Global Energy Monitor Global Integrated Power Tracker,https://globalenergymonitor.org/projects/global-integrated-power-tracker,NEEDS_REVIEW,Operating India thermal-power facility from GEM GIPT. Confirm FIRMS-source association before benchmark inclusion.
GEM_GIPT,L100000102104,Kahalgaon Super Thermal Power Plant,thermal_power,India,Bihar,25.236903,87.265595,operating,HIGH,Global Energy Monitor Global Integrated Power Tracker,https://globalenergymonitor.org/projects/global-integrated-power-tracker,NEEDS_REVIEW,Operating India thermal-power facility from GEM GIPT. Confirm FIRMS-source association before benchmark inclusion.
GEM_GIPT,L100000102104,Kahalgaon Super Thermal Power Plant,thermal_power,India,Bihar,25.236903,87.265595,operating,HIGH,Global Energy Monitor Global Integrated Power Tracker,https://globalenergymonitor.org/projects/global-integrated-power-tracker,NEEDS_REVIEW,Operating India thermal-power facility from GEM GIPT. Confirm FIRMS-source association before benchmark inclusion.
GEM_GIPT,L100000102595,Kakatiya Thermal Power Project,thermal_power,India,Telangana,18.3831934,79.8271644,operating,HIGH,Global Energy Monitor Global Integrated Power Tracker,https://globalenergymonitor.org/projects/global-integrated-power-tracker,NEEDS_REVIEW,Operating India thermal-power facility from GEM GIPT. Confirm FIRMS-source association before benchmark inclusion.
GEM_GIPT,L100000102595,Kakatiya Thermal Power Project,thermal_power,India,Telangana,18.3831934,79.8271644,operating,HIGH,Global Energy Monitor Global Integrated Power Tracker,https://globalenergymonitor.org/projects/global-integrated-power-tracker,NEEDS_REVIEW,Operating India thermal-power facility from GEM GIPT. Confirm FIRMS-source association before benchmark inclusion.
GEM_GIPT,L100000102474,Kalinganagar Maithan power station,thermal_power,India,Odisha,20.922672,86.042365,operating,HIGH,Global Energy Monitor Global Integrated Power Tracker,https://globalenergymonitor.org/projects/global-integrated-power-tracker,NEEDS_REVIEW,Operating India thermal-power facility from GEM GIPT. Confirm FIRMS-source association before benchmark inclusion.
GEM_GIPT,L100000102527,Kalisindh Thermal Power Station,thermal_power,India,Rajasthan,24.5325129,76.100353,operating,HIGH,Global Energy Monitor Global Integrated Power Tracker,https://globalenergymonitor.org/projects/global-integrated-power-tracker,NEEDS_REVIEW,Operating India thermal-power facility from GEM GIPT. Confirm FIRMS-source association before benchmark inclusion.
GEM_GIPT,L100000102527,Kalisindh Thermal Power Station,thermal_power,India,Rajasthan,24.5325129,76.100353,operating,HIGH,Global Energy Monitor Global Integrated Power Tracker,https://globalenergymonitor.org/projects/global-integrated-power-tracker,NEEDS_REVIEW,Operating India thermal-power facility from GEM GIPT. Confirm FIRMS-source association before benchmark inclusion.
GEM_GIPT,L100000102476,Kamalanga power station,thermal_power,India,Odisha,20.870576,85.266979,operating,HIGH,Global Energy Monitor Global Integrated Power Tracker,https://globalenergymonitor.org/projects/global-integrated-power-tracker,NEEDS_REVIEW,Operating India thermal-power facility from GEM GIPT. Confirm FIRMS-source association before benchmark inclusion.
GEM_GIPT,L100000102476,Kamalanga power station,thermal_power,India,Odisha,20.870576,85.266979,operating,HIGH,Global Energy Monitor Global Integrated Power Tracker,https://globalenergymonitor.org/projects/global-integrated-power-tracker,NEEDS_REVIEW,Operating India thermal-power facility from GEM GIPT. Confirm FIRMS-source association before benchmark inclusion.
GEM_GIPT,L100000102476,Kamalanga power station,thermal_power,India,Odisha,20.870576,85.266979,operating,HIGH,Global Energy Monitor Global Integrated Power Tracker,https://globalenergymonitor.org/projects/global-integrated-power-tracker,NEEDS_REVIEW,Operating India thermal-power facility from GEM GIPT. Confirm FIRMS-source association before benchmark inclusion.
GEM_GIPT,L100000102152,Kasaipalli power station,thermal_power,India,Chhattisgarh,22.38895,82.5549,operating,HIGH,Global Energy Monitor Global Integrated Power Tracker,https://globalenergymonitor.org/projects/global-integrated-power-tracker,NEEDS_REVIEW,Operating India thermal-power facility from GEM GIPT. Confirm FIRMS-source association before benchmark inclusion.
GEM_GIPT,L100000102152,Kasaipalli power station,thermal_power,India,Chhattisgarh,22.38895,82.5549,operating,HIGH,Global Energy Monitor Global Integrated Power Tracker,https://globalenergymonitor.org/projects/global-integrated-power-tracker,NEEDS_REVIEW,Operating India thermal-power facility from GEM GIPT. Confirm FIRMS-source association before benchmark inclusion.
GEM_GIPT,L100000102153,Katghora power station,thermal_power,India,Chhattisgarh,22.489779,82.60618,operating,HIGH,Global Energy Monitor Global Integrated Power Tracker,https://globalenergymonitor.org/projects/global-integrated-power-tracker,NEEDS_REVIEW,Operating India thermal-power facility from GEM GIPT. Confirm FIRMS-source association before benchmark inclusion.
GEM_GIPT,L100000102528,Kawai Thermal Power Project,thermal_power,India,Rajasthan,24.777997,76.737144,operating,HIGH,Global Energy Monitor Global Integrated Power Tracker,https://globalenergymonitor.org/projects/global-integrated-power-tracker,NEEDS_REVIEW,Operating India thermal-power facility from GEM GIPT. Confirm FIRMS-source association before benchmark inclusion.
GEM_GIPT,L100000102528,Kawai Thermal Power Project,thermal_power,India,Rajasthan,24.777997,76.737144,operating,HIGH,Global Energy Monitor Global Integrated Power Tracker,https://globalenergymonitor.org/projects/global-integrated-power-tracker,NEEDS_REVIEW,Operating India thermal-power facility from GEM GIPT. Confirm FIRMS-source association before benchmark inclusion.
GEM_GIPT,L100000102635,Khamberkhera IPP power station,thermal_power,India,Uttar Pradesh,28.0169873,80.8306368,operating,HIGH,Global Energy Monitor Global Integrated Power Tracker,https://globalenergymonitor.org/projects/global-integrated-power-tracker,NEEDS_REVIEW,Operating India thermal-power facility from GEM GIPT. Confirm FIRMS-source association before benchmark inclusion.
GEM_GIPT,L100000102635,Khamberkhera IPP power station,thermal_power,India,Uttar Pradesh,28.0169873,80.8306368,operating,HIGH,Global Energy Monitor Global Integrated Power Tracker,https://globalenergymonitor.org/projects/global-integrated-power-tracker,NEEDS_REVIEW,Operating India thermal-power facility from GEM GIPT. Confirm FIRMS-source association before benchmark inclusion.
GEM_GIPT,L100000102406,Khaperkheda power station,thermal_power,India,Maharashtra,21.2818,79.116,operating,HIGH,Global Energy Monitor Global Integrated Power Tracker,https://globalenergymonitor.org/projects/global-integrated-power-tracker,NEEDS_REVIEW,Operating India thermal-power facility from GEM GIPT. Confirm FIRMS-source association before benchmark inclusion.
GEM_GIPT,L100000102406,Khaperkheda power station,thermal_power,India,Maharashtra,21.2818,79.116,operating,HIGH,Global Energy Monitor Global Integrated Power Tracker,https://globalenergymonitor.org/projects/global-integrated-power-tracker,NEEDS_REVIEW,Operating India thermal-power facility from GEM GIPT. Confirm FIRMS-source association before benchmark inclusion.
GEM_GIPT,L100000102406,Khaperkheda power station,thermal_power,India,Maharashtra,21.2818,79.116,operating,HIGH,Global Energy Monitor Global Integrated Power Tracker,https://globalenergymonitor.org/projects/global-integrated-power-tracker,NEEDS_REVIEW,Operating India thermal-power facility from GEM GIPT. Confirm FIRMS-source association before benchmark inclusion.
GEM_GIPT,L100000102406,Khaperkheda power station,thermal_power,India,Maharashtra,21.2818,79.116,operating,HIGH,Global Energy Monitor Global Integrated Power Tracker,https://globalenergymonitor.org/projects/global-integrated-power-tracker,NEEDS_REVIEW,Operating India thermal-power facility from GEM GIPT. Confirm FIRMS-source association before benchmark inclusion.
GEM_GIPT,L100000102406,Khaperkheda power station,thermal_power,India,Maharashtra,21.2818,79.116,operating,HIGH,Global Energy Monitor Global Integrated Power Tracker,https://globalenergymonitor.org/projects/global-integrated-power-tracker,NEEDS_REVIEW,Operating India thermal-power facility from GEM GIPT. Confirm FIRMS-source association before benchmark inclusion.
GEM_GIPT,L100000102477,Kharagprasad power station,thermal_power,India,Odisha,20.809441,85.288621,operating,HIGH,Global Energy Monitor Global Integrated Power Tracker,https://globalenergymonitor.org/projects/global-integrated-power-tracker,NEEDS_REVIEW,Operating India thermal-power facility from GEM GIPT. Confirm FIRMS-source association before benchmark inclusion.
GEM_GIPT,L100000102477,Kharagprasad power station,thermal_power,India,Odisha,20.809441,85.288621,operating,HIGH,Global Energy Monitor Global Integrated Power Tracker,https://globalenergymonitor.org/projects/global-integrated-power-tracker,NEEDS_REVIEW,Operating India thermal-power facility from GEM GIPT. Confirm FIRMS-source association before benchmark inclusion.
GEM_GIPT,L100000102345,Khargone power station,thermal_power,India,Madhya Pradesh,22.065169,75.851943,operating,HIGH,Global Energy Monitor Global Integrated Power Tracker,https://globalenergymonitor.org/projects/global-integrated-power-tracker,NEEDS_REVIEW,Operating India thermal-power facility from GEM GIPT. Confirm FIRMS-source association before benchmark inclusion.
GEM_GIPT,L100000102345,Khargone power station,thermal_power,India,Madhya Pradesh,22.065169,75.851943,operating,HIGH,Global Energy Monitor Global Integrated Power Tracker,https://globalenergymonitor.org/projects/global-integrated-power-tracker,NEEDS_REVIEW,Operating India thermal-power facility from GEM GIPT. Confirm FIRMS-source association before benchmark inclusion.
GEM_GIPT,L100000102407,Khopoli Works power station,thermal_power,India,Maharashtra,18.7707748,73.2593624,operating,HIGH,Global Energy Monitor Global Integrated Power Tracker,https://globalenergymonitor.org/projects/global-integrated-power-tracker,NEEDS_REVIEW,Operating India thermal-power facility from GEM GIPT. Confirm FIRMS-source association before benchmark inclusion.
GEM_GIPT,L100000102407,Khopoli Works power station,thermal_power,India,Maharashtra,18.7707748,73.2593624,operating,HIGH,Global Energy Monitor Global Integrated Power Tracker,https://globalenergymonitor.org/projects/global-integrated-power-tracker,NEEDS_REVIEW,Operating India thermal-power facility from GEM GIPT. Confirm FIRMS-source association before benchmark inclusion.
GEM_GIPT,L100000102636,Khurja power station,thermal_power,India,Uttar Pradesh,28.158333,77.908333,operating,HIGH,Global Energy Monitor Global Integrated Power Tracker,https://globalenergymonitor.org/projects/global-integrated-power-tracker,NEEDS_REVIEW,Operating India thermal-power facility from GEM GIPT. Confirm FIRMS-source association before benchmark inclusion.
GEM_GIPT,L100000102636,Khurja power station,thermal_power,India,Uttar Pradesh,28.158333,77.908333,operating,HIGH,Global Energy Monitor Global Integrated Power Tracker,https://globalenergymonitor.org/projects/global-integrated-power-tracker,NEEDS_REVIEW,Operating India thermal-power facility from GEM GIPT. Confirm FIRMS-source association before benchmark inclusion.
GEM_GIPT,L100000102272,Koderma Thermal Power Station,thermal_power,India,Jharkhand,24.391534,85.561899,operating,HIGH,Global Energy Monitor Global Integrated Power Tracker,https://globalenergymonitor.org/projects/global-integrated-power-tracker,NEEDS_REVIEW,Operating India thermal-power facility from GEM GIPT. Confirm FIRMS-source association before benchmark inclusion.
GEM_GIPT,L100000102272,Koderma Thermal Power Station,thermal_power,India,Jharkhand,24.391534,85.561899,operating,HIGH,Global Energy Monitor Global Integrated Power Tracker,https://globalenergymonitor.org/projects/global-integrated-power-tracker,NEEDS_REVIEW,Operating India thermal-power facility from GEM GIPT. Confirm FIRMS-source association before benchmark inclusion.
GEM_GIPT,L100000102677,Kolaghat Thermal Power Station,thermal_power,India,West Bengal,22.416565,87.870984,operating,HIGH,Global Energy Monitor Global Integrated Power Tracker,https://globalenergymonitor.org/projects/global-integrated-power-tracker,NEEDS_REVIEW,Operating India thermal-power facility from GEM GIPT. Confirm FIRMS-source association before benchmark inclusion.
GEM_GIPT,L100000102677,Kolaghat Thermal Power Station,thermal_power,India,West Bengal,22.416565,87.870984,operating,HIGH,Global Energy Monitor Global Integrated Power Tracker,https://globalenergymonitor.org/projects/global-integrated-power-tracker,NEEDS_REVIEW,Operating India thermal-power facility from GEM GIPT. Confirm FIRMS-source association before benchmark inclusion.
GEM_GIPT,L100000102677,Kolaghat Thermal Power Station,thermal_power,India,West Bengal,22.416565,87.870984,operating,HIGH,Global Energy Monitor Global Integrated Power Tracker,https://globalenergymonitor.org/projects/global-integrated-power-tracker,NEEDS_REVIEW,Operating India thermal-power facility from GEM GIPT. Confirm FIRMS-source association before benchmark inclusion.
GEM_GIPT,L100000102677,Kolaghat Thermal Power Station,thermal_power,India,West Bengal,22.416565,87.870984,operating,HIGH,Global Energy Monitor Global Integrated Power Tracker,https://globalenergymonitor.org/projects/global-integrated-power-tracker,NEEDS_REVIEW,Operating India thermal-power facility from GEM GIPT. Confirm FIRMS-source association before benchmark inclusion.
GEM_GIPT,L100000102411,Koradi Thermal Power Station,thermal_power,India,Maharashtra,21.2359824,79.0919495,operating,HIGH,Global Energy Monitor Global Integrated Power Tracker,https://globalenergymonitor.org/projects/global-integrated-power-tracker,NEEDS_REVIEW,Operating India thermal-power facility from GEM GIPT. Confirm FIRMS-source association before benchmark inclusion.
GEM_GIPT,L100000102411,Koradi Thermal Power Station,thermal_power,India,Maharashtra,21.2420685,79.0949659,operating,HIGH,Global Energy Monitor Global Integrated Power Tracker,https://globalenergymonitor.org/projects/global-integrated-power-tracker,NEEDS_REVIEW,Operating India thermal-power facility from GEM GIPT. Confirm FIRMS-source association before benchmark inclusion.
GEM_GIPT,L100000102411,Koradi Thermal Power Station,thermal_power,India,Maharashtra,21.2359824,79.0919495,operating,HIGH,Global Energy Monitor Global Integrated Power Tracker,https://globalenergymonitor.org/projects/global-integrated-power-tracker,NEEDS_REVIEW,Operating India thermal-power facility from GEM GIPT. Confirm FIRMS-source association before benchmark inclusion.
GEM_GIPT,L100000102411,Koradi Thermal Power Station,thermal_power,India,Maharashtra,21.2359824,79.0919495,operating,HIGH,Global Energy Monitor Global Integrated Power Tracker,https://globalenergymonitor.org/projects/global-integrated-power-tracker,NEEDS_REVIEW,Operating India thermal-power facility from GEM GIPT. Confirm FIRMS-source association before benchmark inclusion.
GEM_GIPT,L100000102162,Korba Power Thermal Power Plant (Adani),thermal_power,India,Chhattisgarh,22.2454,82.7246,operating,HIGH,Global Energy Monitor Global Integrated Power Tracker,https://globalenergymonitor.org/projects/global-integrated-power-tracker,NEEDS_REVIEW,Operating India thermal-power facility from GEM GIPT. Confirm FIRMS-source association before benchmark inclusion.
GEM_GIPT,L100000102162,Korba Power Thermal Power Plant (Adani),thermal_power,India,Chhattisgarh,22.2454,82.7246,operating,HIGH,Global Energy Monitor Global Integrated Power Tracker,https://globalenergymonitor.org/projects/global-integrated-power-tracker,NEEDS_REVIEW,Operating India thermal-power facility from GEM GIPT. Confirm FIRMS-source association before benchmark inclusion.
GEM_GIPT,L100000102157,Korba Super Thermal Power Station (NTPC),thermal_power,India,Chhattisgarh,22.3874221,82.6818961,operating,HIGH,Global Energy Monitor Global Integrated Power Tracker,https://globalenergymonitor.org/projects/global-integrated-power-tracker,NEEDS_REVIEW,Operating India thermal-power facility from GEM GIPT. Confirm FIRMS-source association before benchmark inclusion.
GEM_GIPT,L100000102157,Korba Super Thermal Power Station (NTPC),thermal_power,India,Chhattisgarh,22.3874221,82.6818961,operating,HIGH,Global Energy Monitor Global Integrated Power Tracker,https://globalenergymonitor.org/projects/global-integrated-power-tracker,NEEDS_REVIEW,Operating India thermal-power facility from GEM GIPT. Confirm FIRMS-source association before benchmark inclusion.
GEM_GIPT,L100000102157,Korba Super Thermal Power Station (NTPC),thermal_power,India,Chhattisgarh,22.3874221,82.6818961,operating,HIGH,Global Energy Monitor Global Integrated Power Tracker,https://globalenergymonitor.org/projects/global-integrated-power-tracker,NEEDS_REVIEW,Operating India thermal-power facility from GEM GIPT. Confirm FIRMS-source association before benchmark inclusion.
GEM_GIPT,L100000102157,Korba Super Thermal Power Station (NTPC),thermal_power,India,Chhattisgarh,22.3874221,82.6818961,operating,HIGH,Global Energy Monitor Global Integrated Power Tracker,https://globalenergymonitor.org/projects/global-integrated-power-tracker,NEEDS_REVIEW,Operating India thermal-power facility from GEM GIPT. Confirm FIRMS-source association before benchmark inclusion.
GEM_GIPT,L100000102157,Korba Super Thermal Power Station (NTPC),thermal_power,India,Chhattisgarh,22.3874221,82.6818961,operating,HIGH,Global Energy Monitor Global Integrated Power Tracker,https://globalenergymonitor.org/projects/global-integrated-power-tracker,NEEDS_REVIEW,Operating India thermal-power facility from GEM GIPT. Confirm FIRMS-source association before benchmark inclusion.
GEM_GIPT,L100000102157,Korba Super Thermal Power Station (NTPC),thermal_power,India,Chhattisgarh,22.3874221,82.6818961,operating,HIGH,Global Energy Monitor Global Integrated Power Tracker,https://globalenergymonitor.org/projects/global-integrated-power-tracker,NEEDS_REVIEW,Operating India thermal-power facility from GEM GIPT. Confirm FIRMS-source association before benchmark inclusion.
GEM_GIPT,L100000102157,Korba Super Thermal Power Station (NTPC),thermal_power,India,Chhattisgarh,22.3881,82.6858,operating,HIGH,Global Energy Monitor Global Integrated Power Tracker,https://globalenergymonitor.org/projects/global-integrated-power-tracker,NEEDS_REVIEW,Operating India thermal-power facility from GEM GIPT. Confirm FIRMS-source association before benchmark inclusion.
GEM_GIPT,L100000102529,Kota Complex power station,thermal_power,India,Rajasthan,25.128632,75.883521,operating,HIGH,Global Energy Monitor Global Integrated Power Tracker,https://globalenergymonitor.org/projects/global-integrated-power-tracker,NEEDS_REVIEW,Operating India thermal-power facility from GEM GIPT. Confirm FIRMS-source association before benchmark inclusion.
GEM_GIPT,L100000102529,Kota Complex power station,thermal_power,India,Rajasthan,25.128632,75.883521,operating,HIGH,Global Energy Monitor Global Integrated Power Tracker,https://globalenergymonitor.org/projects/global-integrated-power-tracker,NEEDS_REVIEW,Operating India thermal-power facility from GEM GIPT. Confirm FIRMS-source association before benchmark inclusion.
GEM_GIPT,L100000102530,Kota power station,thermal_power,India,Rajasthan,25.171014,75.816976,operating,HIGH,Global Energy Monitor Global Integrated Power Tracker,https://globalenergymonitor.org/projects/global-integrated-power-tracker,NEEDS_REVIEW,Operating India thermal-power facility from GEM GIPT. Confirm FIRMS-source association before benchmark inclusion.
GEM_GIPT,L100000102530,Kota power station,thermal_power,India,Rajasthan,25.171014,75.816976,operating,HIGH,Global Energy Monitor Global Integrated Power Tracker,https://globalenergymonitor.org/projects/global-integrated-power-tracker,NEEDS_REVIEW,Operating India thermal-power facility from GEM GIPT. Confirm FIRMS-source association before benchmark inclusion.
GEM_GIPT,L100000102530,Kota power station,thermal_power,India,Rajasthan,25.171014,75.816976,operating,HIGH,Global Energy Monitor Global Integrated Power Tracker,https://globalenergymonitor.org/projects/global-integrated-power-tracker,NEEDS_REVIEW,Operating India thermal-power facility from GEM GIPT. Confirm FIRMS-source association before benchmark inclusion.
GEM_GIPT,L100000102530,Kota power station,thermal_power,India,Rajasthan,25.171014,75.816976,operating,HIGH,Global Energy Monitor Global Integrated Power Tracker,https://globalenergymonitor.org/projects/global-integrated-power-tracker,NEEDS_REVIEW,Operating India thermal-power facility from GEM GIPT. Confirm FIRMS-source association before benchmark inclusion.
GEM_GIPT,L100000102530,Kota power station,thermal_power,India,Rajasthan,25.171014,75.816976,operating,HIGH,Global Energy Monitor Global Integrated Power Tracker,https://globalenergymonitor.org/projects/global-integrated-power-tracker,NEEDS_REVIEW,Operating India thermal-power facility from GEM GIPT. Confirm FIRMS-source association before benchmark inclusion.
GEM_GIPT,L100000102530,Kota power station,thermal_power,India,Rajasthan,25.171014,75.816976,operating,HIGH,Global Energy Monitor Global Integrated Power Tracker,https://globalenergymonitor.org/projects/global-integrated-power-tracker,NEEDS_REVIEW,Operating India thermal-power facility from GEM GIPT. Confirm FIRMS-source association before benchmark inclusion.
GEM_GIPT,L100000102530,Kota power station,thermal_power,India,Rajasthan,25.171014,75.816976,operating,HIGH,Global Energy Monitor Global Integrated Power Tracker,https://globalenergymonitor.org/projects/global-integrated-power-tracker,NEEDS_REVIEW,Operating India thermal-power facility from GEM GIPT. Confirm FIRMS-source association before benchmark inclusion.
GEM_GIPT,L100000102598,Kothagudem Thermal Power Station,thermal_power,India,Telangana,17.6219,80.69355,operating,HIGH,Global Energy Monitor Global Integrated Power Tracker,https://globalenergymonitor.org/projects/global-integrated-power-tracker,NEEDS_REVIEW,Operating India thermal-power facility from GEM GIPT. Confirm FIRMS-source association before benchmark inclusion.
GEM_GIPT,L100000102598,Kothagudem Thermal Power Station,thermal_power,India,Telangana,17.6219,80.69355,operating,HIGH,Global Energy Monitor Global Integrated Power Tracker,https://globalenergymonitor.org/projects/global-integrated-power-tracker,NEEDS_REVIEW,Operating India thermal-power facility from GEM GIPT. Confirm FIRMS-source association before benchmark inclusion.
GEM_GIPT,L100000102598,Kothagudem Thermal Power Station,thermal_power,India,Telangana,17.6219,80.69355,operating,HIGH,Global Energy Monitor Global Integrated Power Tracker,https://globalenergymonitor.org/projects/global-integrated-power-tracker,NEEDS_REVIEW,Operating India thermal-power facility from GEM GIPT. Confirm FIRMS-source association before benchmark inclusion.
GEM_GIPT,L100000102598,Kothagudem Thermal Power Station,thermal_power,India,Telangana,17.6219,80.69355,operating,HIGH,Global Energy Monitor Global Integrated Power Tracker,https://globalenergymonitor.org/projects/global-integrated-power-tracker,NEEDS_REVIEW,Operating India thermal-power facility from GEM GIPT. Confirm FIRMS-source association before benchmark inclusion.
GEM_GIPT,L100000102159,KSK Mahanadi Power Project,thermal_power,India,Chhattisgarh,21.960296,82.409064,operating,HIGH,Global Energy Monitor Global Integrated Power Tracker,https://globalenergymonitor.org/projects/global-integrated-power-tracker,NEEDS_REVIEW,Operating India thermal-power facility from GEM GIPT. Confirm FIRMS-source association before benchmark inclusion.
GEM_GIPT,L100000102159,KSK Mahanadi Power Project,thermal_power,India,Chhattisgarh,21.960296,82.409064,operating,HIGH,Global Energy Monitor Global Integrated Power Tracker,https://globalenergymonitor.org/projects/global-integrated-power-tracker,NEEDS_REVIEW,Operating India thermal-power facility from GEM GIPT. Confirm FIRMS-source association before benchmark inclusion.
GEM_GIPT,L100000102159,KSK Mahanadi Power Project,thermal_power,India,Chhattisgarh,21.960296,82.409064,operating,HIGH,Global Energy Monitor Global Integrated Power Tracker,https://globalenergymonitor.org/projects/global-integrated-power-tracker,NEEDS_REVIEW,Operating India thermal-power facility from GEM GIPT. Confirm FIRMS-source association before benchmark inclusion.
GEM_GIPT,L100000102306,Kudgi Super Thermal Power Project,thermal_power,India,Karnataka,16.499546,75.834632,operating,HIGH,Global Energy Monitor Global Integrated Power Tracker,https://globalenergymonitor.org/projects/global-integrated-power-tracker,NEEDS_REVIEW,Operating India thermal-power facility from GEM GIPT. Confirm FIRMS-source association before benchmark inclusion.
GEM_GIPT,L100000102306,Kudgi Super Thermal Power Project,thermal_power,India,Karnataka,16.499546,75.834632,operating,HIGH,Global Energy Monitor Global Integrated Power Tracker,https://globalenergymonitor.org/projects/global-integrated-power-tracker,NEEDS_REVIEW,Operating India thermal-power facility from GEM GIPT. Confirm FIRMS-source association before benchmark inclusion.
GEM_GIPT,L100000102306,Kudgi Super Thermal Power Project,thermal_power,India,Karnataka,16.499546,75.834632,operating,HIGH,Global Energy Monitor Global Integrated Power Tracker,https://globalenergymonitor.org/projects/global-integrated-power-tracker,NEEDS_REVIEW,Operating India thermal-power facility from GEM GIPT. Confirm FIRMS-source association before benchmark inclusion.
GEM_GIPT,L100000102637,Kundarki Ipp power station,thermal_power,India,Uttar Pradesh,27.0788732,82.0836037,operating,HIGH,Global Energy Monitor Global Integrated Power Tracker,https://globalenergymonitor.org/projects/global-integrated-power-tracker,NEEDS_REVIEW,Operating India thermal-power facility from GEM GIPT. Confirm FIRMS-source association before benchmark inclusion.
GEM_GIPT,L100000102637,Kundarki Ipp power station,thermal_power,India,Uttar Pradesh,27.0788732,82.0836037,operating,HIGH,Global Energy Monitor Global Integrated Power Tracker,https://globalenergymonitor.org/projects/global-integrated-power-tracker,NEEDS_REVIEW,Operating India thermal-power facility from GEM GIPT. Confirm FIRMS-source association before benchmark inclusion.
GEM_GIPT,L100000102213,Kutch GSECL power station,thermal_power,India,Gujarat,23.663934,68.784128,operating,HIGH,Global Energy Monitor Global Integrated Power Tracker,https://globalenergymonitor.org/projects/global-integrated-power-tracker,NEEDS_REVIEW,Operating India thermal-power facility from GEM GIPT. Confirm FIRMS-source association before benchmark inclusion.
GEM_GIPT,L100000102213,Kutch GSECL power station,thermal_power,India,Gujarat,23.663934,68.784128,operating,HIGH,Global Energy Monitor Global Integrated Power Tracker,https://globalenergymonitor.org/projects/global-integrated-power-tracker,NEEDS_REVIEW,Operating India thermal-power facility from GEM GIPT. Confirm FIRMS-source association before benchmark inclusion.
GEM_GIPT,L100000102214,Kutch Welspun power station,thermal_power,India,Gujarat,23.1175,70.0822,operating,HIGH,Global Energy Monitor Global Integrated Power Tracker,https://globalenergymonitor.org/projects/global-integrated-power-tracker,NEEDS_REVIEW,Operating India thermal-power facility from GEM GIPT. Confirm FIRMS-source association before benchmark inclusion.
GEM_GIPT,L100000102214,Kutch Welspun power station,thermal_power,India,Gujarat,23.1175,70.0822,operating,HIGH,Global Energy Monitor Global Integrated Power Tracker,https://globalenergymonitor.org/projects/global-integrated-power-tracker,NEEDS_REVIEW,Operating India thermal-power facility from GEM GIPT. Confirm FIRMS-source association before benchmark inclusion.
GEM_GIPT,L100000102657,Lal Kuan Mill power station,thermal_power,India,Uttarakhand,29.062378,79.521661,operating,HIGH,Global Energy Monitor Global Integrated Power Tracker,https://globalenergymonitor.org/projects/global-integrated-power-tracker,NEEDS_REVIEW,Operating India thermal-power facility from GEM GIPT. Confirm FIRMS-source association before benchmark inclusion.
GEM_GIPT,L100000102638,Lalitpur power project,thermal_power,India,Uttar Pradesh,24.795833,78.646944,operating,HIGH,Global Energy Monitor Global Integrated Power Tracker,https://globalenergymonitor.org/projects/global-integrated-power-tracker,NEEDS_REVIEW,Operating India thermal-power facility from GEM GIPT. Confirm FIRMS-source association before benchmark inclusion.
GEM_GIPT,L100000102638,Lalitpur power project,thermal_power,India,Uttar Pradesh,24.795833,78.646944,operating,HIGH,Global Energy Monitor Global Integrated Power Tracker,https://globalenergymonitor.org/projects/global-integrated-power-tracker,NEEDS_REVIEW,Operating India thermal-power facility from GEM GIPT. Confirm FIRMS-source association before benchmark inclusion.
GEM_GIPT,L100000102638,Lalitpur power project,thermal_power,India,Uttar Pradesh,24.795833,78.646944,operating,HIGH,Global Energy Monitor Global Integrated Power Tracker,https://globalenergymonitor.org/projects/global-integrated-power-tracker,NEEDS_REVIEW,Operating India thermal-power facility from GEM GIPT. Confirm FIRMS-source association before benchmark inclusion.
GEM_GIPT,L100000102479,Lanjigarh Refinery power station,thermal_power,India,Odisha,19.711863,83.397785,operating,HIGH,Global Energy Monitor Global Integrated Power Tracker,https://globalenergymonitor.org/projects/global-integrated-power-tracker,NEEDS_REVIEW,Operating India thermal-power facility from GEM GIPT. Confirm FIRMS-source association before benchmark inclusion.
GEM_GIPT,L100000102479,Lanjigarh Refinery power station,thermal_power,India,Odisha,19.711863,83.397785,operating,HIGH,Global Energy Monitor Global Integrated Power Tracker,https://globalenergymonitor.org/projects/global-integrated-power-tracker,NEEDS_REVIEW,Operating India thermal-power facility from GEM GIPT. Confirm FIRMS-source association before benchmark inclusion.
GEM_GIPT,L100000102479,Lanjigarh Refinery power station,thermal_power,India,Odisha,19.711863,83.397785,operating,HIGH,Global Energy Monitor Global Integrated Power Tracker,https://globalenergymonitor.org/projects/global-integrated-power-tracker,NEEDS_REVIEW,Operating India thermal-power facility from GEM GIPT. Confirm FIRMS-source association before benchmark inclusion.
GEM_GIPT,L100000102164,Lara Integrated Thermal Power Project,thermal_power,India,Chhattisgarh,21.757661,83.457545,operating,HIGH,Global Energy Monitor Global Integrated Power Tracker,https://globalenergymonitor.org/projects/global-integrated-power-tracker,NEEDS_REVIEW,Operating India thermal-power facility from GEM GIPT. Confirm FIRMS-source association before benchmark inclusion.
GEM_GIPT,L100000102164,Lara Integrated Thermal Power Project,thermal_power,India,Chhattisgarh,21.757661,83.457545,operating,HIGH,Global Energy Monitor Global Integrated Power Tracker,https://globalenergymonitor.org/projects/global-integrated-power-tracker,NEEDS_REVIEW,Operating India thermal-power facility from GEM GIPT. Confirm FIRMS-source association before benchmark inclusion.
GEM_GIPT,L100000105026,Maadurga Thermal power station,thermal_power,India,Odisha,20.57622,86.020728,operating,HIGH,Global Energy Monitor Global Integrated Power Tracker,https://globalenergymonitor.org/projects/global-integrated-power-tracker,NEEDS_REVIEW,Operating India thermal-power facility from GEM GIPT. Confirm FIRMS-source association before benchmark inclusion.
GEM_GIPT,L100000105026,Maadurga Thermal power station,thermal_power,India,Odisha,20.57622,86.020728,operating,HIGH,Global Energy Monitor Global Integrated Power Tracker,https://globalenergymonitor.org/projects/global-integrated-power-tracker,NEEDS_REVIEW,Operating India thermal-power facility from GEM GIPT. Confirm FIRMS-source association before benchmark inclusion.
GEM_GIPT,L100000102275,Mahadev Prasad Super Thermal Power Plant,thermal_power,India,Jharkhand,22.836504,86.061294,operating,HIGH,Global Energy Monitor Global Integrated Power Tracker,https://globalenergymonitor.org/projects/global-integrated-power-tracker,NEEDS_REVIEW,Operating India thermal-power facility from GEM GIPT. Confirm FIRMS-source association before benchmark inclusion.
GEM_GIPT,L100000102275,Mahadev Prasad Super Thermal Power Plant,thermal_power,India,Jharkhand,22.836504,86.061294,operating,HIGH,Global Energy Monitor Global Integrated Power Tracker,https://globalenergymonitor.org/projects/global-integrated-power-tracker,NEEDS_REVIEW,Operating India thermal-power facility from GEM GIPT. Confirm FIRMS-source association before benchmark inclusion.
GEM_GIPT,L100000102347,Mahan Aluminium power station,thermal_power,India,Madhya Pradesh,24.220902,82.437197,operating,HIGH,Global Energy Monitor Global Integrated Power Tracker,https://globalenergymonitor.org/projects/global-integrated-power-tracker,NEEDS_REVIEW,Operating India thermal-power facility from GEM GIPT. Confirm FIRMS-source association before benchmark inclusion.
GEM_GIPT,L100000102347,Mahan Aluminium power station,thermal_power,India,Madhya Pradesh,24.220902,82.437197,operating,HIGH,Global Energy Monitor Global Integrated Power Tracker,https://globalenergymonitor.org/projects/global-integrated-power-tracker,NEEDS_REVIEW,Operating India thermal-power facility from GEM GIPT. Confirm FIRMS-source association before benchmark inclusion.
GEM_GIPT,L100000102347,Mahan Aluminium power station,thermal_power,India,Madhya Pradesh,24.220902,82.437197,operating,HIGH,Global Energy Monitor Global Integrated Power Tracker,https://globalenergymonitor.org/projects/global-integrated-power-tracker,NEEDS_REVIEW,Operating India thermal-power facility from GEM GIPT. Confirm FIRMS-source association before benchmark inclusion.
GEM_GIPT,L100000102347,Mahan Aluminium power station,thermal_power,India,Madhya Pradesh,24.220902,82.437197,operating,HIGH,Global Energy Monitor Global Integrated Power Tracker,https://globalenergymonitor.org/projects/global-integrated-power-tracker,NEEDS_REVIEW,Operating India thermal-power facility from GEM GIPT. Confirm FIRMS-source association before benchmark inclusion.
GEM_GIPT,L100000102347,Mahan Aluminium power station,thermal_power,India,Madhya Pradesh,24.220902,82.437197,operating,HIGH,Global Energy Monitor Global Integrated Power Tracker,https://globalenergymonitor.org/projects/global-integrated-power-tracker,NEEDS_REVIEW,Operating India thermal-power facility from GEM GIPT. Confirm FIRMS-source association before benchmark inclusion.
GEM_GIPT,L100000102347,Mahan Aluminium power station,thermal_power,India,Madhya Pradesh,24.220902,82.437197,operating,HIGH,Global Energy Monitor Global Integrated Power Tracker,https://globalenergymonitor.org/projects/global-integrated-power-tracker,NEEDS_REVIEW,Operating India thermal-power facility from GEM GIPT. Confirm FIRMS-source association before benchmark inclusion.
GEM_GIPT,L100000102348,Mahan Super Thermal Power Project,thermal_power,India,Madhya Pradesh,24.008674,82.41703,operating,HIGH,Global Energy Monitor Global Integrated Power Tracker,https://globalenergymonitor.org/projects/global-integrated-power-tracker,NEEDS_REVIEW,Operating India thermal-power facility from GEM GIPT. Confirm FIRMS-source association before benchmark inclusion.
GEM_GIPT,L100000102348,Mahan Super Thermal Power Project,thermal_power,India,Madhya Pradesh,24.008674,82.41703,operating,HIGH,Global Energy Monitor Global Integrated Power Tracker,https://globalenergymonitor.org/projects/global-integrated-power-tracker,NEEDS_REVIEW,Operating India thermal-power facility from GEM GIPT. Confirm FIRMS-source association before benchmark inclusion.
GEM_GIPT,L100000102238,Mahatma Gandhi power station,thermal_power,India,Haryana,28.488143,76.352534,operating,HIGH,Global Energy Monitor Global Integrated Power Tracker,https://globalenergymonitor.org/projects/global-integrated-power-tracker,NEEDS_REVIEW,Operating India thermal-power facility from GEM GIPT. Confirm FIRMS-source association before benchmark inclusion.
GEM_GIPT,L100000102238,Mahatma Gandhi power station,thermal_power,India,Haryana,28.488143,76.352534,operating,HIGH,Global Energy Monitor Global Integrated Power Tracker,https://globalenergymonitor.org/projects/global-integrated-power-tracker,NEEDS_REVIEW,Operating India thermal-power facility from GEM GIPT. Confirm FIRMS-source association before benchmark inclusion.
GEM_GIPT,L100000102276,Maithon Right Bank Thermal Power Station,thermal_power,India,Jharkhand,23.8209,86.76,operating,HIGH,Global Energy Monitor Global Integrated Power Tracker,https://globalenergymonitor.org/projects/global-integrated-power-tracker,NEEDS_REVIEW,Operating India thermal-power facility from GEM GIPT. Confirm FIRMS-source association before benchmark inclusion.
GEM_GIPT,L100000102276,Maithon Right Bank Thermal Power Station,thermal_power,India,Jharkhand,23.8209,86.76,operating,HIGH,Global Energy Monitor Global Integrated Power Tracker,https://globalenergymonitor.org/projects/global-integrated-power-tracker,NEEDS_REVIEW,Operating India thermal-power facility from GEM GIPT. Confirm FIRMS-source association before benchmark inclusion.
GEM_GIPT,L100000102052,Makavarapalem Smelter power station,thermal_power,India,Andhra Pradesh,17.5939558,82.743769,operating,HIGH,Global Energy Monitor Global Integrated Power Tracker,https://globalenergymonitor.org/projects/global-integrated-power-tracker,NEEDS_REVIEW,Operating India thermal-power facility from GEM GIPT. Confirm FIRMS-source association before benchmark inclusion.
GEM_GIPT,L100000102052,Makavarapalem Smelter power station,thermal_power,India,Andhra Pradesh,17.5939558,82.743769,operating,HIGH,Global Energy Monitor Global Integrated Power Tracker,https://globalenergymonitor.org/projects/global-integrated-power-tracker,NEEDS_REVIEW,Operating India thermal-power facility from GEM GIPT. Confirm FIRMS-source association before benchmark inclusion.
GEM_GIPT,L100000102414,Manikgarh Cement power station,thermal_power,India,Maharashtra,19.721222,79.174604,operating,HIGH,Global Energy Monitor Global Integrated Power Tracker,https://globalenergymonitor.org/projects/global-integrated-power-tracker,NEEDS_REVIEW,Operating India thermal-power facility from GEM GIPT. Confirm FIRMS-source association before benchmark inclusion.
GEM_GIPT,L100000102414,Manikgarh Cement power station,thermal_power,India,Maharashtra,19.721222,79.174604,operating,HIGH,Global Energy Monitor Global Integrated Power Tracker,https://globalenergymonitor.org/projects/global-integrated-power-tracker,NEEDS_REVIEW,Operating India thermal-power facility from GEM GIPT. Confirm FIRMS-source association before benchmark inclusion.
GEM_GIPT,L100000102639,Maqsoodpur power station,thermal_power,India,Uttar Pradesh,28.2444045,79.997547,operating,HIGH,Global Energy Monitor Global Integrated Power Tracker,https://globalenergymonitor.org/projects/global-integrated-power-tracker,NEEDS_REVIEW,Operating India thermal-power facility from GEM GIPT. Confirm FIRMS-source association before benchmark inclusion.
GEM_GIPT,L100000102639,Maqsoodpur power station,thermal_power,India,Uttar Pradesh,28.2444045,79.997547,operating,HIGH,Global Energy Monitor Global Integrated Power Tracker,https://globalenergymonitor.org/projects/global-integrated-power-tracker,NEEDS_REVIEW,Operating India thermal-power facility from GEM GIPT. Confirm FIRMS-source association before benchmark inclusion.
GEM_GIPT,L100000102165,Marwa power station,thermal_power,India,Chhattisgarh,22.070801,82.602189,operating,HIGH,Global Energy Monitor Global Integrated Power Tracker,https://globalenergymonitor.org/projects/global-integrated-power-tracker,NEEDS_REVIEW,Operating India thermal-power facility from GEM GIPT. Confirm FIRMS-source association before benchmark inclusion.
GEM_GIPT,L100000102165,Marwa power station,thermal_power,India,Chhattisgarh,22.070801,82.602189,operating,HIGH,Global Energy Monitor Global Integrated Power Tracker,https://globalenergymonitor.org/projects/global-integrated-power-tracker,NEEDS_REVIEW,Operating India thermal-power facility from GEM GIPT. Confirm FIRMS-source association before benchmark inclusion.
GEM_GIPT,L100000102415,Mauda power station,thermal_power,India,Maharashtra,21.18074,79.396541,operating,HIGH,Global Energy Monitor Global Integrated Power Tracker,https://globalenergymonitor.org/projects/global-integrated-power-tracker,NEEDS_REVIEW,Operating India thermal-power facility from GEM GIPT. Confirm FIRMS-source association before benchmark inclusion.
GEM_GIPT,L100000102415,Mauda power station,thermal_power,India,Maharashtra,21.18074,79.396541,operating,HIGH,Global Energy Monitor Global Integrated Power Tracker,https://globalenergymonitor.org/projects/global-integrated-power-tracker,NEEDS_REVIEW,Operating India thermal-power facility from GEM GIPT. Confirm FIRMS-source association before benchmark inclusion.
GEM_GIPT,L100000102415,Mauda power station,thermal_power,India,Maharashtra,21.18074,79.396541,operating,HIGH,Global Energy Monitor Global Integrated Power Tracker,https://globalenergymonitor.org/projects/global-integrated-power-tracker,NEEDS_REVIEW,Operating India thermal-power facility from GEM GIPT. Confirm FIRMS-source association before benchmark inclusion.
GEM_GIPT,L100000102415,Mauda power station,thermal_power,India,Maharashtra,21.18074,79.396541,operating,HIGH,Global Energy Monitor Global Integrated Power Tracker,https://globalenergymonitor.org/projects/global-integrated-power-tracker,NEEDS_REVIEW,Operating India thermal-power facility from GEM GIPT. Confirm FIRMS-source association before benchmark inclusion.
GEM_GIPT,L100000102053,Meenakshi Energy Thermal Power Project,thermal_power,India,Andhra Pradesh,14.211195,80.090062,operating,HIGH,Global Energy Monitor Global Integrated Power Tracker,https://globalenergymonitor.org/projects/global-integrated-power-tracker,NEEDS_REVIEW,Operating India thermal-power facility from GEM GIPT. Confirm FIRMS-source association before benchmark inclusion.
GEM_GIPT,L100000102053,Meenakshi Energy Thermal Power Project,thermal_power,India,Andhra Pradesh,14.211195,80.090062,operating,HIGH,Global Energy Monitor Global Integrated Power Tracker,https://globalenergymonitor.org/projects/global-integrated-power-tracker,NEEDS_REVIEW,Operating India thermal-power facility from GEM GIPT. Confirm FIRMS-source association before benchmark inclusion.
GEM_GIPT,L100000102053,Meenakshi Energy Thermal Power Project,thermal_power,India,Andhra Pradesh,14.211195,80.090062,operating,HIGH,Global Energy Monitor Global Integrated Power Tracker,https://globalenergymonitor.org/projects/global-integrated-power-tracker,NEEDS_REVIEW,Operating India thermal-power facility from GEM GIPT. Confirm FIRMS-source association before benchmark inclusion.
GEM_GIPT,L100000102053,Meenakshi Energy Thermal Power Project,thermal_power,India,Andhra Pradesh,14.211195,80.090062,operating,HIGH,Global Energy Monitor Global Integrated Power Tracker,https://globalenergymonitor.org/projects/global-integrated-power-tracker,NEEDS_REVIEW,Operating India thermal-power facility from GEM GIPT. Confirm FIRMS-source association before benchmark inclusion.
GEM_GIPT,L100000102640,Meja Thermal Power Project,thermal_power,India,Uttar Pradesh,25.145867,81.940096,operating,HIGH,Global Energy Monitor Global Integrated Power Tracker,https://globalenergymonitor.org/projects/global-integrated-power-tracker,NEEDS_REVIEW,Operating India thermal-power facility from GEM GIPT. Confirm FIRMS-source association before benchmark inclusion.
GEM_GIPT,L100000102640,Meja Thermal Power Project,thermal_power,India,Uttar Pradesh,25.145867,81.940096,operating,HIGH,Global Energy Monitor Global Integrated Power Tracker,https://globalenergymonitor.org/projects/global-integrated-power-tracker,NEEDS_REVIEW,Operating India thermal-power facility from GEM GIPT. Confirm FIRMS-source association before benchmark inclusion.
GEM_GIPT,L100000102680,Mejia power station,thermal_power,India,West Bengal,23.4639,87.1311,operating,HIGH,Global Energy Monitor Global Integrated Power Tracker,https://globalenergymonitor.org/projects/global-integrated-power-tracker,NEEDS_REVIEW,Operating India thermal-power facility from GEM GIPT. Confirm FIRMS-source association before benchmark inclusion.
GEM_GIPT,L100000102680,Mejia power station,thermal_power,India,West Bengal,23.4639,87.1311,operating,HIGH,Global Energy Monitor Global Integrated Power Tracker,https://globalenergymonitor.org/projects/global-integrated-power-tracker,NEEDS_REVIEW,Operating India thermal-power facility from GEM GIPT. Confirm FIRMS-source association before benchmark inclusion.
GEM_GIPT,L100000102680,Mejia power station,thermal_power,India,West Bengal,23.4639,87.1311,operating,HIGH,Global Energy Monitor Global Integrated Power Tracker,https://globalenergymonitor.org/projects/global-integrated-power-tracker,NEEDS_REVIEW,Operating India thermal-power facility from GEM GIPT. Confirm FIRMS-source association before benchmark inclusion.
GEM_GIPT,L100000102680,Mejia power station,thermal_power,India,West Bengal,23.4639,87.1311,operating,HIGH,Global Energy Monitor Global Integrated Power Tracker,https://globalenergymonitor.org/projects/global-integrated-power-tracker,NEEDS_REVIEW,Operating India thermal-power facility from GEM GIPT. Confirm FIRMS-source association before benchmark inclusion.
GEM_GIPT,L100000102680,Mejia power station,thermal_power,India,West Bengal,23.4639,87.1311,operating,HIGH,Global Energy Monitor Global Integrated Power Tracker,https://globalenergymonitor.org/projects/global-integrated-power-tracker,NEEDS_REVIEW,Operating India thermal-power facility from GEM GIPT. Confirm FIRMS-source association before benchmark inclusion.
GEM_GIPT,L100000102680,Mejia power station,thermal_power,India,West Bengal,23.4639,87.1311,operating,HIGH,Global Energy Monitor Global Integrated Power Tracker,https://globalenergymonitor.org/projects/global-integrated-power-tracker,NEEDS_REVIEW,Operating India thermal-power facility from GEM GIPT. Confirm FIRMS-source association before benchmark inclusion.
GEM_GIPT,L100000102680,Mejia power station,thermal_power,India,West Bengal,23.4639,87.1311,operating,HIGH,Global Energy Monitor Global Integrated Power Tracker,https://globalenergymonitor.org/projects/global-integrated-power-tracker,NEEDS_REVIEW,Operating India thermal-power facility from GEM GIPT. Confirm FIRMS-source association before benchmark inclusion.
GEM_GIPT,L100000102680,Mejia power station,thermal_power,India,West Bengal,23.4639,87.1311,operating,HIGH,Global Energy Monitor Global Integrated Power Tracker,https://globalenergymonitor.org/projects/global-integrated-power-tracker,NEEDS_REVIEW,Operating India thermal-power facility from GEM GIPT. Confirm FIRMS-source association before benchmark inclusion.
GEM_GIPT,L100001000101,Mellacheruvu Cement power station,thermal_power,India,Telangana,16.809733,79.915132,operating,HIGH,Global Energy Monitor Global Integrated Power Tracker,https://globalenergymonitor.org/projects/global-integrated-power-tracker,NEEDS_REVIEW,Operating India thermal-power facility from GEM GIPT. Confirm FIRMS-source association before benchmark inclusion.
GEM_GIPT,L100000102481,Meramandali power station,thermal_power,India,Odisha,20.8072919,85.2531512,operating,HIGH,Global Energy Monitor Global Integrated Power Tracker,https://globalenergymonitor.org/projects/global-integrated-power-tracker,NEEDS_REVIEW,Operating India thermal-power facility from GEM GIPT. Confirm FIRMS-source association before benchmark inclusion.
GEM_GIPT,L100000102481,Meramandali power station,thermal_power,India,Odisha,20.8072919,85.2531512,operating,HIGH,Global Energy Monitor Global Integrated Power Tracker,https://globalenergymonitor.org/projects/global-integrated-power-tracker,NEEDS_REVIEW,Operating India thermal-power facility from GEM GIPT. Confirm FIRMS-source association before benchmark inclusion.
GEM_GIPT,L100000102560,Mettur Siscol power station,thermal_power,India,Tamil Nadu,11.814008,77.919073,operating,HIGH,Global Energy Monitor Global Integrated Power Tracker,https://globalenergymonitor.org/projects/global-integrated-power-tracker,NEEDS_REVIEW,Operating India thermal-power facility from GEM GIPT. Confirm FIRMS-source association before benchmark inclusion.
GEM_GIPT,L100000102560,Mettur Siscol power station,thermal_power,India,Tamil Nadu,11.814008,77.919073,operating,HIGH,Global Energy Monitor Global Integrated Power Tracker,https://globalenergymonitor.org/projects/global-integrated-power-tracker,NEEDS_REVIEW,Operating India thermal-power facility from GEM GIPT. Confirm FIRMS-source association before benchmark inclusion.
GEM_GIPT,L100000102561,Mettur Thermal Power Station,thermal_power,India,Tamil Nadu,11.7720201,77.8141046,operating,HIGH,Global Energy Monitor Global Integrated Power Tracker,https://globalenergymonitor.org/projects/global-integrated-power-tracker,NEEDS_REVIEW,Operating India thermal-power facility from GEM GIPT. Confirm FIRMS-source association before benchmark inclusion.
GEM_GIPT,L100000102561,Mettur Thermal Power Station,thermal_power,India,Tamil Nadu,11.7720201,77.8141046,operating,HIGH,Global Energy Monitor Global Integrated Power Tracker,https://globalenergymonitor.org/projects/global-integrated-power-tracker,NEEDS_REVIEW,Operating India thermal-power facility from GEM GIPT. Confirm FIRMS-source association before benchmark inclusion.
GEM_GIPT,L100000102561,Mettur Thermal Power Station,thermal_power,India,Tamil Nadu,11.7720201,77.8141046,operating,HIGH,Global Energy Monitor Global Integrated Power Tracker,https://globalenergymonitor.org/projects/global-integrated-power-tracker,NEEDS_REVIEW,Operating India thermal-power facility from GEM GIPT. Confirm FIRMS-source association before benchmark inclusion.
GEM_GIPT,L100000102561,Mettur Thermal Power Station,thermal_power,India,Tamil Nadu,11.7720201,77.8141046,operating,HIGH,Global Energy Monitor Global Integrated Power Tracker,https://globalenergymonitor.org/projects/global-integrated-power-tracker,NEEDS_REVIEW,Operating India thermal-power facility from GEM GIPT. Confirm FIRMS-source association before benchmark inclusion.
GEM_GIPT,L100000102561,Mettur Thermal Power Station,thermal_power,India,Tamil Nadu,11.7744564,77.8172243,operating,HIGH,Global Energy Monitor Global Integrated Power Tracker,https://globalenergymonitor.org/projects/global-integrated-power-tracker,NEEDS_REVIEW,Operating India thermal-power facility from GEM GIPT. Confirm FIRMS-source association before benchmark inclusion.
GEM_GIPT,L100000102417,MIHAN Power Project,thermal_power,India,Maharashtra,21.0377,78.9334,operating,HIGH,Global Energy Monitor Global Integrated Power Tracker,https://globalenergymonitor.org/projects/global-integrated-power-tracker,NEEDS_REVIEW,Operating India thermal-power facility from GEM GIPT. Confirm FIRMS-source association before benchmark inclusion.
GEM_GIPT,L100000102417,MIHAN Power Project,thermal_power,India,Maharashtra,21.0377,78.9334,operating,HIGH,Global Energy Monitor Global Integrated Power Tracker,https://globalenergymonitor.org/projects/global-integrated-power-tracker,NEEDS_REVIEW,Operating India thermal-power facility from GEM GIPT. Confirm FIRMS-source association before benchmark inclusion.
GEM_GIPT,L100000102417,MIHAN Power Project,thermal_power,India,Maharashtra,21.0377,78.9334,operating,HIGH,Global Energy Monitor Global Integrated Power Tracker,https://globalenergymonitor.org/projects/global-integrated-power-tracker,NEEDS_REVIEW,Operating India thermal-power facility from GEM GIPT. Confirm FIRMS-source association before benchmark inclusion.
GEM_GIPT,L100000102417,MIHAN Power Project,thermal_power,India,Maharashtra,21.0377,78.9334,operating,HIGH,Global Energy Monitor Global Integrated Power Tracker,https://globalenergymonitor.org/projects/global-integrated-power-tracker,NEEDS_REVIEW,Operating India thermal-power facility from GEM GIPT. Confirm FIRMS-source association before benchmark inclusion.
GEM_GIPT,L100000102562,Moxie Power Melamaruthur Thermal Power Plant,thermal_power,India,Tamil Nadu,8.912716,78.144965,operating,HIGH,Global Energy Monitor Global Integrated Power Tracker,https://globalenergymonitor.org/projects/global-integrated-power-tracker,NEEDS_REVIEW,Operating India thermal-power facility from GEM GIPT. Confirm FIRMS-source association before benchmark inclusion.
GEM_GIPT,L100000102562,Moxie Power Melamaruthur Thermal Power Plant,thermal_power,India,Tamil Nadu,8.912716,78.144965,operating,HIGH,Global Energy Monitor Global Integrated Power Tracker,https://globalenergymonitor.org/projects/global-integrated-power-tracker,NEEDS_REVIEW,Operating India thermal-power facility from GEM GIPT. Confirm FIRMS-source association before benchmark inclusion.
GEM_GIPT,L100000102353,MP Amarkantak power station,thermal_power,India,Madhya Pradesh,23.162146,81.632816,operating,HIGH,Global Energy Monitor Global Integrated Power Tracker,https://globalenergymonitor.org/projects/global-integrated-power-tracker,NEEDS_REVIEW,Operating India thermal-power facility from GEM GIPT. Confirm FIRMS-source association before benchmark inclusion.
GEM_GIPT,L100000102217,Mundra Thermal Power Project (Adani),thermal_power,India,Gujarat,22.8235596,69.5511094,operating,HIGH,Global Energy Monitor Global Integrated Power Tracker,https://globalenergymonitor.org/projects/global-integrated-power-tracker,NEEDS_REVIEW,Operating India thermal-power facility from GEM GIPT. Confirm FIRMS-source association before benchmark inclusion.
GEM_GIPT,L100000102217,Mundra Thermal Power Project (Adani),thermal_power,India,Gujarat,22.8235596,69.5511094,operating,HIGH,Global Energy Monitor Global Integrated Power Tracker,https://globalenergymonitor.org/projects/global-integrated-power-tracker,NEEDS_REVIEW,Operating India thermal-power facility from GEM GIPT. Confirm FIRMS-source association before benchmark inclusion.
GEM_GIPT,L100000102217,Mundra Thermal Power Project (Adani),thermal_power,India,Gujarat,22.8235596,69.5511094,operating,HIGH,Global Energy Monitor Global Integrated Power Tracker,https://globalenergymonitor.org/projects/global-integrated-power-tracker,NEEDS_REVIEW,Operating India thermal-power facility from GEM GIPT. Confirm FIRMS-source association before benchmark inclusion.
GEM_GIPT,L100000102217,Mundra Thermal Power Project (Adani),thermal_power,India,Gujarat,22.8235596,69.5511094,operating,HIGH,Global Energy Monitor Global Integrated Power Tracker,https://globalenergymonitor.org/projects/global-integrated-power-tracker,NEEDS_REVIEW,Operating India thermal-power facility from GEM GIPT. Confirm FIRMS-source association before benchmark inclusion.
GEM_GIPT,L100000102217,Mundra Thermal Power Project (Adani),thermal_power,India,Gujarat,22.8234904,69.5534831,operating,HIGH,Global Energy Monitor Global Integrated Power Tracker,https://globalenergymonitor.org/projects/global-integrated-power-tracker,NEEDS_REVIEW,Operating India thermal-power facility from GEM GIPT. Confirm FIRMS-source association before benchmark inclusion.
GEM_GIPT,L100000102217,Mundra Thermal Power Project (Adani),thermal_power,India,Gujarat,22.8235448,69.5551568,operating,HIGH,Global Energy Monitor Global Integrated Power Tracker,https://globalenergymonitor.org/projects/global-integrated-power-tracker,NEEDS_REVIEW,Operating India thermal-power facility from GEM GIPT. Confirm FIRMS-source association before benchmark inclusion.
GEM_GIPT,L100000102217,Mundra Thermal Power Project (Adani),thermal_power,India,Gujarat,22.8235448,69.5551568,operating,HIGH,Global Energy Monitor Global Integrated Power Tracker,https://globalenergymonitor.org/projects/global-integrated-power-tracker,NEEDS_REVIEW,Operating India thermal-power facility from GEM GIPT. Confirm FIRMS-source association before benchmark inclusion.
GEM_GIPT,L100000102217,Mundra Thermal Power Project (Adani),thermal_power,India,Gujarat,22.8235448,69.5574957,operating,HIGH,Global Energy Monitor Global Integrated Power Tracker,https://globalenergymonitor.org/projects/global-integrated-power-tracker,NEEDS_REVIEW,Operating India thermal-power facility from GEM GIPT. Confirm FIRMS-source association before benchmark inclusion.
GEM_GIPT,L100000102217,Mundra Thermal Power Project (Adani),thermal_power,India,Gujarat,22.8235448,69.5574957,operating,HIGH,Global Energy Monitor Global Integrated Power Tracker,https://globalenergymonitor.org/projects/global-integrated-power-tracker,NEEDS_REVIEW,Operating India thermal-power facility from GEM GIPT. Confirm FIRMS-source association before benchmark inclusion.
GEM_GIPT,L100000102055,Muthukur Mandal power station (Painampuram),thermal_power,India,Andhra Pradesh,14.351195,80.143086,operating,HIGH,Global Energy Monitor Global Integrated Power Tracker,https://globalenergymonitor.org/projects/global-integrated-power-tracker,NEEDS_REVIEW,Operating India thermal-power facility from GEM GIPT. Confirm FIRMS-source association before benchmark inclusion.
GEM_GIPT,L100000102055,Muthukur Mandal power station (Painampuram),thermal_power,India,Andhra Pradesh,14.351195,80.143086,operating,HIGH,Global Energy Monitor Global Integrated Power Tracker,https://globalenergymonitor.org/projects/global-integrated-power-tracker,NEEDS_REVIEW,Operating India thermal-power facility from GEM GIPT. Confirm FIRMS-source association before benchmark inclusion.
GEM_GIPT,L100000102112,Muzaffarpur power station,thermal_power,India,Bihar,26.194771,85.303302,operating,HIGH,Global Energy Monitor Global Integrated Power Tracker,https://globalenergymonitor.org/projects/global-integrated-power-tracker,NEEDS_REVIEW,Operating India thermal-power facility from GEM GIPT. Confirm FIRMS-source association before benchmark inclusion.
GEM_GIPT,L100000102112,Muzaffarpur power station,thermal_power,India,Bihar,26.194771,85.303302,operating,HIGH,Global Energy Monitor Global Integrated Power Tracker,https://globalenergymonitor.org/projects/global-integrated-power-tracker,NEEDS_REVIEW,Operating India thermal-power facility from GEM GIPT. Confirm FIRMS-source association before benchmark inclusion.
GEM_GIPT,L100000102113,Nabinagar Super Thermal Power Project,thermal_power,India,Bihar,24.776,84.158025,operating,HIGH,Global Energy Monitor Global Integrated Power Tracker,https://globalenergymonitor.org/projects/global-integrated-power-tracker,NEEDS_REVIEW,Operating India thermal-power facility from GEM GIPT. Confirm FIRMS-source association before benchmark inclusion.
GEM_GIPT,L100000102113,Nabinagar Super Thermal Power Project,thermal_power,India,Bihar,24.776,84.158025,operating,HIGH,Global Energy Monitor Global Integrated Power Tracker,https://globalenergymonitor.org/projects/global-integrated-power-tracker,NEEDS_REVIEW,Operating India thermal-power facility from GEM GIPT. Confirm FIRMS-source association before benchmark inclusion.
GEM_GIPT,L100000102113,Nabinagar Super Thermal Power Project,thermal_power,India,Bihar,24.776,84.158025,operating,HIGH,Global Energy Monitor Global Integrated Power Tracker,https://globalenergymonitor.org/projects/global-integrated-power-tracker,NEEDS_REVIEW,Operating India thermal-power facility from GEM GIPT. Confirm FIRMS-source association before benchmark inclusion.
GEM_GIPT,L100000102114,Nabinagar Thermal Power Project,thermal_power,India,Bihar,24.705081,84.088738,operating,HIGH,Global Energy Monitor Global Integrated Power Tracker,https://globalenergymonitor.org/projects/global-integrated-power-tracker,NEEDS_REVIEW,Operating India thermal-power facility from GEM GIPT. Confirm FIRMS-source association before benchmark inclusion.
GEM_GIPT,L100000102114,Nabinagar Thermal Power Project,thermal_power,India,Bihar,24.705081,84.088738,operating,HIGH,Global Energy Monitor Global Integrated Power Tracker,https://globalenergymonitor.org/projects/global-integrated-power-tracker,NEEDS_REVIEW,Operating India thermal-power facility from GEM GIPT. Confirm FIRMS-source association before benchmark inclusion.
GEM_GIPT,L100000102114,Nabinagar Thermal Power Project,thermal_power,India,Bihar,24.705081,84.088738,operating,HIGH,Global Energy Monitor Global Integrated Power Tracker,https://globalenergymonitor.org/projects/global-integrated-power-tracker,NEEDS_REVIEW,Operating India thermal-power facility from GEM GIPT. Confirm FIRMS-source association before benchmark inclusion.
GEM_GIPT,L100000102114,Nabinagar Thermal Power Project,thermal_power,India,Bihar,24.705081,84.088738,operating,HIGH,Global Energy Monitor Global Integrated Power Tracker,https://globalenergymonitor.org/projects/global-integrated-power-tracker,NEEDS_REVIEW,Operating India thermal-power facility from GEM GIPT. Confirm FIRMS-source association before benchmark inclusion.
GEM_GIPT,L100000102563,Nagai Nagapattinam Power Project,thermal_power,India,Tamil Nadu,10.824085,79.753828,operating,HIGH,Global Energy Monitor Global Integrated Power Tracker,https://globalenergymonitor.org/projects/global-integrated-power-tracker,NEEDS_REVIEW,Operating India thermal-power facility from GEM GIPT. Confirm FIRMS-source association before benchmark inclusion.
GEM_GIPT,L100000102419,Nardana Vaghode power station,thermal_power,India,Maharashtra,21.15103,74.854206,operating,HIGH,Global Energy Monitor Global Integrated Power Tracker,https://globalenergymonitor.org/projects/global-integrated-power-tracker,NEEDS_REVIEW,Operating India thermal-power facility from GEM GIPT. Confirm FIRMS-source association before benchmark inclusion.
GEM_GIPT,L100000102419,Nardana Vaghode power station,thermal_power,India,Maharashtra,21.15103,74.854206,operating,HIGH,Global Energy Monitor Global Integrated Power Tracker,https://globalenergymonitor.org/projects/global-integrated-power-tracker,NEEDS_REVIEW,Operating India thermal-power facility from GEM GIPT. Confirm FIRMS-source association before benchmark inclusion.
GEM_GIPT,L100000102420,Nasik MAHAGENCO Thermal Power Station,thermal_power,India,Maharashtra,19.9814589,73.8920556,operating,HIGH,Global Energy Monitor Global Integrated Power Tracker,https://globalenergymonitor.org/projects/global-integrated-power-tracker,NEEDS_REVIEW,Operating India thermal-power facility from GEM GIPT. Confirm FIRMS-source association before benchmark inclusion.
GEM_GIPT,L100000102420,Nasik MAHAGENCO Thermal Power Station,thermal_power,India,Maharashtra,19.9814589,73.8920556,operating,HIGH,Global Energy Monitor Global Integrated Power Tracker,https://globalenergymonitor.org/projects/global-integrated-power-tracker,NEEDS_REVIEW,Operating India thermal-power facility from GEM GIPT. Confirm FIRMS-source association before benchmark inclusion.
GEM_GIPT,L100000102420,Nasik MAHAGENCO Thermal Power Station,thermal_power,India,Maharashtra,19.9814589,73.8920556,operating,HIGH,Global Energy Monitor Global Integrated Power Tracker,https://globalenergymonitor.org/projects/global-integrated-power-tracker,NEEDS_REVIEW,Operating India thermal-power facility from GEM GIPT. Confirm FIRMS-source association before benchmark inclusion.
GEM_GIPT,L100000102421,Nasik RattanIndia Thermal Power Project,thermal_power,India,Maharashtra,19.866659,74.081749,operating,HIGH,Global Energy Monitor Global Integrated Power Tracker,https://globalenergymonitor.org/projects/global-integrated-power-tracker,NEEDS_REVIEW,Operating India thermal-power facility from GEM GIPT. Confirm FIRMS-source association before benchmark inclusion.
GEM_GIPT,L100000102421,Nasik RattanIndia Thermal Power Project,thermal_power,India,Maharashtra,19.866659,74.081749,operating,HIGH,Global Energy Monitor Global Integrated Power Tracker,https://globalenergymonitor.org/projects/global-integrated-power-tracker,NEEDS_REVIEW,Operating India thermal-power facility from GEM GIPT. Confirm FIRMS-source association before benchmark inclusion.
GEM_GIPT,L100000102421,Nasik RattanIndia Thermal Power Project,thermal_power,India,Maharashtra,19.866659,74.081749,operating,HIGH,Global Energy Monitor Global Integrated Power Tracker,https://globalenergymonitor.org/projects/global-integrated-power-tracker,NEEDS_REVIEW,Operating India thermal-power facility from GEM GIPT. Confirm FIRMS-source association before benchmark inclusion.
GEM_GIPT,L100000102421,Nasik RattanIndia Thermal Power Project,thermal_power,India,Maharashtra,19.866659,74.081749,operating,HIGH,Global Energy Monitor Global Integrated Power Tracker,https://globalenergymonitor.org/projects/global-integrated-power-tracker,NEEDS_REVIEW,Operating India thermal-power facility from GEM GIPT. Confirm FIRMS-source association before benchmark inclusion.
GEM_GIPT,L100000102421,Nasik RattanIndia Thermal Power Project,thermal_power,India,Maharashtra,19.866659,74.081749,operating,HIGH,Global Energy Monitor Global Integrated Power Tracker,https://globalenergymonitor.org/projects/global-integrated-power-tracker,NEEDS_REVIEW,Operating India thermal-power facility from GEM GIPT. Confirm FIRMS-source association before benchmark inclusion.
GEM_GIPT,L100000102642,National Capital Dadri Thermal Power Plant,thermal_power,India,Uttar Pradesh,28.603,77.6078,operating,HIGH,Global Energy Monitor Global Integrated Power Tracker,https://globalenergymonitor.org/projects/global-integrated-power-tracker,NEEDS_REVIEW,Operating India thermal-power facility from GEM GIPT. Confirm FIRMS-source association before benchmark inclusion.
GEM_GIPT,L100000102642,National Capital Dadri Thermal Power Plant,thermal_power,India,Uttar Pradesh,28.603,77.6078,operating,HIGH,Global Energy Monitor Global Integrated Power Tracker,https://globalenergymonitor.org/projects/global-integrated-power-tracker,NEEDS_REVIEW,Operating India thermal-power facility from GEM GIPT. Confirm FIRMS-source association before benchmark inclusion.
GEM_GIPT,L100000102642,National Capital Dadri Thermal Power Plant,thermal_power,India,Uttar Pradesh,28.603,77.6078,operating,HIGH,Global Energy Monitor Global Integrated Power Tracker,https://globalenergymonitor.org/projects/global-integrated-power-tracker,NEEDS_REVIEW,Operating India thermal-power facility from GEM GIPT. Confirm FIRMS-source association before benchmark inclusion.
GEM_GIPT,L100000102642,National Capital Dadri Thermal Power Plant,thermal_power,India,Uttar Pradesh,28.603,77.6078,operating,HIGH,Global Energy Monitor Global Integrated Power Tracker,https://globalenergymonitor.org/projects/global-integrated-power-tracker,NEEDS_REVIEW,Operating India thermal-power facility from GEM GIPT. Confirm FIRMS-source association before benchmark inclusion.
GEM_GIPT,L100000102642,National Capital Dadri Thermal Power Plant,thermal_power,India,Uttar Pradesh,28.603,77.6078,operating,HIGH,Global Energy Monitor Global Integrated Power Tracker,https://globalenergymonitor.org/projects/global-integrated-power-tracker,NEEDS_REVIEW,Operating India thermal-power facility from GEM GIPT. Confirm FIRMS-source association before benchmark inclusion.
GEM_GIPT,L100000102642,National Capital Dadri Thermal Power Plant,thermal_power,India,Uttar Pradesh,28.603,77.6078,operating,HIGH,Global Energy Monitor Global Integrated Power Tracker,https://globalenergymonitor.org/projects/global-integrated-power-tracker,NEEDS_REVIEW,Operating India thermal-power facility from GEM GIPT. Confirm FIRMS-source association before benchmark inclusion.
GEM_GIPT,L100000102059,Nellore power station,thermal_power,India,Andhra Pradesh,14.490572,79.986949,operating,HIGH,Global Energy Monitor Global Integrated Power Tracker,https://globalenergymonitor.org/projects/global-integrated-power-tracker,NEEDS_REVIEW,Operating India thermal-power facility from GEM GIPT. Confirm FIRMS-source association before benchmark inclusion.
GEM_GIPT,L100000102565,New Neyveli Thermal Power Station,thermal_power,India,Tamil Nadu,11.547055,79.44289,operating,HIGH,Global Energy Monitor Global Integrated Power Tracker,https://globalenergymonitor.org/projects/global-integrated-power-tracker,NEEDS_REVIEW,Operating India thermal-power facility from GEM GIPT. Confirm FIRMS-source association before benchmark inclusion.
GEM_GIPT,L100000102565,New Neyveli Thermal Power Station,thermal_power,India,Tamil Nadu,11.547055,79.44289,operating,HIGH,Global Energy Monitor Global Integrated Power Tracker,https://globalenergymonitor.org/projects/global-integrated-power-tracker,NEEDS_REVIEW,Operating India thermal-power facility from GEM GIPT. Confirm FIRMS-source association before benchmark inclusion.
GEM_GIPT,L100000102566,Neyveli Thermal Power Station I,thermal_power,India,Tamil Nadu,11.5464825,79.4445033,operating,HIGH,Global Energy Monitor Global Integrated Power Tracker,https://globalenergymonitor.org/projects/global-integrated-power-tracker,NEEDS_REVIEW,Operating India thermal-power facility from GEM GIPT. Confirm FIRMS-source association before benchmark inclusion.
GEM_GIPT,L100000102566,Neyveli Thermal Power Station I,thermal_power,India,Tamil Nadu,11.5464825,79.4445033,operating,HIGH,Global Energy Monitor Global Integrated Power Tracker,https://globalenergymonitor.org/projects/global-integrated-power-tracker,NEEDS_REVIEW,Operating India thermal-power facility from GEM GIPT. Confirm FIRMS-source association before benchmark inclusion.
GEM_GIPT,L100000102567,Neyveli Thermal Power Station II,thermal_power,India,Tamil Nadu,11.5575892,79.4415697,operating,HIGH,Global Energy Monitor Global Integrated Power Tracker,https://globalenergymonitor.org/projects/global-integrated-power-tracker,NEEDS_REVIEW,Operating India thermal-power facility from GEM GIPT. Confirm FIRMS-source association before benchmark inclusion.
GEM_GIPT,L100000102567,Neyveli Thermal Power Station II,thermal_power,India,Tamil Nadu,11.5575892,79.4415697,operating,HIGH,Global Energy Monitor Global Integrated Power Tracker,https://globalenergymonitor.org/projects/global-integrated-power-tracker,NEEDS_REVIEW,Operating India thermal-power facility from GEM GIPT. Confirm FIRMS-source association before benchmark inclusion.
GEM_GIPT,L100000102567,Neyveli Thermal Power Station II,thermal_power,India,Tamil Nadu,11.5575892,79.4415697,operating,HIGH,Global Energy Monitor Global Integrated Power Tracker,https://globalenergymonitor.org/projects/global-integrated-power-tracker,NEEDS_REVIEW,Operating India thermal-power facility from GEM GIPT. Confirm FIRMS-source association before benchmark inclusion.
GEM_GIPT,L100000102567,Neyveli Thermal Power Station II,thermal_power,India,Tamil Nadu,11.5575892,79.4415697,operating,HIGH,Global Energy Monitor Global Integrated Power Tracker,https://globalenergymonitor.org/projects/global-integrated-power-tracker,NEEDS_REVIEW,Operating India thermal-power facility from GEM GIPT. Confirm FIRMS-source association before benchmark inclusion.
GEM_GIPT,L100000102567,Neyveli Thermal Power Station II,thermal_power,India,Tamil Nadu,11.5575892,79.4415697,operating,HIGH,Global Energy Monitor Global Integrated Power Tracker,https://globalenergymonitor.org/projects/global-integrated-power-tracker,NEEDS_REVIEW,Operating India thermal-power facility from GEM GIPT. Confirm FIRMS-source association before benchmark inclusion.
GEM_GIPT,L100000102567,Neyveli Thermal Power Station II,thermal_power,India,Tamil Nadu,11.5575892,79.4415697,operating,HIGH,Global Energy Monitor Global Integrated Power Tracker,https://globalenergymonitor.org/projects/global-integrated-power-tracker,NEEDS_REVIEW,Operating India thermal-power facility from GEM GIPT. Confirm FIRMS-source association before benchmark inclusion.
GEM_GIPT,L100000102567,Neyveli Thermal Power Station II,thermal_power,India,Tamil Nadu,11.5575892,79.4415697,operating,HIGH,Global Energy Monitor Global Integrated Power Tracker,https://globalenergymonitor.org/projects/global-integrated-power-tracker,NEEDS_REVIEW,Operating India thermal-power facility from GEM GIPT. Confirm FIRMS-source association before benchmark inclusion.
GEM_GIPT,L100000102567,Neyveli Thermal Power Station II,thermal_power,India,Tamil Nadu,11.553404,79.440762,operating,HIGH,Global Energy Monitor Global Integrated Power Tracker,https://globalenergymonitor.org/projects/global-integrated-power-tracker,NEEDS_REVIEW,Operating India thermal-power facility from GEM GIPT. Confirm FIRMS-source association before benchmark inclusion.
GEM_GIPT,L100000102567,Neyveli Thermal Power Station II,thermal_power,India,Tamil Nadu,11.553404,79.440762,operating,HIGH,Global Energy Monitor Global Integrated Power Tracker,https://globalenergymonitor.org/projects/global-integrated-power-tracker,NEEDS_REVIEW,Operating India thermal-power facility from GEM GIPT. Confirm FIRMS-source association before benchmark inclusion.
GEM_GIPT,L100000102568,Neyveli Zero power station,thermal_power,India,Tamil Nadu,11.5401,79.4159,operating,HIGH,Global Energy Monitor Global Integrated Power Tracker,https://globalenergymonitor.org/projects/global-integrated-power-tracker,NEEDS_REVIEW,Operating India thermal-power facility from GEM GIPT. Confirm FIRMS-source association before benchmark inclusion.
GEM_GIPT,L100000102569,North Chennai Thermal Power Station,thermal_power,India,Tamil Nadu,13.253013,80.327804,operating,HIGH,Global Energy Monitor Global Integrated Power Tracker,https://globalenergymonitor.org/projects/global-integrated-power-tracker,NEEDS_REVIEW,Operating India thermal-power facility from GEM GIPT. Confirm FIRMS-source association before benchmark inclusion.
GEM_GIPT,L100000102569,North Chennai Thermal Power Station,thermal_power,India,Tamil Nadu,13.253013,80.327804,operating,HIGH,Global Energy Monitor Global Integrated Power Tracker,https://globalenergymonitor.org/projects/global-integrated-power-tracker,NEEDS_REVIEW,Operating India thermal-power facility from GEM GIPT. Confirm FIRMS-source association before benchmark inclusion.
GEM_GIPT,L100000102569,North Chennai Thermal Power Station,thermal_power,India,Tamil Nadu,13.253013,80.327804,operating,HIGH,Global Energy Monitor Global Integrated Power Tracker,https://globalenergymonitor.org/projects/global-integrated-power-tracker,NEEDS_REVIEW,Operating India thermal-power facility from GEM GIPT. Confirm FIRMS-source association before benchmark inclusion.
GEM_GIPT,L100000102569,North Chennai Thermal Power Station,thermal_power,India,Tamil Nadu,13.253013,80.327804,operating,HIGH,Global Energy Monitor Global Integrated Power Tracker,https://globalenergymonitor.org/projects/global-integrated-power-tracker,NEEDS_REVIEW,Operating India thermal-power facility from GEM GIPT. Confirm FIRMS-source association before benchmark inclusion.
GEM_GIPT,L100000102569,North Chennai Thermal Power Station,thermal_power,India,Tamil Nadu,13.253013,80.327804,operating,HIGH,Global Energy Monitor Global Integrated Power Tracker,https://globalenergymonitor.org/projects/global-integrated-power-tracker,NEEDS_REVIEW,Operating India thermal-power facility from GEM GIPT. Confirm FIRMS-source association before benchmark inclusion.
GEM_GIPT,L100000102569,North Chennai Thermal Power Station,thermal_power,India,Tamil Nadu,13.253013,80.327804,operating,HIGH,Global Energy Monitor Global Integrated Power Tracker,https://globalenergymonitor.org/projects/global-integrated-power-tracker,NEEDS_REVIEW,Operating India thermal-power facility from GEM GIPT. Confirm FIRMS-source association before benchmark inclusion.
GEM_GIPT,L100000102278,North Karanpura power station,thermal_power,India,Jharkhand,23.850772,85.012411,operating,HIGH,Global Energy Monitor Global Integrated Power Tracker,https://globalenergymonitor.org/projects/global-integrated-power-tracker,NEEDS_REVIEW,Operating India thermal-power facility from GEM GIPT. Confirm FIRMS-source association before benchmark inclusion.
GEM_GIPT,L100000102278,North Karanpura power station,thermal_power,India,Jharkhand,23.850772,85.012411,operating,HIGH,Global Energy Monitor Global Integrated Power Tracker,https://globalenergymonitor.org/projects/global-integrated-power-tracker,NEEDS_REVIEW,Operating India thermal-power facility from GEM GIPT. Confirm FIRMS-source association before benchmark inclusion.
GEM_GIPT,L100000102278,North Karanpura power station,thermal_power,India,Jharkhand,23.850772,85.012411,operating,HIGH,Global Energy Monitor Global Integrated Power Tracker,https://globalenergymonitor.org/projects/global-integrated-power-tracker,NEEDS_REVIEW,Operating India thermal-power facility from GEM GIPT. Confirm FIRMS-source association before benchmark inclusion.
GEM_GIPT,L100000102340,NTPC Seoni power station,thermal_power,India,Madhya Pradesh,22.735479,79.912341,operating,HIGH,Global Energy Monitor Global Integrated Power Tracker,https://globalenergymonitor.org/projects/global-integrated-power-tracker,NEEDS_REVIEW,Operating India thermal-power facility from GEM GIPT. Confirm FIRMS-source association before benchmark inclusion.
GEM_GIPT,L100000102644,Obra Thermal Power Station,thermal_power,India,Uttar Pradesh,24.4445803,82.9803325,operating,HIGH,Global Energy Monitor Global Integrated Power Tracker,https://globalenergymonitor.org/projects/global-integrated-power-tracker,NEEDS_REVIEW,Operating India thermal-power facility from GEM GIPT. Confirm FIRMS-source association before benchmark inclusion.
GEM_GIPT,L100000102644,Obra Thermal Power Station,thermal_power,India,Uttar Pradesh,24.4445803,82.9803325,operating,HIGH,Global Energy Monitor Global Integrated Power Tracker,https://globalenergymonitor.org/projects/global-integrated-power-tracker,NEEDS_REVIEW,Operating India thermal-power facility from GEM GIPT. Confirm FIRMS-source association before benchmark inclusion.
GEM_GIPT,L100000102644,Obra Thermal Power Station,thermal_power,India,Uttar Pradesh,24.4445803,82.9803325,operating,HIGH,Global Energy Monitor Global Integrated Power Tracker,https://globalenergymonitor.org/projects/global-integrated-power-tracker,NEEDS_REVIEW,Operating India thermal-power facility from GEM GIPT. Confirm FIRMS-source association before benchmark inclusion.
GEM_GIPT,L100000102644,Obra Thermal Power Station,thermal_power,India,Uttar Pradesh,24.4445803,82.9803325,operating,HIGH,Global Energy Monitor Global Integrated Power Tracker,https://globalenergymonitor.org/projects/global-integrated-power-tracker,NEEDS_REVIEW,Operating India thermal-power facility from GEM GIPT. Confirm FIRMS-source association before benchmark inclusion.
GEM_GIPT,L100000102644,Obra Thermal Power Station,thermal_power,India,Uttar Pradesh,24.4445803,82.9803325,operating,HIGH,Global Energy Monitor Global Integrated Power Tracker,https://globalenergymonitor.org/projects/global-integrated-power-tracker,NEEDS_REVIEW,Operating India thermal-power facility from GEM GIPT. Confirm FIRMS-source association before benchmark inclusion.
GEM_GIPT,L100000102644,Obra Thermal Power Station,thermal_power,India,Uttar Pradesh,24.4445,82.98,operating,HIGH,Global Energy Monitor Global Integrated Power Tracker,https://globalenergymonitor.org/projects/global-integrated-power-tracker,NEEDS_REVIEW,Operating India thermal-power facility from GEM GIPT. Confirm FIRMS-source association before benchmark inclusion.
GEM_GIPT,L100000102644,Obra Thermal Power Station,thermal_power,India,Uttar Pradesh,24.4445,82.98,operating,HIGH,Global Energy Monitor Global Integrated Power Tracker,https://globalenergymonitor.org/projects/global-integrated-power-tracker,NEEDS_REVIEW,Operating India thermal-power facility from GEM GIPT. Confirm FIRMS-source association before benchmark inclusion.
GEM_GIPT,L100000102279,Palamau Plant power station,thermal_power,India,Jharkhand,24.22902,83.885832,operating,HIGH,Global Energy Monitor Global Integrated Power Tracker,https://globalenergymonitor.org/projects/global-integrated-power-tracker,NEEDS_REVIEW,Operating India thermal-power facility from GEM GIPT. Confirm FIRMS-source association before benchmark inclusion.
GEM_GIPT,L100000102279,Palamau Plant power station,thermal_power,India,Jharkhand,24.22902,83.885832,operating,HIGH,Global Energy Monitor Global Integrated Power Tracker,https://globalenergymonitor.org/projects/global-integrated-power-tracker,NEEDS_REVIEW,Operating India thermal-power facility from GEM GIPT. Confirm FIRMS-source association before benchmark inclusion.
GEM_GIPT,L100000102600,Paloncha power station,thermal_power,India,Telangana,17.5824568,80.6727084,operating,HIGH,Global Energy Monitor Global Integrated Power Tracker,https://globalenergymonitor.org/projects/global-integrated-power-tracker,NEEDS_REVIEW,Operating India thermal-power facility from GEM GIPT. Confirm FIRMS-source association before benchmark inclusion.
GEM_GIPT,L100000102600,Paloncha power station,thermal_power,India,Telangana,17.5824568,80.6727084,operating,HIGH,Global Energy Monitor Global Integrated Power Tracker,https://globalenergymonitor.org/projects/global-integrated-power-tracker,NEEDS_REVIEW,Operating India thermal-power facility from GEM GIPT. Confirm FIRMS-source association before benchmark inclusion.
GEM_GIPT,L100000102600,Paloncha power station,thermal_power,India,Telangana,17.5824568,80.6727084,operating,HIGH,Global Energy Monitor Global Integrated Power Tracker,https://globalenergymonitor.org/projects/global-integrated-power-tracker,NEEDS_REVIEW,Operating India thermal-power facility from GEM GIPT. Confirm FIRMS-source association before benchmark inclusion.
GEM_GIPT,L100000102239,Panipat power station,thermal_power,India,Haryana,29.3975059,76.8763161,operating,HIGH,Global Energy Monitor Global Integrated Power Tracker,https://globalenergymonitor.org/projects/global-integrated-power-tracker,NEEDS_REVIEW,Operating India thermal-power facility from GEM GIPT. Confirm FIRMS-source association before benchmark inclusion.
GEM_GIPT,L100000102239,Panipat power station,thermal_power,India,Haryana,29.3975059,76.8763161,operating,HIGH,Global Energy Monitor Global Integrated Power Tracker,https://globalenergymonitor.org/projects/global-integrated-power-tracker,NEEDS_REVIEW,Operating India thermal-power facility from GEM GIPT. Confirm FIRMS-source association before benchmark inclusion.
GEM_GIPT,L100000102239,Panipat power station,thermal_power,India,Haryana,29.3975059,76.8763161,operating,HIGH,Global Energy Monitor Global Integrated Power Tracker,https://globalenergymonitor.org/projects/global-integrated-power-tracker,NEEDS_REVIEW,Operating India thermal-power facility from GEM GIPT. Confirm FIRMS-source association before benchmark inclusion.
GEM_GIPT,L100000102645,Panki Thermal Power Station,thermal_power,India,Uttar Pradesh,26.4766,80.241,operating,HIGH,Global Energy Monitor Global Integrated Power Tracker,https://globalenergymonitor.org/projects/global-integrated-power-tracker,NEEDS_REVIEW,Operating India thermal-power facility from GEM GIPT. Confirm FIRMS-source association before benchmark inclusion.
GEM_GIPT,L100000102486,Paradip Oswal power station,thermal_power,India,Odisha,20.3122274,86.6595466,operating,HIGH,Global Energy Monitor Global Integrated Power Tracker,https://globalenergymonitor.org/projects/global-integrated-power-tracker,NEEDS_REVIEW,Operating India thermal-power facility from GEM GIPT. Confirm FIRMS-source association before benchmark inclusion.
GEM_GIPT,L100000102486,Paradip Oswal power station,thermal_power,India,Odisha,20.3122274,86.6595466,operating,HIGH,Global Energy Monitor Global Integrated Power Tracker,https://globalenergymonitor.org/projects/global-integrated-power-tracker,NEEDS_REVIEW,Operating India thermal-power facility from GEM GIPT. Confirm FIRMS-source association before benchmark inclusion.
GEM_GIPT,L100000102487,Paradip power station,thermal_power,India,Odisha,20.31221,86.645829,operating,HIGH,Global Energy Monitor Global Integrated Power Tracker,https://globalenergymonitor.org/projects/global-integrated-power-tracker,NEEDS_REVIEW,Operating India thermal-power facility from GEM GIPT. Confirm FIRMS-source association before benchmark inclusion.
GEM_GIPT,L100000102487,Paradip power station,thermal_power,India,Odisha,20.31221,86.645829,operating,HIGH,Global Energy Monitor Global Integrated Power Tracker,https://globalenergymonitor.org/projects/global-integrated-power-tracker,NEEDS_REVIEW,Operating India thermal-power facility from GEM GIPT. Confirm FIRMS-source association before benchmark inclusion.
GEM_GIPT,L100000102487,Paradip power station,thermal_power,India,Odisha,20.31221,86.645829,operating,HIGH,Global Energy Monitor Global Integrated Power Tracker,https://globalenergymonitor.org/projects/global-integrated-power-tracker,NEEDS_REVIEW,Operating India thermal-power facility from GEM GIPT. Confirm FIRMS-source association before benchmark inclusion.
GEM_GIPT,L100000102487,Paradip power station,thermal_power,India,Odisha,20.31221,86.645829,operating,HIGH,Global Energy Monitor Global Integrated Power Tracker,https://globalenergymonitor.org/projects/global-integrated-power-tracker,NEEDS_REVIEW,Operating India thermal-power facility from GEM GIPT. Confirm FIRMS-source association before benchmark inclusion.
GEM_GIPT,L100000102422,Paras power station,thermal_power,India,Maharashtra,20.7147,76.7948,operating,HIGH,Global Energy Monitor Global Integrated Power Tracker,https://globalenergymonitor.org/projects/global-integrated-power-tracker,NEEDS_REVIEW,Operating India thermal-power facility from GEM GIPT. Confirm FIRMS-source association before benchmark inclusion.
GEM_GIPT,L100000102422,Paras power station,thermal_power,India,Maharashtra,20.7147,76.7948,operating,HIGH,Global Energy Monitor Global Integrated Power Tracker,https://globalenergymonitor.org/projects/global-integrated-power-tracker,NEEDS_REVIEW,Operating India thermal-power facility from GEM GIPT. Confirm FIRMS-source association before benchmark inclusion.
GEM_GIPT,L100000102423,Parbhani Renuka power station,thermal_power,India,Maharashtra,19.267918,76.435742,operating,HIGH,Global Energy Monitor Global Integrated Power Tracker,https://globalenergymonitor.org/projects/global-integrated-power-tracker,NEEDS_REVIEW,Operating India thermal-power facility from GEM GIPT. Confirm FIRMS-source association before benchmark inclusion.
GEM_GIPT,L100000102646,Parichha power station,thermal_power,India,Uttar Pradesh,25.513571,78.757918,operating,HIGH,Global Energy Monitor Global Integrated Power Tracker,https://globalenergymonitor.org/projects/global-integrated-power-tracker,NEEDS_REVIEW,Operating India thermal-power facility from GEM GIPT. Confirm FIRMS-source association before benchmark inclusion.
GEM_GIPT,L100000102646,Parichha power station,thermal_power,India,Uttar Pradesh,25.513571,78.757918,operating,HIGH,Global Energy Monitor Global Integrated Power Tracker,https://globalenergymonitor.org/projects/global-integrated-power-tracker,NEEDS_REVIEW,Operating India thermal-power facility from GEM GIPT. Confirm FIRMS-source association before benchmark inclusion.
GEM_GIPT,L100000102646,Parichha power station,thermal_power,India,Uttar Pradesh,25.513571,78.757918,operating,HIGH,Global Energy Monitor Global Integrated Power Tracker,https://globalenergymonitor.org/projects/global-integrated-power-tracker,NEEDS_REVIEW,Operating India thermal-power facility from GEM GIPT. Confirm FIRMS-source association before benchmark inclusion.
GEM_GIPT,L100000102646,Parichha power station,thermal_power,India,Uttar Pradesh,25.513571,78.757918,operating,HIGH,Global Energy Monitor Global Integrated Power Tracker,https://globalenergymonitor.org/projects/global-integrated-power-tracker,NEEDS_REVIEW,Operating India thermal-power facility from GEM GIPT. Confirm FIRMS-source association before benchmark inclusion.
GEM_GIPT,L100000102424,Parli Thermal Power Station,thermal_power,India,Maharashtra,18.9075857,76.5429497,operating,HIGH,Global Energy Monitor Global Integrated Power Tracker,https://globalenergymonitor.org/projects/global-integrated-power-tracker,NEEDS_REVIEW,Operating India thermal-power facility from GEM GIPT. Confirm FIRMS-source association before benchmark inclusion.
GEM_GIPT,L100000102424,Parli Thermal Power Station,thermal_power,India,Maharashtra,18.9075857,76.5429497,operating,HIGH,Global Energy Monitor Global Integrated Power Tracker,https://globalenergymonitor.org/projects/global-integrated-power-tracker,NEEDS_REVIEW,Operating India thermal-power facility from GEM GIPT. Confirm FIRMS-source association before benchmark inclusion.
GEM_GIPT,L100000102424,Parli Thermal Power Station,thermal_power,India,Maharashtra,18.9075857,76.5429497,operating,HIGH,Global Energy Monitor Global Integrated Power Tracker,https://globalenergymonitor.org/projects/global-integrated-power-tracker,NEEDS_REVIEW,Operating India thermal-power facility from GEM GIPT. Confirm FIRMS-source association before benchmark inclusion.
GEM_GIPT,L100000102281,Patratu JSEB power station,thermal_power,India,Jharkhand,23.64,85.2931,operating,HIGH,Global Energy Monitor Global Integrated Power Tracker,https://globalenergymonitor.org/projects/global-integrated-power-tracker,NEEDS_REVIEW,Operating India thermal-power facility from GEM GIPT. Confirm FIRMS-source association before benchmark inclusion.
GEM_GIPT,L100000102281,Patratu JSEB power station,thermal_power,India,Jharkhand,23.64,85.2931,operating,HIGH,Global Energy Monitor Global Integrated Power Tracker,https://globalenergymonitor.org/projects/global-integrated-power-tracker,NEEDS_REVIEW,Operating India thermal-power facility from GEM GIPT. Confirm FIRMS-source association before benchmark inclusion.
GEM_GIPT,L100000102601,Pegadapalli (Jaipur Mandal) power station,thermal_power,India,Telangana,18.827056,79.570284,operating,HIGH,Global Energy Monitor Global Integrated Power Tracker,https://globalenergymonitor.org/projects/global-integrated-power-tracker,NEEDS_REVIEW,Operating India thermal-power facility from GEM GIPT. Confirm FIRMS-source association before benchmark inclusion.
GEM_GIPT,L100000102601,Pegadapalli (Jaipur Mandal) power station,thermal_power,India,Telangana,18.827056,79.570284,operating,HIGH,Global Energy Monitor Global Integrated Power Tracker,https://globalenergymonitor.org/projects/global-integrated-power-tracker,NEEDS_REVIEW,Operating India thermal-power facility from GEM GIPT. Confirm FIRMS-source association before benchmark inclusion.
GEM_GIPT,L100000102681,Raghunathpur Thermal Power Station,thermal_power,India,West Bengal,23.62191,86.660703,operating,HIGH,Global Energy Monitor Global Integrated Power Tracker,https://globalenergymonitor.org/projects/global-integrated-power-tracker,NEEDS_REVIEW,Operating India thermal-power facility from GEM GIPT. Confirm FIRMS-source association before benchmark inclusion.
GEM_GIPT,L100000102681,Raghunathpur Thermal Power Station,thermal_power,India,West Bengal,23.62191,86.660703,operating,HIGH,Global Energy Monitor Global Integrated Power Tracker,https://globalenergymonitor.org/projects/global-integrated-power-tracker,NEEDS_REVIEW,Operating India thermal-power facility from GEM GIPT. Confirm FIRMS-source association before benchmark inclusion.
GEM_GIPT,L100000102309,Raichur Thermal Power Station,thermal_power,India,Karnataka,16.3532,77.3422,operating,HIGH,Global Energy Monitor Global Integrated Power Tracker,https://globalenergymonitor.org/projects/global-integrated-power-tracker,NEEDS_REVIEW,Operating India thermal-power facility from GEM GIPT. Confirm FIRMS-source association before benchmark inclusion.
GEM_GIPT,L100000102309,Raichur Thermal Power Station,thermal_power,India,Karnataka,16.3532,77.3422,operating,HIGH,Global Energy Monitor Global Integrated Power Tracker,https://globalenergymonitor.org/projects/global-integrated-power-tracker,NEEDS_REVIEW,Operating India thermal-power facility from GEM GIPT. Confirm FIRMS-source association before benchmark inclusion.
GEM_GIPT,L100000102309,Raichur Thermal Power Station,thermal_power,India,Karnataka,16.3532,77.3422,operating,HIGH,Global Energy Monitor Global Integrated Power Tracker,https://globalenergymonitor.org/projects/global-integrated-power-tracker,NEEDS_REVIEW,Operating India thermal-power facility from GEM GIPT. Confirm FIRMS-source association before benchmark inclusion.
GEM_GIPT,L100000102309,Raichur Thermal Power Station,thermal_power,India,Karnataka,16.3532,77.3422,operating,HIGH,Global Energy Monitor Global Integrated Power Tracker,https://globalenergymonitor.org/projects/global-integrated-power-tracker,NEEDS_REVIEW,Operating India thermal-power facility from GEM GIPT. Confirm FIRMS-source association before benchmark inclusion.
GEM_GIPT,L100000102309,Raichur Thermal Power Station,thermal_power,India,Karnataka,16.3532,77.3422,operating,HIGH,Global Energy Monitor Global Integrated Power Tracker,https://globalenergymonitor.org/projects/global-integrated-power-tracker,NEEDS_REVIEW,Operating India thermal-power facility from GEM GIPT. Confirm FIRMS-source association before benchmark inclusion.
GEM_GIPT,L100000102309,Raichur Thermal Power Station,thermal_power,India,Karnataka,16.3532,77.3422,operating,HIGH,Global Energy Monitor Global Integrated Power Tracker,https://globalenergymonitor.org/projects/global-integrated-power-tracker,NEEDS_REVIEW,Operating India thermal-power facility from GEM GIPT. Confirm FIRMS-source association before benchmark inclusion.
GEM_GIPT,L100000102309,Raichur Thermal Power Station,thermal_power,India,Karnataka,16.3532,77.3422,operating,HIGH,Global Energy Monitor Global Integrated Power Tracker,https://globalenergymonitor.org/projects/global-integrated-power-tracker,NEEDS_REVIEW,Operating India thermal-power facility from GEM GIPT. Confirm FIRMS-source association before benchmark inclusion.
GEM_GIPT,L100000102309,Raichur Thermal Power Station,thermal_power,India,Karnataka,16.3532,77.3422,operating,HIGH,Global Energy Monitor Global Integrated Power Tracker,https://globalenergymonitor.org/projects/global-integrated-power-tracker,NEEDS_REVIEW,Operating India thermal-power facility from GEM GIPT. Confirm FIRMS-source association before benchmark inclusion.
GEM_GIPT,L100000102167,Raigarh Ind Power power station,thermal_power,India,Chhattisgarh,21.871813,83.4973385,operating,HIGH,Global Energy Monitor Global Integrated Power Tracker,https://globalenergymonitor.org/projects/global-integrated-power-tracker,NEEDS_REVIEW,Operating India thermal-power facility from GEM GIPT. Confirm FIRMS-source association before benchmark inclusion.
GEM_GIPT,L100000102168,Raigarh Jindal power station,thermal_power,India,Chhattisgarh,21.924951,83.345444,operating,HIGH,Global Energy Monitor Global Integrated Power Tracker,https://globalenergymonitor.org/projects/global-integrated-power-tracker,NEEDS_REVIEW,Operating India thermal-power facility from GEM GIPT. Confirm FIRMS-source association before benchmark inclusion.
GEM_GIPT,L100000102168,Raigarh Jindal power station,thermal_power,India,Chhattisgarh,21.924951,83.345444,operating,HIGH,Global Energy Monitor Global Integrated Power Tracker,https://globalenergymonitor.org/projects/global-integrated-power-tracker,NEEDS_REVIEW,Operating India thermal-power facility from GEM GIPT. Confirm FIRMS-source association before benchmark inclusion.
GEM_GIPT,L100000102168,Raigarh Jindal power station,thermal_power,India,Chhattisgarh,21.924951,83.345444,operating,HIGH,Global Energy Monitor Global Integrated Power Tracker,https://globalenergymonitor.org/projects/global-integrated-power-tracker,NEEDS_REVIEW,Operating India thermal-power facility from GEM GIPT. Confirm FIRMS-source association before benchmark inclusion.
GEM_GIPT,L100000102169,Raigarh TRN Power Project,thermal_power,India,Chhattisgarh,21.906738,83.128556,operating,HIGH,Global Energy Monitor Global Integrated Power Tracker,https://globalenergymonitor.org/projects/global-integrated-power-tracker,NEEDS_REVIEW,Operating India thermal-power facility from GEM GIPT. Confirm FIRMS-source association before benchmark inclusion.
GEM_GIPT,L100000102169,Raigarh TRN Power Project,thermal_power,India,Chhattisgarh,21.906738,83.128556,operating,HIGH,Global Energy Monitor Global Integrated Power Tracker,https://globalenergymonitor.org/projects/global-integrated-power-tracker,NEEDS_REVIEW,Operating India thermal-power facility from GEM GIPT. Confirm FIRMS-source association before benchmark inclusion.
GEM_GIPT,L100000102173,Raikheda power station,thermal_power,India,Chhattisgarh,21.449918,81.852474,operating,HIGH,Global Energy Monitor Global Integrated Power Tracker,https://globalenergymonitor.org/projects/global-integrated-power-tracker,NEEDS_REVIEW,Operating India thermal-power facility from GEM GIPT. Confirm FIRMS-source association before benchmark inclusion.
GEM_GIPT,L100000102173,Raikheda power station,thermal_power,India,Chhattisgarh,21.449918,81.852474,operating,HIGH,Global Energy Monitor Global Integrated Power Tracker,https://globalenergymonitor.org/projects/global-integrated-power-tracker,NEEDS_REVIEW,Operating India thermal-power facility from GEM GIPT. Confirm FIRMS-source association before benchmark inclusion.
GEM_GIPT,L100000102174,Raipur Jain power station,thermal_power,India,Chhattisgarh,21.311968,81.6131832,operating,HIGH,Global Energy Monitor Global Integrated Power Tracker,https://globalenergymonitor.org/projects/global-integrated-power-tracker,NEEDS_REVIEW,Operating India thermal-power facility from GEM GIPT. Confirm FIRMS-source association before benchmark inclusion.
GEM_GIPT,L100000102175,Raipur Neco power station,thermal_power,India,Chhattisgarh,21.3437612,81.672524,operating,HIGH,Global Energy Monitor Global Integrated Power Tracker,https://globalenergymonitor.org/projects/global-integrated-power-tracker,NEEDS_REVIEW,Operating India thermal-power facility from GEM GIPT. Confirm FIRMS-source association before benchmark inclusion.
GEM_GIPT,L100000102176,Raipur Sponge Iron power station,thermal_power,India,Chhattisgarh,21.987781,83.231306,operating,HIGH,Global Energy Monitor Global Integrated Power Tracker,https://globalenergymonitor.org/projects/global-integrated-power-tracker,NEEDS_REVIEW,Operating India thermal-power facility from GEM GIPT. Confirm FIRMS-source association before benchmark inclusion.
GEM_GIPT,L100000102240,Rajiv Gandhi Thermal Power Project,thermal_power,India,Haryana,29.34698,75.857538,operating,HIGH,Global Energy Monitor Global Integrated Power Tracker,https://globalenergymonitor.org/projects/global-integrated-power-tracker,NEEDS_REVIEW,Operating India thermal-power facility from GEM GIPT. Confirm FIRMS-source association before benchmark inclusion.
GEM_GIPT,L100000102240,Rajiv Gandhi Thermal Power Project,thermal_power,India,Haryana,29.34698,75.857538,operating,HIGH,Global Energy Monitor Global Integrated Power Tracker,https://globalenergymonitor.org/projects/global-integrated-power-tracker,NEEDS_REVIEW,Operating India thermal-power facility from GEM GIPT. Confirm FIRMS-source association before benchmark inclusion.
GEM_GIPT,L100000102532,Rajpura Dariba Mine power station,thermal_power,India,Rajasthan,24.947776,74.131622,operating,HIGH,Global Energy Monitor Global Integrated Power Tracker,https://globalenergymonitor.org/projects/global-integrated-power-tracker,NEEDS_REVIEW,Operating India thermal-power facility from GEM GIPT. Confirm FIRMS-source association before benchmark inclusion.
GEM_GIPT,L100000102532,Rajpura Dariba Mine power station,thermal_power,India,Rajasthan,24.947776,74.131622,operating,HIGH,Global Energy Monitor Global Integrated Power Tracker,https://globalenergymonitor.org/projects/global-integrated-power-tracker,NEEDS_REVIEW,Operating India thermal-power facility from GEM GIPT. Confirm FIRMS-source association before benchmark inclusion.
GEM_GIPT,L100000102515,Rajpura Thermal Power Project,thermal_power,India,Punjab,30.558963,76.577593,operating,HIGH,Global Energy Monitor Global Integrated Power Tracker,https://globalenergymonitor.org/projects/global-integrated-power-tracker,NEEDS_REVIEW,Operating India thermal-power facility from GEM GIPT. Confirm FIRMS-source association before benchmark inclusion.
GEM_GIPT,L100000102515,Rajpura Thermal Power Project,thermal_power,India,Punjab,30.558963,76.577593,operating,HIGH,Global Energy Monitor Global Integrated Power Tracker,https://globalenergymonitor.org/projects/global-integrated-power-tracker,NEEDS_REVIEW,Operating India thermal-power facility from GEM GIPT. Confirm FIRMS-source association before benchmark inclusion.
GEM_GIPT,L100000102602,Ramagundam power station,thermal_power,India,Telangana,18.7584502,79.4573172,operating,HIGH,Global Energy Monitor Global Integrated Power Tracker,https://globalenergymonitor.org/projects/global-integrated-power-tracker,NEEDS_REVIEW,Operating India thermal-power facility from GEM GIPT. Confirm FIRMS-source association before benchmark inclusion.
GEM_GIPT,L100000102602,Ramagundam power station,thermal_power,India,Telangana,18.7584502,79.4573172,operating,HIGH,Global Energy Monitor Global Integrated Power Tracker,https://globalenergymonitor.org/projects/global-integrated-power-tracker,NEEDS_REVIEW,Operating India thermal-power facility from GEM GIPT. Confirm FIRMS-source association before benchmark inclusion.
GEM_GIPT,L100000102602,Ramagundam power station,thermal_power,India,Telangana,18.7584502,79.4573172,operating,HIGH,Global Energy Monitor Global Integrated Power Tracker,https://globalenergymonitor.org/projects/global-integrated-power-tracker,NEEDS_REVIEW,Operating India thermal-power facility from GEM GIPT. Confirm FIRMS-source association before benchmark inclusion.
GEM_GIPT,L100000102602,Ramagundam power station,thermal_power,India,Telangana,18.7584502,79.4573172,operating,HIGH,Global Energy Monitor Global Integrated Power Tracker,https://globalenergymonitor.org/projects/global-integrated-power-tracker,NEEDS_REVIEW,Operating India thermal-power facility from GEM GIPT. Confirm FIRMS-source association before benchmark inclusion.
GEM_GIPT,L100000102602,Ramagundam power station,thermal_power,India,Telangana,18.7584502,79.4573172,operating,HIGH,Global Energy Monitor Global Integrated Power Tracker,https://globalenergymonitor.org/projects/global-integrated-power-tracker,NEEDS_REVIEW,Operating India thermal-power facility from GEM GIPT. Confirm FIRMS-source association before benchmark inclusion.
GEM_GIPT,L100000102602,Ramagundam power station,thermal_power,India,Telangana,18.7584502,79.4573172,operating,HIGH,Global Energy Monitor Global Integrated Power Tracker,https://globalenergymonitor.org/projects/global-integrated-power-tracker,NEEDS_REVIEW,Operating India thermal-power facility from GEM GIPT. Confirm FIRMS-source association before benchmark inclusion.
GEM_GIPT,L100000102602,Ramagundam power station,thermal_power,India,Telangana,18.7584502,79.4573172,operating,HIGH,Global Energy Monitor Global Integrated Power Tracker,https://globalenergymonitor.org/projects/global-integrated-power-tracker,NEEDS_REVIEW,Operating India thermal-power facility from GEM GIPT. Confirm FIRMS-source association before benchmark inclusion.
GEM_GIPT,L100000102602,Ramagundam power station,thermal_power,India,Telangana,18.7510273,79.4721746,operating,HIGH,Global Energy Monitor Global Integrated Power Tracker,https://globalenergymonitor.org/projects/global-integrated-power-tracker,NEEDS_REVIEW,Operating India thermal-power facility from GEM GIPT. Confirm FIRMS-source association before benchmark inclusion.
GEM_GIPT,L100000102602,Ramagundam power station,thermal_power,India,Telangana,18.7510273,79.4721746,operating,HIGH,Global Energy Monitor Global Integrated Power Tracker,https://globalenergymonitor.org/projects/global-integrated-power-tracker,NEEDS_REVIEW,Operating India thermal-power facility from GEM GIPT. Confirm FIRMS-source association before benchmark inclusion.
GEM_GIPT,L100000102490,Randia power station,thermal_power,India,Odisha,21.067296,86.454828,operating,HIGH,Global Energy Monitor Global Integrated Power Tracker,https://globalenergymonitor.org/projects/global-integrated-power-tracker,NEEDS_REVIEW,Operating India thermal-power facility from GEM GIPT. Confirm FIRMS-source association before benchmark inclusion.
GEM_GIPT,L100000102490,Randia power station,thermal_power,India,Odisha,21.067296,86.454828,operating,HIGH,Global Energy Monitor Global Integrated Power Tracker,https://globalenergymonitor.org/projects/global-integrated-power-tracker,NEEDS_REVIEW,Operating India thermal-power facility from GEM GIPT. Confirm FIRMS-source association before benchmark inclusion.
GEM_GIPT,L100000102177,Ratija Power Project,thermal_power,India,Chhattisgarh,22.339994,82.492776,operating,HIGH,Global Energy Monitor Global Integrated Power Tracker,https://globalenergymonitor.org/projects/global-integrated-power-tracker,NEEDS_REVIEW,Operating India thermal-power facility from GEM GIPT. Confirm FIRMS-source association before benchmark inclusion.
GEM_GIPT,L100000102177,Ratija Power Project,thermal_power,India,Chhattisgarh,22.339994,82.492776,operating,HIGH,Global Energy Monitor Global Integrated Power Tracker,https://globalenergymonitor.org/projects/global-integrated-power-tracker,NEEDS_REVIEW,Operating India thermal-power facility from GEM GIPT. Confirm FIRMS-source association before benchmark inclusion.
GEM_GIPT,L100000102428,Ratnagiri Power Plant,thermal_power,India,Maharashtra,17.296375,73.213105,operating,HIGH,Global Energy Monitor Global Integrated Power Tracker,https://globalenergymonitor.org/projects/global-integrated-power-tracker,NEEDS_REVIEW,Operating India thermal-power facility from GEM GIPT. Confirm FIRMS-source association before benchmark inclusion.
GEM_GIPT,L100000102428,Ratnagiri Power Plant,thermal_power,India,Maharashtra,17.296375,73.213105,operating,HIGH,Global Energy Monitor Global Integrated Power Tracker,https://globalenergymonitor.org/projects/global-integrated-power-tracker,NEEDS_REVIEW,Operating India thermal-power facility from GEM GIPT. Confirm FIRMS-source association before benchmark inclusion.
GEM_GIPT,L100000102428,Ratnagiri Power Plant,thermal_power,India,Maharashtra,17.296375,73.213105,operating,HIGH,Global Energy Monitor Global Integrated Power Tracker,https://globalenergymonitor.org/projects/global-integrated-power-tracker,NEEDS_REVIEW,Operating India thermal-power facility from GEM GIPT. Confirm FIRMS-source association before benchmark inclusion.
GEM_GIPT,L100000102428,Ratnagiri Power Plant,thermal_power,India,Maharashtra,17.296375,73.213105,operating,HIGH,Global Energy Monitor Global Integrated Power Tracker,https://globalenergymonitor.org/projects/global-integrated-power-tracker,NEEDS_REVIEW,Operating India thermal-power facility from GEM GIPT. Confirm FIRMS-source association before benchmark inclusion.
GEM_GIPT,L100000102178,Rawan Cement power station,thermal_power,India,Rajasthan,24.764914,74.609613,operating,HIGH,Global Energy Monitor Global Integrated Power Tracker,https://globalenergymonitor.org/projects/global-integrated-power-tracker,NEEDS_REVIEW,Operating India thermal-power facility from GEM GIPT. Confirm FIRMS-source association before benchmark inclusion.
GEM_GIPT,L100000102491,Rayagada Paper power station,thermal_power,India,Odisha,19.246167,83.41243,operating,HIGH,Global Energy Monitor Global Integrated Power Tracker,https://globalenergymonitor.org/projects/global-integrated-power-tracker,NEEDS_REVIEW,Operating India thermal-power facility from GEM GIPT. Confirm FIRMS-source association before benchmark inclusion.
GEM_GIPT,L100000102066,Rayalaseema Thermal Power Project,thermal_power,India,Andhra Pradesh,14.697282,78.459364,operating,HIGH,Global Energy Monitor Global Integrated Power Tracker,https://globalenergymonitor.org/projects/global-integrated-power-tracker,NEEDS_REVIEW,Operating India thermal-power facility from GEM GIPT. Confirm FIRMS-source association before benchmark inclusion.
GEM_GIPT,L100000102066,Rayalaseema Thermal Power Project,thermal_power,India,Andhra Pradesh,14.697282,78.459364,operating,HIGH,Global Energy Monitor Global Integrated Power Tracker,https://globalenergymonitor.org/projects/global-integrated-power-tracker,NEEDS_REVIEW,Operating India thermal-power facility from GEM GIPT. Confirm FIRMS-source association before benchmark inclusion.
GEM_GIPT,L100000102066,Rayalaseema Thermal Power Project,thermal_power,India,Andhra Pradesh,14.697282,78.459364,operating,HIGH,Global Energy Monitor Global Integrated Power Tracker,https://globalenergymonitor.org/projects/global-integrated-power-tracker,NEEDS_REVIEW,Operating India thermal-power facility from GEM GIPT. Confirm FIRMS-source association before benchmark inclusion.
GEM_GIPT,L100000102066,Rayalaseema Thermal Power Project,thermal_power,India,Andhra Pradesh,14.697282,78.459364,operating,HIGH,Global Energy Monitor Global Integrated Power Tracker,https://globalenergymonitor.org/projects/global-integrated-power-tracker,NEEDS_REVIEW,Operating India thermal-power facility from GEM GIPT. Confirm FIRMS-source association before benchmark inclusion.
GEM_GIPT,L100000102066,Rayalaseema Thermal Power Project,thermal_power,India,Andhra Pradesh,14.697282,78.459364,operating,HIGH,Global Energy Monitor Global Integrated Power Tracker,https://globalenergymonitor.org/projects/global-integrated-power-tracker,NEEDS_REVIEW,Operating India thermal-power facility from GEM GIPT. Confirm FIRMS-source association before benchmark inclusion.
GEM_GIPT,L100000102066,Rayalaseema Thermal Power Project,thermal_power,India,Andhra Pradesh,14.697282,78.459364,operating,HIGH,Global Energy Monitor Global Integrated Power Tracker,https://globalenergymonitor.org/projects/global-integrated-power-tracker,NEEDS_REVIEW,Operating India thermal-power facility from GEM GIPT. Confirm FIRMS-source association before benchmark inclusion.
GEM_GIPT,L100000102492,Rengali Bhushan power station,thermal_power,India,Odisha,21.680814,84.040505,operating,HIGH,Global Energy Monitor Global Integrated Power Tracker,https://globalenergymonitor.org/projects/global-integrated-power-tracker,NEEDS_REVIEW,Operating India thermal-power facility from GEM GIPT. Confirm FIRMS-source association before benchmark inclusion.
GEM_GIPT,L100000102492,Rengali Bhushan power station,thermal_power,India,Odisha,21.680814,84.040505,operating,HIGH,Global Energy Monitor Global Integrated Power Tracker,https://globalenergymonitor.org/projects/global-integrated-power-tracker,NEEDS_REVIEW,Operating India thermal-power facility from GEM GIPT. Confirm FIRMS-source association before benchmark inclusion.
GEM_GIPT,L100000102492,Rengali Bhushan power station,thermal_power,India,Odisha,21.680814,84.040505,operating,HIGH,Global Energy Monitor Global Integrated Power Tracker,https://globalenergymonitor.org/projects/global-integrated-power-tracker,NEEDS_REVIEW,Operating India thermal-power facility from GEM GIPT. Confirm FIRMS-source association before benchmark inclusion.
GEM_GIPT,L100000102492,Rengali Bhushan power station,thermal_power,India,Odisha,21.680814,84.040505,operating,HIGH,Global Energy Monitor Global Integrated Power Tracker,https://globalenergymonitor.org/projects/global-integrated-power-tracker,NEEDS_REVIEW,Operating India thermal-power facility from GEM GIPT. Confirm FIRMS-source association before benchmark inclusion.
GEM_GIPT,L100000102648,Renusagar power station,thermal_power,India,Uttar Pradesh,24.181093,82.791279,operating,HIGH,Global Energy Monitor Global Integrated Power Tracker,https://globalenergymonitor.org/projects/global-integrated-power-tracker,NEEDS_REVIEW,Operating India thermal-power facility from GEM GIPT. Confirm FIRMS-source association before benchmark inclusion.
GEM_GIPT,L100000102648,Renusagar power station,thermal_power,India,Uttar Pradesh,24.181093,82.791279,operating,HIGH,Global Energy Monitor Global Integrated Power Tracker,https://globalenergymonitor.org/projects/global-integrated-power-tracker,NEEDS_REVIEW,Operating India thermal-power facility from GEM GIPT. Confirm FIRMS-source association before benchmark inclusion.
GEM_GIPT,L100000102648,Renusagar power station,thermal_power,India,Uttar Pradesh,24.181093,82.791279,operating,HIGH,Global Energy Monitor Global Integrated Power Tracker,https://globalenergymonitor.org/projects/global-integrated-power-tracker,NEEDS_REVIEW,Operating India thermal-power facility from GEM GIPT. Confirm FIRMS-source association before benchmark inclusion.
GEM_GIPT,L100000102648,Renusagar power station,thermal_power,India,Uttar Pradesh,24.181093,82.791279,operating,HIGH,Global Energy Monitor Global Integrated Power Tracker,https://globalenergymonitor.org/projects/global-integrated-power-tracker,NEEDS_REVIEW,Operating India thermal-power facility from GEM GIPT. Confirm FIRMS-source association before benchmark inclusion.
GEM_GIPT,L100000102648,Renusagar power station,thermal_power,India,Uttar Pradesh,24.181093,82.791279,operating,HIGH,Global Energy Monitor Global Integrated Power Tracker,https://globalenergymonitor.org/projects/global-integrated-power-tracker,NEEDS_REVIEW,Operating India thermal-power facility from GEM GIPT. Confirm FIRMS-source association before benchmark inclusion.
GEM_GIPT,L100000102648,Renusagar power station,thermal_power,India,Uttar Pradesh,24.181093,82.791279,operating,HIGH,Global Energy Monitor Global Integrated Power Tracker,https://globalenergymonitor.org/projects/global-integrated-power-tracker,NEEDS_REVIEW,Operating India thermal-power facility from GEM GIPT. Confirm FIRMS-source association before benchmark inclusion.
GEM_GIPT,L100000102648,Renusagar power station,thermal_power,India,Uttar Pradesh,24.181093,82.791279,operating,HIGH,Global Energy Monitor Global Integrated Power Tracker,https://globalenergymonitor.org/projects/global-integrated-power-tracker,NEEDS_REVIEW,Operating India thermal-power facility from GEM GIPT. Confirm FIRMS-source association before benchmark inclusion.
GEM_GIPT,L100000102648,Renusagar power station,thermal_power,India,Uttar Pradesh,24.181093,82.791279,operating,HIGH,Global Energy Monitor Global Integrated Power Tracker,https://globalenergymonitor.org/projects/global-integrated-power-tracker,NEEDS_REVIEW,Operating India thermal-power facility from GEM GIPT. Confirm FIRMS-source association before benchmark inclusion.
GEM_GIPT,L100000102648,Renusagar power station,thermal_power,India,Uttar Pradesh,24.181093,82.791279,operating,HIGH,Global Energy Monitor Global Integrated Power Tracker,https://globalenergymonitor.org/projects/global-integrated-power-tracker,NEEDS_REVIEW,Operating India thermal-power facility from GEM GIPT. Confirm FIRMS-source association before benchmark inclusion.
GEM_GIPT,L100000102648,Renusagar power station,thermal_power,India,Uttar Pradesh,24.181093,82.791279,operating,HIGH,Global Energy Monitor Global Integrated Power Tracker,https://globalenergymonitor.org/projects/global-integrated-power-tracker,NEEDS_REVIEW,Operating India thermal-power facility from GEM GIPT. Confirm FIRMS-source association before benchmark inclusion.
GEM_GIPT,L100000102649,Rihand power station,thermal_power,India,Uttar Pradesh,24.027,82.7915,operating,HIGH,Global Energy Monitor Global Integrated Power Tracker,https://globalenergymonitor.org/projects/global-integrated-power-tracker,NEEDS_REVIEW,Operating India thermal-power facility from GEM GIPT. Confirm FIRMS-source association before benchmark inclusion.
GEM_GIPT,L100000102649,Rihand power station,thermal_power,India,Uttar Pradesh,24.027,82.7915,operating,HIGH,Global Energy Monitor Global Integrated Power Tracker,https://globalenergymonitor.org/projects/global-integrated-power-tracker,NEEDS_REVIEW,Operating India thermal-power facility from GEM GIPT. Confirm FIRMS-source association before benchmark inclusion.
GEM_GIPT,L100000102649,Rihand power station,thermal_power,India,Uttar Pradesh,24.027,82.7915,operating,HIGH,Global Energy Monitor Global Integrated Power Tracker,https://globalenergymonitor.org/projects/global-integrated-power-tracker,NEEDS_REVIEW,Operating India thermal-power facility from GEM GIPT. Confirm FIRMS-source association before benchmark inclusion.
GEM_GIPT,L100000102649,Rihand power station,thermal_power,India,Uttar Pradesh,24.027,82.7915,operating,HIGH,Global Energy Monitor Global Integrated Power Tracker,https://globalenergymonitor.org/projects/global-integrated-power-tracker,NEEDS_REVIEW,Operating India thermal-power facility from GEM GIPT. Confirm FIRMS-source association before benchmark inclusion.
GEM_GIPT,L100000102649,Rihand power station,thermal_power,India,Uttar Pradesh,24.027,82.7915,operating,HIGH,Global Energy Monitor Global Integrated Power Tracker,https://globalenergymonitor.org/projects/global-integrated-power-tracker,NEEDS_REVIEW,Operating India thermal-power facility from GEM GIPT. Confirm FIRMS-source association before benchmark inclusion.
GEM_GIPT,L100000102649,Rihand power station,thermal_power,India,Uttar Pradesh,24.027,82.7915,operating,HIGH,Global Energy Monitor Global Integrated Power Tracker,https://globalenergymonitor.org/projects/global-integrated-power-tracker,NEEDS_REVIEW,Operating India thermal-power facility from GEM GIPT. Confirm FIRMS-source association before benchmark inclusion.
GEM_GIPT,L100000102516,Ropar power station,thermal_power,India,Punjab,31.0418094,76.5845001,operating,HIGH,Global Energy Monitor Global Integrated Power Tracker,https://globalenergymonitor.org/projects/global-integrated-power-tracker,NEEDS_REVIEW,Operating India thermal-power facility from GEM GIPT. Confirm FIRMS-source association before benchmark inclusion.
GEM_GIPT,L100000102516,Ropar power station,thermal_power,India,Punjab,31.0418094,76.5845001,operating,HIGH,Global Energy Monitor Global Integrated Power Tracker,https://globalenergymonitor.org/projects/global-integrated-power-tracker,NEEDS_REVIEW,Operating India thermal-power facility from GEM GIPT. Confirm FIRMS-source association before benchmark inclusion.
GEM_GIPT,L100000102516,Ropar power station,thermal_power,India,Punjab,31.0418094,76.5845001,operating,HIGH,Global Energy Monitor Global Integrated Power Tracker,https://globalenergymonitor.org/projects/global-integrated-power-tracker,NEEDS_REVIEW,Operating India thermal-power facility from GEM GIPT. Confirm FIRMS-source association before benchmark inclusion.
GEM_GIPT,L100000102516,Ropar power station,thermal_power,India,Punjab,31.0418094,76.5845001,operating,HIGH,Global Energy Monitor Global Integrated Power Tracker,https://globalenergymonitor.org/projects/global-integrated-power-tracker,NEEDS_REVIEW,Operating India thermal-power facility from GEM GIPT. Confirm FIRMS-source association before benchmark inclusion.
GEM_GIPT,L100000102650,Rosa Thermal Power Plant,thermal_power,India,Uttar Pradesh,27.8194455,79.9371618,operating,HIGH,Global Energy Monitor Global Integrated Power Tracker,https://globalenergymonitor.org/projects/global-integrated-power-tracker,NEEDS_REVIEW,Operating India thermal-power facility from GEM GIPT. Confirm FIRMS-source association before benchmark inclusion.
GEM_GIPT,L100000102650,Rosa Thermal Power Plant,thermal_power,India,Uttar Pradesh,27.8194455,79.9371618,operating,HIGH,Global Energy Monitor Global Integrated Power Tracker,https://globalenergymonitor.org/projects/global-integrated-power-tracker,NEEDS_REVIEW,Operating India thermal-power facility from GEM GIPT. Confirm FIRMS-source association before benchmark inclusion.
GEM_GIPT,L100000102650,Rosa Thermal Power Plant,thermal_power,India,Uttar Pradesh,27.8194455,79.9371618,operating,HIGH,Global Energy Monitor Global Integrated Power Tracker,https://globalenergymonitor.org/projects/global-integrated-power-tracker,NEEDS_REVIEW,Operating India thermal-power facility from GEM GIPT. Confirm FIRMS-source association before benchmark inclusion.
GEM_GIPT,L100000102650,Rosa Thermal Power Plant,thermal_power,India,Uttar Pradesh,27.8194455,79.9371618,operating,HIGH,Global Energy Monitor Global Integrated Power Tracker,https://globalenergymonitor.org/projects/global-integrated-power-tracker,NEEDS_REVIEW,Operating India thermal-power facility from GEM GIPT. Confirm FIRMS-source association before benchmark inclusion.
GEM_GIPT,L100000102494,Rourkela Works-2 power station,thermal_power,India,Odisha,22.221,84.880551,operating,HIGH,Global Energy Monitor Global Integrated Power Tracker,https://globalenergymonitor.org/projects/global-integrated-power-tracker,NEEDS_REVIEW,Operating India thermal-power facility from GEM GIPT. Confirm FIRMS-source association before benchmark inclusion.
GEM_GIPT,L100000102494,Rourkela Works-2 power station,thermal_power,India,Odisha,22.221,84.880551,operating,HIGH,Global Energy Monitor Global Integrated Power Tracker,https://globalenergymonitor.org/projects/global-integrated-power-tracker,NEEDS_REVIEW,Operating India thermal-power facility from GEM GIPT. Confirm FIRMS-source association before benchmark inclusion.
GEM_GIPT,L100000102494,Rourkela Works-2 power station,thermal_power,India,Odisha,22.221,84.880551,operating,HIGH,Global Energy Monitor Global Integrated Power Tracker,https://globalenergymonitor.org/projects/global-integrated-power-tracker,NEEDS_REVIEW,Operating India thermal-power facility from GEM GIPT. Confirm FIRMS-source association before benchmark inclusion.
GEM_GIPT,L100000102223,Sabarmati power station,thermal_power,India,Gujarat,23.070555,72.593889,operating,HIGH,Global Energy Monitor Global Integrated Power Tracker,https://globalenergymonitor.org/projects/global-integrated-power-tracker,NEEDS_REVIEW,Operating India thermal-power facility from GEM GIPT. Confirm FIRMS-source association before benchmark inclusion.
GEM_GIPT,L100000102223,Sabarmati power station,thermal_power,India,Gujarat,23.070555,72.593889,operating,HIGH,Global Energy Monitor Global Integrated Power Tracker,https://globalenergymonitor.org/projects/global-integrated-power-tracker,NEEDS_REVIEW,Operating India thermal-power facility from GEM GIPT. Confirm FIRMS-source association before benchmark inclusion.
GEM_GIPT,L100000102223,Sabarmati power station,thermal_power,India,Gujarat,23.070555,72.593889,operating,HIGH,Global Energy Monitor Global Integrated Power Tracker,https://globalenergymonitor.org/projects/global-integrated-power-tracker,NEEDS_REVIEW,Operating India thermal-power facility from GEM GIPT. Confirm FIRMS-source association before benchmark inclusion.
GEM_GIPT,L100000102684,Sagardighi Thermal Power Station,thermal_power,India,West Bengal,24.3688141,88.1040001,operating,HIGH,Global Energy Monitor Global Integrated Power Tracker,https://globalenergymonitor.org/projects/global-integrated-power-tracker,NEEDS_REVIEW,Operating India thermal-power facility from GEM GIPT. Confirm FIRMS-source association before benchmark inclusion.
GEM_GIPT,L100000102684,Sagardighi Thermal Power Station,thermal_power,India,West Bengal,24.3688141,88.1040001,operating,HIGH,Global Energy Monitor Global Integrated Power Tracker,https://globalenergymonitor.org/projects/global-integrated-power-tracker,NEEDS_REVIEW,Operating India thermal-power facility from GEM GIPT. Confirm FIRMS-source association before benchmark inclusion.
GEM_GIPT,L100000102684,Sagardighi Thermal Power Station,thermal_power,India,West Bengal,24.3688141,88.1040001,operating,HIGH,Global Energy Monitor Global Integrated Power Tracker,https://globalenergymonitor.org/projects/global-integrated-power-tracker,NEEDS_REVIEW,Operating India thermal-power facility from GEM GIPT. Confirm FIRMS-source association before benchmark inclusion.
GEM_GIPT,L100000102684,Sagardighi Thermal Power Station,thermal_power,India,West Bengal,24.3688141,88.1040001,operating,HIGH,Global Energy Monitor Global Integrated Power Tracker,https://globalenergymonitor.org/projects/global-integrated-power-tracker,NEEDS_REVIEW,Operating India thermal-power facility from GEM GIPT. Confirm FIRMS-source association before benchmark inclusion.
GEM_GIPT,L100000102684,Sagardighi Thermal Power Station,thermal_power,India,West Bengal,24.3688141,88.1040001,operating,HIGH,Global Energy Monitor Global Integrated Power Tracker,https://globalenergymonitor.org/projects/global-integrated-power-tracker,NEEDS_REVIEW,Operating India thermal-power facility from GEM GIPT. Confirm FIRMS-source association before benchmark inclusion.
GEM_GIPT,L100000102067,Saggonda power station,thermal_power,India,Andhra Pradesh,17.1779964,81.6113929,operating,HIGH,Global Energy Monitor Global Integrated Power Tracker,https://globalenergymonitor.org/projects/global-integrated-power-tracker,NEEDS_REVIEW,Operating India thermal-power facility from GEM GIPT. Confirm FIRMS-source association before benchmark inclusion.
GEM_GIPT,L100000102224,Salaya power plant,thermal_power,India,Gujarat,22.3049,69.7101,operating,HIGH,Global Energy Monitor Global Integrated Power Tracker,https://globalenergymonitor.org/projects/global-integrated-power-tracker,NEEDS_REVIEW,Operating India thermal-power facility from GEM GIPT. Confirm FIRMS-source association before benchmark inclusion.
GEM_GIPT,L100000102224,Salaya power plant,thermal_power,India,Gujarat,22.3049,69.7101,operating,HIGH,Global Energy Monitor Global Integrated Power Tracker,https://globalenergymonitor.org/projects/global-integrated-power-tracker,NEEDS_REVIEW,Operating India thermal-power facility from GEM GIPT. Confirm FIRMS-source association before benchmark inclusion.
GEM_GIPT,L100000102571,Salem Siscol power station,thermal_power,India,Tamil Nadu,11.814008,77.919073,operating,HIGH,Global Energy Monitor Global Integrated Power Tracker,https://globalenergymonitor.org/projects/global-integrated-power-tracker,NEEDS_REVIEW,Operating India thermal-power facility from GEM GIPT. Confirm FIRMS-source association before benchmark inclusion.
GEM_GIPT,L100000102179,Salora power station,thermal_power,India,Chhattisgarh,22.489952,82.606239,operating,HIGH,Global Energy Monitor Global Integrated Power Tracker,https://globalenergymonitor.org/projects/global-integrated-power-tracker,NEEDS_REVIEW,Operating India thermal-power facility from GEM GIPT. Confirm FIRMS-source association before benchmark inclusion.
GEM_GIPT,L100001000147,Sanghipuram Cement power station,thermal_power,India,Gujarat,23.3998083,68.5701728,operating,HIGH,Global Energy Monitor Global Integrated Power Tracker,https://globalenergymonitor.org/projects/global-integrated-power-tracker,NEEDS_REVIEW,Operating India thermal-power facility from GEM GIPT. Confirm FIRMS-source association before benchmark inclusion.
GEM_GIPT,L100001000147,Sanghipuram Cement power station,thermal_power,India,Gujarat,23.3998083,68.5701728,operating,HIGH,Global Energy Monitor Global Integrated Power Tracker,https://globalenergymonitor.org/projects/global-integrated-power-tracker,NEEDS_REVIEW,Operating India thermal-power facility from GEM GIPT. Confirm FIRMS-source association before benchmark inclusion.
GEM_GIPT,L100000102359,Sanjay Gandhi power station,thermal_power,India,Madhya Pradesh,23.305744,81.064817,operating,HIGH,Global Energy Monitor Global Integrated Power Tracker,https://globalenergymonitor.org/projects/global-integrated-power-tracker,NEEDS_REVIEW,Operating India thermal-power facility from GEM GIPT. Confirm FIRMS-source association before benchmark inclusion.
GEM_GIPT,L100000102359,Sanjay Gandhi power station,thermal_power,India,Madhya Pradesh,23.305744,81.064817,operating,HIGH,Global Energy Monitor Global Integrated Power Tracker,https://globalenergymonitor.org/projects/global-integrated-power-tracker,NEEDS_REVIEW,Operating India thermal-power facility from GEM GIPT. Confirm FIRMS-source association before benchmark inclusion.
GEM_GIPT,L100000102359,Sanjay Gandhi power station,thermal_power,India,Madhya Pradesh,23.305744,81.064817,operating,HIGH,Global Energy Monitor Global Integrated Power Tracker,https://globalenergymonitor.org/projects/global-integrated-power-tracker,NEEDS_REVIEW,Operating India thermal-power facility from GEM GIPT. Confirm FIRMS-source association before benchmark inclusion.
GEM_GIPT,L100000102359,Sanjay Gandhi power station,thermal_power,India,Madhya Pradesh,23.305744,81.064817,operating,HIGH,Global Energy Monitor Global Integrated Power Tracker,https://globalenergymonitor.org/projects/global-integrated-power-tracker,NEEDS_REVIEW,Operating India thermal-power facility from GEM GIPT. Confirm FIRMS-source association before benchmark inclusion.
GEM_GIPT,L100000102359,Sanjay Gandhi power station,thermal_power,India,Madhya Pradesh,23.305744,81.064817,operating,HIGH,Global Energy Monitor Global Integrated Power Tracker,https://globalenergymonitor.org/projects/global-integrated-power-tracker,NEEDS_REVIEW,Operating India thermal-power facility from GEM GIPT. Confirm FIRMS-source association before benchmark inclusion.
GEM_GIPT,L100000102686,Santaldih Thermal Power Station,thermal_power,India,West Bengal,23.6013,86.4666,operating,HIGH,Global Energy Monitor Global Integrated Power Tracker,https://globalenergymonitor.org/projects/global-integrated-power-tracker,NEEDS_REVIEW,Operating India thermal-power facility from GEM GIPT. Confirm FIRMS-source association before benchmark inclusion.
GEM_GIPT,L100000102686,Santaldih Thermal Power Station,thermal_power,India,West Bengal,23.6013,86.4666,operating,HIGH,Global Energy Monitor Global Integrated Power Tracker,https://globalenergymonitor.org/projects/global-integrated-power-tracker,NEEDS_REVIEW,Operating India thermal-power facility from GEM GIPT. Confirm FIRMS-source association before benchmark inclusion.
GEM_GIPT,L100000102360,Sasan Ultra Mega Power Project,thermal_power,India,Madhya Pradesh,23.9775233,82.6264733,operating,HIGH,Global Energy Monitor Global Integrated Power Tracker,https://globalenergymonitor.org/projects/global-integrated-power-tracker,NEEDS_REVIEW,Operating India thermal-power facility from GEM GIPT. Confirm FIRMS-source association before benchmark inclusion.
GEM_GIPT,L100000102360,Sasan Ultra Mega Power Project,thermal_power,India,Madhya Pradesh,23.9775233,82.6264733,operating,HIGH,Global Energy Monitor Global Integrated Power Tracker,https://globalenergymonitor.org/projects/global-integrated-power-tracker,NEEDS_REVIEW,Operating India thermal-power facility from GEM GIPT. Confirm FIRMS-source association before benchmark inclusion.
GEM_GIPT,L100000102360,Sasan Ultra Mega Power Project,thermal_power,India,Madhya Pradesh,23.9775233,82.6264733,operating,HIGH,Global Energy Monitor Global Integrated Power Tracker,https://globalenergymonitor.org/projects/global-integrated-power-tracker,NEEDS_REVIEW,Operating India thermal-power facility from GEM GIPT. Confirm FIRMS-source association before benchmark inclusion.
GEM_GIPT,L100000102360,Sasan Ultra Mega Power Project,thermal_power,India,Madhya Pradesh,23.9775233,82.6264733,operating,HIGH,Global Energy Monitor Global Integrated Power Tracker,https://globalenergymonitor.org/projects/global-integrated-power-tracker,NEEDS_REVIEW,Operating India thermal-power facility from GEM GIPT. Confirm FIRMS-source association before benchmark inclusion.
GEM_GIPT,L100000102360,Sasan Ultra Mega Power Project,thermal_power,India,Madhya Pradesh,23.9775233,82.6264733,operating,HIGH,Global Energy Monitor Global Integrated Power Tracker,https://globalenergymonitor.org/projects/global-integrated-power-tracker,NEEDS_REVIEW,Operating India thermal-power facility from GEM GIPT. Confirm FIRMS-source association before benchmark inclusion.
GEM_GIPT,L100000102360,Sasan Ultra Mega Power Project,thermal_power,India,Madhya Pradesh,23.9775233,82.6264733,operating,HIGH,Global Energy Monitor Global Integrated Power Tracker,https://globalenergymonitor.org/projects/global-integrated-power-tracker,NEEDS_REVIEW,Operating India thermal-power facility from GEM GIPT. Confirm FIRMS-source association before benchmark inclusion.
GEM_GIPT,L100000102361,Satpura Thermal Power Station,thermal_power,India,Madhya Pradesh,22.108133,78.177072,operating,HIGH,Global Energy Monitor Global Integrated Power Tracker,https://globalenergymonitor.org/projects/global-integrated-power-tracker,NEEDS_REVIEW,Operating India thermal-power facility from GEM GIPT. Confirm FIRMS-source association before benchmark inclusion.
GEM_GIPT,L100000102361,Satpura Thermal Power Station,thermal_power,India,Madhya Pradesh,22.108133,78.177072,operating,HIGH,Global Energy Monitor Global Integrated Power Tracker,https://globalenergymonitor.org/projects/global-integrated-power-tracker,NEEDS_REVIEW,Operating India thermal-power facility from GEM GIPT. Confirm FIRMS-source association before benchmark inclusion.
GEM_GIPT,L100000102574,SEPC Tuticorin power station,thermal_power,India,Tamil Nadu,8.7553106,78.158031,operating,HIGH,Global Energy Monitor Global Integrated Power Tracker,https://globalenergymonitor.org/projects/global-integrated-power-tracker,NEEDS_REVIEW,Operating India thermal-power facility from GEM GIPT. Confirm FIRMS-source association before benchmark inclusion.
GEM_GIPT,L100000102366,Shree Singaji Thermal Power Project,thermal_power,India,Madhya Pradesh,22.09914,76.531727,operating,HIGH,Global Energy Monitor Global Integrated Power Tracker,https://globalenergymonitor.org/projects/global-integrated-power-tracker,NEEDS_REVIEW,Operating India thermal-power facility from GEM GIPT. Confirm FIRMS-source association before benchmark inclusion.
GEM_GIPT,L100000102366,Shree Singaji Thermal Power Project,thermal_power,India,Madhya Pradesh,22.09914,76.531727,operating,HIGH,Global Energy Monitor Global Integrated Power Tracker,https://globalenergymonitor.org/projects/global-integrated-power-tracker,NEEDS_REVIEW,Operating India thermal-power facility from GEM GIPT. Confirm FIRMS-source association before benchmark inclusion.
GEM_GIPT,L100000102366,Shree Singaji Thermal Power Project,thermal_power,India,Madhya Pradesh,22.09914,76.531727,operating,HIGH,Global Energy Monitor Global Integrated Power Tracker,https://globalenergymonitor.org/projects/global-integrated-power-tracker,NEEDS_REVIEW,Operating India thermal-power facility from GEM GIPT. Confirm FIRMS-source association before benchmark inclusion.
GEM_GIPT,L100000102366,Shree Singaji Thermal Power Project,thermal_power,India,Madhya Pradesh,22.09914,76.531727,operating,HIGH,Global Energy Monitor Global Integrated Power Tracker,https://globalenergymonitor.org/projects/global-integrated-power-tracker,NEEDS_REVIEW,Operating India thermal-power facility from GEM GIPT. Confirm FIRMS-source association before benchmark inclusion.
GEM_GIPT,L100000102533,Shriram Rayons power station,thermal_power,India,Rajasthan,25.138396,75.883598,operating,HIGH,Global Energy Monitor Global Integrated Power Tracker,https://globalenergymonitor.org/projects/global-integrated-power-tracker,NEEDS_REVIEW,Operating India thermal-power facility from GEM GIPT. Confirm FIRMS-source association before benchmark inclusion.
GEM_GIPT,L100000102367,Sidhi Cement Plant power station,thermal_power,India,Madhya Pradesh,24.326294,81.332817,operating,HIGH,Global Energy Monitor Global Integrated Power Tracker,https://globalenergymonitor.org/projects/global-integrated-power-tracker,NEEDS_REVIEW,Operating India thermal-power facility from GEM GIPT. Confirm FIRMS-source association before benchmark inclusion.
GEM_GIPT,L100000102367,Sidhi Cement Plant power station,thermal_power,India,Madhya Pradesh,24.326294,81.332817,operating,HIGH,Global Energy Monitor Global Integrated Power Tracker,https://globalenergymonitor.org/projects/global-integrated-power-tracker,NEEDS_REVIEW,Operating India thermal-power facility from GEM GIPT. Confirm FIRMS-source association before benchmark inclusion.
GEM_GIPT,L100000102367,Sidhi Cement Plant power station,thermal_power,India,Madhya Pradesh,24.326294,81.332817,operating,HIGH,Global Energy Monitor Global Integrated Power Tracker,https://globalenergymonitor.org/projects/global-integrated-power-tracker,NEEDS_REVIEW,Operating India thermal-power facility from GEM GIPT. Confirm FIRMS-source association before benchmark inclusion.
GEM_GIPT,L100000102225,Sikka Thermal Power Station,thermal_power,India,Gujarat,22.420828,69.8276,operating,HIGH,Global Energy Monitor Global Integrated Power Tracker,https://globalenergymonitor.org/projects/global-integrated-power-tracker,NEEDS_REVIEW,Operating India thermal-power facility from GEM GIPT. Confirm FIRMS-source association before benchmark inclusion.
GEM_GIPT,L100000102225,Sikka Thermal Power Station,thermal_power,India,Gujarat,22.420828,69.8276,operating,HIGH,Global Energy Monitor Global Integrated Power Tracker,https://globalenergymonitor.org/projects/global-integrated-power-tracker,NEEDS_REVIEW,Operating India thermal-power facility from GEM GIPT. Confirm FIRMS-source association before benchmark inclusion.
GEM_GIPT,L100000102183,Siltara SKS power station,thermal_power,India,Chhattisgarh,21.391385,81.646357,operating,HIGH,Global Energy Monitor Global Integrated Power Tracker,https://globalenergymonitor.org/projects/global-integrated-power-tracker,NEEDS_REVIEW,Operating India thermal-power facility from GEM GIPT. Confirm FIRMS-source association before benchmark inclusion.
GEM_GIPT,L100000102184,Siltara Works power station,thermal_power,India,Chhattisgarh,21.3732303,81.6844096,operating,HIGH,Global Energy Monitor Global Integrated Power Tracker,https://globalenergymonitor.org/projects/global-integrated-power-tracker,NEEDS_REVIEW,Operating India thermal-power facility from GEM GIPT. Confirm FIRMS-source association before benchmark inclusion.
GEM_GIPT,L100000102068,Simhadri power station,thermal_power,India,Andhra Pradesh,17.591,83.09166,operating,HIGH,Global Energy Monitor Global Integrated Power Tracker,https://globalenergymonitor.org/projects/global-integrated-power-tracker,NEEDS_REVIEW,Operating India thermal-power facility from GEM GIPT. Confirm FIRMS-source association before benchmark inclusion.
GEM_GIPT,L100000102068,Simhadri power station,thermal_power,India,Andhra Pradesh,17.591,83.09166,operating,HIGH,Global Energy Monitor Global Integrated Power Tracker,https://globalenergymonitor.org/projects/global-integrated-power-tracker,NEEDS_REVIEW,Operating India thermal-power facility from GEM GIPT. Confirm FIRMS-source association before benchmark inclusion.
GEM_GIPT,L100000102068,Simhadri power station,thermal_power,India,Andhra Pradesh,17.591,83.09166,operating,HIGH,Global Energy Monitor Global Integrated Power Tracker,https://globalenergymonitor.org/projects/global-integrated-power-tracker,NEEDS_REVIEW,Operating India thermal-power facility from GEM GIPT. Confirm FIRMS-source association before benchmark inclusion.
GEM_GIPT,L100000102068,Simhadri power station,thermal_power,India,Andhra Pradesh,17.591,83.09166,operating,HIGH,Global Energy Monitor Global Integrated Power Tracker,https://globalenergymonitor.org/projects/global-integrated-power-tracker,NEEDS_REVIEW,Operating India thermal-power facility from GEM GIPT. Confirm FIRMS-source association before benchmark inclusion.
GEM_GIPT,L100000102073,Simhapuri Thamminapatnam power station,thermal_power,India,Andhra Pradesh,14.204576,80.086636,operating,HIGH,Global Energy Monitor Global Integrated Power Tracker,https://globalenergymonitor.org/projects/global-integrated-power-tracker,NEEDS_REVIEW,Operating India thermal-power facility from GEM GIPT. Confirm FIRMS-source association before benchmark inclusion.
GEM_GIPT,L100000102073,Simhapuri Thamminapatnam power station,thermal_power,India,Andhra Pradesh,14.204576,80.086636,operating,HIGH,Global Energy Monitor Global Integrated Power Tracker,https://globalenergymonitor.org/projects/global-integrated-power-tracker,NEEDS_REVIEW,Operating India thermal-power facility from GEM GIPT. Confirm FIRMS-source association before benchmark inclusion.
GEM_GIPT,L100000102073,Simhapuri Thamminapatnam power station,thermal_power,India,Andhra Pradesh,14.204576,80.086636,operating,HIGH,Global Energy Monitor Global Integrated Power Tracker,https://globalenergymonitor.org/projects/global-integrated-power-tracker,NEEDS_REVIEW,Operating India thermal-power facility from GEM GIPT. Confirm FIRMS-source association before benchmark inclusion.
GEM_GIPT,L100000102073,Simhapuri Thamminapatnam power station,thermal_power,India,Andhra Pradesh,14.204576,80.086636,operating,HIGH,Global Energy Monitor Global Integrated Power Tracker,https://globalenergymonitor.org/projects/global-integrated-power-tracker,NEEDS_REVIEW,Operating India thermal-power facility from GEM GIPT. Confirm FIRMS-source association before benchmark inclusion.
GEM_GIPT,L100000102652,Singrauli Super Thermal Power Station,thermal_power,India,Uttar Pradesh,24.1042119,82.7063552,operating,HIGH,Global Energy Monitor Global Integrated Power Tracker,https://globalenergymonitor.org/projects/global-integrated-power-tracker,NEEDS_REVIEW,Operating India thermal-power facility from GEM GIPT. Confirm FIRMS-source association before benchmark inclusion.
GEM_GIPT,L100000102652,Singrauli Super Thermal Power Station,thermal_power,India,Uttar Pradesh,24.1042119,82.7063552,operating,HIGH,Global Energy Monitor Global Integrated Power Tracker,https://globalenergymonitor.org/projects/global-integrated-power-tracker,NEEDS_REVIEW,Operating India thermal-power facility from GEM GIPT. Confirm FIRMS-source association before benchmark inclusion.
GEM_GIPT,L100000102652,Singrauli Super Thermal Power Station,thermal_power,India,Uttar Pradesh,24.1042119,82.7063552,operating,HIGH,Global Energy Monitor Global Integrated Power Tracker,https://globalenergymonitor.org/projects/global-integrated-power-tracker,NEEDS_REVIEW,Operating India thermal-power facility from GEM GIPT. Confirm FIRMS-source association before benchmark inclusion.
GEM_GIPT,L100000102652,Singrauli Super Thermal Power Station,thermal_power,India,Uttar Pradesh,24.1042119,82.7063552,operating,HIGH,Global Energy Monitor Global Integrated Power Tracker,https://globalenergymonitor.org/projects/global-integrated-power-tracker,NEEDS_REVIEW,Operating India thermal-power facility from GEM GIPT. Confirm FIRMS-source association before benchmark inclusion.
GEM_GIPT,L100000102652,Singrauli Super Thermal Power Station,thermal_power,India,Uttar Pradesh,24.1042119,82.7063552,operating,HIGH,Global Energy Monitor Global Integrated Power Tracker,https://globalenergymonitor.org/projects/global-integrated-power-tracker,NEEDS_REVIEW,Operating India thermal-power facility from GEM GIPT. Confirm FIRMS-source association before benchmark inclusion.
GEM_GIPT,L100000102652,Singrauli Super Thermal Power Station,thermal_power,India,Uttar Pradesh,24.1042119,82.7063552,operating,HIGH,Global Energy Monitor Global Integrated Power Tracker,https://globalenergymonitor.org/projects/global-integrated-power-tracker,NEEDS_REVIEW,Operating India thermal-power facility from GEM GIPT. Confirm FIRMS-source association before benchmark inclusion.
GEM_GIPT,L100000102652,Singrauli Super Thermal Power Station,thermal_power,India,Uttar Pradesh,24.1042119,82.7063552,operating,HIGH,Global Energy Monitor Global Integrated Power Tracker,https://globalenergymonitor.org/projects/global-integrated-power-tracker,NEEDS_REVIEW,Operating India thermal-power facility from GEM GIPT. Confirm FIRMS-source association before benchmark inclusion.
GEM_GIPT,L100000102185,Sipat power station,thermal_power,India,Chhattisgarh,22.131662,82.29035,operating,HIGH,Global Energy Monitor Global Integrated Power Tracker,https://globalenergymonitor.org/projects/global-integrated-power-tracker,NEEDS_REVIEW,Operating India thermal-power facility from GEM GIPT. Confirm FIRMS-source association before benchmark inclusion.
GEM_GIPT,L100000102185,Sipat power station,thermal_power,India,Chhattisgarh,22.131662,82.29035,operating,HIGH,Global Energy Monitor Global Integrated Power Tracker,https://globalenergymonitor.org/projects/global-integrated-power-tracker,NEEDS_REVIEW,Operating India thermal-power facility from GEM GIPT. Confirm FIRMS-source association before benchmark inclusion.
GEM_GIPT,L100000102185,Sipat power station,thermal_power,India,Chhattisgarh,22.131662,82.29035,operating,HIGH,Global Energy Monitor Global Integrated Power Tracker,https://globalenergymonitor.org/projects/global-integrated-power-tracker,NEEDS_REVIEW,Operating India thermal-power facility from GEM GIPT. Confirm FIRMS-source association before benchmark inclusion.
GEM_GIPT,L100000102185,Sipat power station,thermal_power,India,Chhattisgarh,22.131662,82.29035,operating,HIGH,Global Energy Monitor Global Integrated Power Tracker,https://globalenergymonitor.org/projects/global-integrated-power-tracker,NEEDS_REVIEW,Operating India thermal-power facility from GEM GIPT. Confirm FIRMS-source association before benchmark inclusion.
GEM_GIPT,L100000102185,Sipat power station,thermal_power,India,Chhattisgarh,22.131662,82.29035,operating,HIGH,Global Energy Monitor Global Integrated Power Tracker,https://globalenergymonitor.org/projects/global-integrated-power-tracker,NEEDS_REVIEW,Operating India thermal-power facility from GEM GIPT. Confirm FIRMS-source association before benchmark inclusion.
GEM_GIPT,L100000102606,Sitapuram Cement power station,thermal_power,India,Telangana,16.8300701,80.040774,operating,HIGH,Global Energy Monitor Global Integrated Power Tracker,https://globalenergymonitor.org/projects/global-integrated-power-tracker,NEEDS_REVIEW,Operating India thermal-power facility from GEM GIPT. Confirm FIRMS-source association before benchmark inclusion.
GEM_GIPT,L100000102431,Solapur power station,thermal_power,India,Maharashtra,17.551296,75.9832,operating,HIGH,Global Energy Monitor Global Integrated Power Tracker,https://globalenergymonitor.org/projects/global-integrated-power-tracker,NEEDS_REVIEW,Operating India thermal-power facility from GEM GIPT. Confirm FIRMS-source association before benchmark inclusion.
GEM_GIPT,L100000102431,Solapur power station,thermal_power,India,Maharashtra,17.551296,75.9832,operating,HIGH,Global Energy Monitor Global Integrated Power Tracker,https://globalenergymonitor.org/projects/global-integrated-power-tracker,NEEDS_REVIEW,Operating India thermal-power facility from GEM GIPT. Confirm FIRMS-source association before benchmark inclusion.
GEM_GIPT,L100000102688,Southern CESC power station,thermal_power,India,West Bengal,22.549591,88.291512,operating,HIGH,Global Energy Monitor Global Integrated Power Tracker,https://globalenergymonitor.org/projects/global-integrated-power-tracker,NEEDS_REVIEW,Operating India thermal-power facility from GEM GIPT. Confirm FIRMS-source association before benchmark inclusion.
GEM_GIPT,L100000102688,Southern CESC power station,thermal_power,India,West Bengal,22.549591,88.291512,operating,HIGH,Global Energy Monitor Global Integrated Power Tracker,https://globalenergymonitor.org/projects/global-integrated-power-tracker,NEEDS_REVIEW,Operating India thermal-power facility from GEM GIPT. Confirm FIRMS-source association before benchmark inclusion.
GEM_GIPT,L100000102071,Sri Damodaram Sanjeevaiah Thermal Power Station,thermal_power,India,Andhra Pradesh,14.327604,80.122105,operating,HIGH,Global Energy Monitor Global Integrated Power Tracker,https://globalenergymonitor.org/projects/global-integrated-power-tracker,NEEDS_REVIEW,Operating India thermal-power facility from GEM GIPT. Confirm FIRMS-source association before benchmark inclusion.
GEM_GIPT,L100000102071,Sri Damodaram Sanjeevaiah Thermal Power Station,thermal_power,India,Andhra Pradesh,14.327604,80.122105,operating,HIGH,Global Energy Monitor Global Integrated Power Tracker,https://globalenergymonitor.org/projects/global-integrated-power-tracker,NEEDS_REVIEW,Operating India thermal-power facility from GEM GIPT. Confirm FIRMS-source association before benchmark inclusion.
GEM_GIPT,L100000102071,Sri Damodaram Sanjeevaiah Thermal Power Station,thermal_power,India,Andhra Pradesh,14.327604,80.122105,operating,HIGH,Global Energy Monitor Global Integrated Power Tracker,https://globalenergymonitor.org/projects/global-integrated-power-tracker,NEEDS_REVIEW,Operating India thermal-power facility from GEM GIPT. Confirm FIRMS-source association before benchmark inclusion.
GEM_GIPT,L100000102228,Surat Lignite Power Plant,thermal_power,India,Gujarat,21.397304,73.106993,operating,HIGH,Global Energy Monitor Global Integrated Power Tracker,https://globalenergymonitor.org/projects/global-integrated-power-tracker,NEEDS_REVIEW,Operating India thermal-power facility from GEM GIPT. Confirm FIRMS-source association before benchmark inclusion.
GEM_GIPT,L100000102228,Surat Lignite Power Plant,thermal_power,India,Gujarat,21.397304,73.106993,operating,HIGH,Global Energy Monitor Global Integrated Power Tracker,https://globalenergymonitor.org/projects/global-integrated-power-tracker,NEEDS_REVIEW,Operating India thermal-power facility from GEM GIPT. Confirm FIRMS-source association before benchmark inclusion.
GEM_GIPT,L100000102228,Surat Lignite Power Plant,thermal_power,India,Gujarat,21.397304,73.106993,operating,HIGH,Global Energy Monitor Global Integrated Power Tracker,https://globalenergymonitor.org/projects/global-integrated-power-tracker,NEEDS_REVIEW,Operating India thermal-power facility from GEM GIPT. Confirm FIRMS-source association before benchmark inclusion.
GEM_GIPT,L100000102228,Surat Lignite Power Plant,thermal_power,India,Gujarat,21.397304,73.106993,operating,HIGH,Global Energy Monitor Global Integrated Power Tracker,https://globalenergymonitor.org/projects/global-integrated-power-tracker,NEEDS_REVIEW,Operating India thermal-power facility from GEM GIPT. Confirm FIRMS-source association before benchmark inclusion.
GEM_GIPT,L100000102534,Suratgarh Super Thermal Power Station,thermal_power,India,Rajasthan,29.181766,74.018741,operating,HIGH,Global Energy Monitor Global Integrated Power Tracker,https://globalenergymonitor.org/projects/global-integrated-power-tracker,NEEDS_REVIEW,Operating India thermal-power facility from GEM GIPT. Confirm FIRMS-source association before benchmark inclusion.
GEM_GIPT,L100000102534,Suratgarh Super Thermal Power Station,thermal_power,India,Rajasthan,29.181766,74.018741,operating,HIGH,Global Energy Monitor Global Integrated Power Tracker,https://globalenergymonitor.org/projects/global-integrated-power-tracker,NEEDS_REVIEW,Operating India thermal-power facility from GEM GIPT. Confirm FIRMS-source association before benchmark inclusion.
GEM_GIPT,L100000102534,Suratgarh Super Thermal Power Station,thermal_power,India,Rajasthan,29.181766,74.018741,operating,HIGH,Global Energy Monitor Global Integrated Power Tracker,https://globalenergymonitor.org/projects/global-integrated-power-tracker,NEEDS_REVIEW,Operating India thermal-power facility from GEM GIPT. Confirm FIRMS-source association before benchmark inclusion.
GEM_GIPT,L100000102534,Suratgarh Super Thermal Power Station,thermal_power,India,Rajasthan,29.181766,74.018741,operating,HIGH,Global Energy Monitor Global Integrated Power Tracker,https://globalenergymonitor.org/projects/global-integrated-power-tracker,NEEDS_REVIEW,Operating India thermal-power facility from GEM GIPT. Confirm FIRMS-source association before benchmark inclusion.
GEM_GIPT,L100000102534,Suratgarh Super Thermal Power Station,thermal_power,India,Rajasthan,29.181766,74.018741,operating,HIGH,Global Energy Monitor Global Integrated Power Tracker,https://globalenergymonitor.org/projects/global-integrated-power-tracker,NEEDS_REVIEW,Operating India thermal-power facility from GEM GIPT. Confirm FIRMS-source association before benchmark inclusion.
GEM_GIPT,L100000102534,Suratgarh Super Thermal Power Station,thermal_power,India,Rajasthan,29.181766,74.018741,operating,HIGH,Global Energy Monitor Global Integrated Power Tracker,https://globalenergymonitor.org/projects/global-integrated-power-tracker,NEEDS_REVIEW,Operating India thermal-power facility from GEM GIPT. Confirm FIRMS-source association before benchmark inclusion.
GEM_GIPT,L100000102534,Suratgarh Super Thermal Power Station,thermal_power,India,Rajasthan,29.1611184,74.0191627,operating,HIGH,Global Energy Monitor Global Integrated Power Tracker,https://globalenergymonitor.org/projects/global-integrated-power-tracker,NEEDS_REVIEW,Operating India thermal-power facility from GEM GIPT. Confirm FIRMS-source association before benchmark inclusion.
GEM_GIPT,L100000102534,Suratgarh Super Thermal Power Station,thermal_power,India,Rajasthan,29.1611184,74.0191627,operating,HIGH,Global Energy Monitor Global Integrated Power Tracker,https://globalenergymonitor.org/projects/global-integrated-power-tracker,NEEDS_REVIEW,Operating India thermal-power facility from GEM GIPT. Confirm FIRMS-source association before benchmark inclusion.
GEM_GIPT,L100000102188,SVPL power station,thermal_power,India,Chhattisgarh,22.292,82.5254,operating,HIGH,Global Energy Monitor Global Integrated Power Tracker,https://globalenergymonitor.org/projects/global-integrated-power-tracker,NEEDS_REVIEW,Operating India thermal-power facility from GEM GIPT. Confirm FIRMS-source association before benchmark inclusion.
GEM_GIPT,L100000102502,Talcher Kaniha Super Thermal Power Station,thermal_power,India,Odisha,21.0970667,85.0750266,operating,HIGH,Global Energy Monitor Global Integrated Power Tracker,https://globalenergymonitor.org/projects/global-integrated-power-tracker,NEEDS_REVIEW,Operating India thermal-power facility from GEM GIPT. Confirm FIRMS-source association before benchmark inclusion.
GEM_GIPT,L100000102502,Talcher Kaniha Super Thermal Power Station,thermal_power,India,Odisha,21.0970667,85.0750266,operating,HIGH,Global Energy Monitor Global Integrated Power Tracker,https://globalenergymonitor.org/projects/global-integrated-power-tracker,NEEDS_REVIEW,Operating India thermal-power facility from GEM GIPT. Confirm FIRMS-source association before benchmark inclusion.
GEM_GIPT,L100000102502,Talcher Kaniha Super Thermal Power Station,thermal_power,India,Odisha,21.0970667,85.0750266,operating,HIGH,Global Energy Monitor Global Integrated Power Tracker,https://globalenergymonitor.org/projects/global-integrated-power-tracker,NEEDS_REVIEW,Operating India thermal-power facility from GEM GIPT. Confirm FIRMS-source association before benchmark inclusion.
GEM_GIPT,L100000102502,Talcher Kaniha Super Thermal Power Station,thermal_power,India,Odisha,21.0970667,85.0750266,operating,HIGH,Global Energy Monitor Global Integrated Power Tracker,https://globalenergymonitor.org/projects/global-integrated-power-tracker,NEEDS_REVIEW,Operating India thermal-power facility from GEM GIPT. Confirm FIRMS-source association before benchmark inclusion.
GEM_GIPT,L100000102502,Talcher Kaniha Super Thermal Power Station,thermal_power,India,Odisha,21.0970667,85.0750266,operating,HIGH,Global Energy Monitor Global Integrated Power Tracker,https://globalenergymonitor.org/projects/global-integrated-power-tracker,NEEDS_REVIEW,Operating India thermal-power facility from GEM GIPT. Confirm FIRMS-source association before benchmark inclusion.
GEM_GIPT,L100000102502,Talcher Kaniha Super Thermal Power Station,thermal_power,India,Odisha,21.0970667,85.0750266,operating,HIGH,Global Energy Monitor Global Integrated Power Tracker,https://globalenergymonitor.org/projects/global-integrated-power-tracker,NEEDS_REVIEW,Operating India thermal-power facility from GEM GIPT. Confirm FIRMS-source association before benchmark inclusion.
GEM_GIPT,L100000102518,Talwandi Sabo Power Project,thermal_power,India,Punjab,29.92458,75.238929,operating,HIGH,Global Energy Monitor Global Integrated Power Tracker,https://globalenergymonitor.org/projects/global-integrated-power-tracker,NEEDS_REVIEW,Operating India thermal-power facility from GEM GIPT. Confirm FIRMS-source association before benchmark inclusion.
GEM_GIPT,L100000102518,Talwandi Sabo Power Project,thermal_power,India,Punjab,29.92458,75.238929,operating,HIGH,Global Energy Monitor Global Integrated Power Tracker,https://globalenergymonitor.org/projects/global-integrated-power-tracker,NEEDS_REVIEW,Operating India thermal-power facility from GEM GIPT. Confirm FIRMS-source association before benchmark inclusion.
GEM_GIPT,L100000102518,Talwandi Sabo Power Project,thermal_power,India,Punjab,29.92458,75.238929,operating,HIGH,Global Energy Monitor Global Integrated Power Tracker,https://globalenergymonitor.org/projects/global-integrated-power-tracker,NEEDS_REVIEW,Operating India thermal-power facility from GEM GIPT. Confirm FIRMS-source association before benchmark inclusion.
GEM_GIPT,L100000102189,Tamnar power station,thermal_power,India,Chhattisgarh,22.098747,83.451312,operating,HIGH,Global Energy Monitor Global Integrated Power Tracker,https://globalenergymonitor.org/projects/global-integrated-power-tracker,NEEDS_REVIEW,Operating India thermal-power facility from GEM GIPT. Confirm FIRMS-source association before benchmark inclusion.
GEM_GIPT,L100000102189,Tamnar power station,thermal_power,India,Chhattisgarh,22.098747,83.451312,operating,HIGH,Global Energy Monitor Global Integrated Power Tracker,https://globalenergymonitor.org/projects/global-integrated-power-tracker,NEEDS_REVIEW,Operating India thermal-power facility from GEM GIPT. Confirm FIRMS-source association before benchmark inclusion.
GEM_GIPT,L100000102189,Tamnar power station,thermal_power,India,Chhattisgarh,22.098747,83.451312,operating,HIGH,Global Energy Monitor Global Integrated Power Tracker,https://globalenergymonitor.org/projects/global-integrated-power-tracker,NEEDS_REVIEW,Operating India thermal-power facility from GEM GIPT. Confirm FIRMS-source association before benchmark inclusion.
GEM_GIPT,L100000102189,Tamnar power station,thermal_power,India,Chhattisgarh,22.098747,83.451312,operating,HIGH,Global Energy Monitor Global Integrated Power Tracker,https://globalenergymonitor.org/projects/global-integrated-power-tracker,NEEDS_REVIEW,Operating India thermal-power facility from GEM GIPT. Confirm FIRMS-source association before benchmark inclusion.
GEM_GIPT,L100000102189,Tamnar power station,thermal_power,India,Chhattisgarh,22.098747,83.451312,operating,HIGH,Global Energy Monitor Global Integrated Power Tracker,https://globalenergymonitor.org/projects/global-integrated-power-tracker,NEEDS_REVIEW,Operating India thermal-power facility from GEM GIPT. Confirm FIRMS-source association before benchmark inclusion.
GEM_GIPT,L100000102189,Tamnar power station,thermal_power,India,Chhattisgarh,22.098747,83.451312,operating,HIGH,Global Energy Monitor Global Integrated Power Tracker,https://globalenergymonitor.org/projects/global-integrated-power-tracker,NEEDS_REVIEW,Operating India thermal-power facility from GEM GIPT. Confirm FIRMS-source association before benchmark inclusion.
GEM_GIPT,L100000102189,Tamnar power station,thermal_power,India,Chhattisgarh,22.098747,83.451312,operating,HIGH,Global Energy Monitor Global Integrated Power Tracker,https://globalenergymonitor.org/projects/global-integrated-power-tracker,NEEDS_REVIEW,Operating India thermal-power facility from GEM GIPT. Confirm FIRMS-source association before benchmark inclusion.
GEM_GIPT,L100000102189,Tamnar power station,thermal_power,India,Chhattisgarh,22.098747,83.451312,operating,HIGH,Global Energy Monitor Global Integrated Power Tracker,https://globalenergymonitor.org/projects/global-integrated-power-tracker,NEEDS_REVIEW,Operating India thermal-power facility from GEM GIPT. Confirm FIRMS-source association before benchmark inclusion.
GEM_GIPT,L100000102653,Tanda power station,thermal_power,India,Uttar Pradesh,26.5894846,82.601235,operating,HIGH,Global Energy Monitor Global Integrated Power Tracker,https://globalenergymonitor.org/projects/global-integrated-power-tracker,NEEDS_REVIEW,Operating India thermal-power facility from GEM GIPT. Confirm FIRMS-source association before benchmark inclusion.
GEM_GIPT,L100000102653,Tanda power station,thermal_power,India,Uttar Pradesh,26.5894846,82.601235,operating,HIGH,Global Energy Monitor Global Integrated Power Tracker,https://globalenergymonitor.org/projects/global-integrated-power-tracker,NEEDS_REVIEW,Operating India thermal-power facility from GEM GIPT. Confirm FIRMS-source association before benchmark inclusion.
GEM_GIPT,L100000102653,Tanda power station,thermal_power,India,Uttar Pradesh,26.5894846,82.601235,operating,HIGH,Global Energy Monitor Global Integrated Power Tracker,https://globalenergymonitor.org/projects/global-integrated-power-tracker,NEEDS_REVIEW,Operating India thermal-power facility from GEM GIPT. Confirm FIRMS-source association before benchmark inclusion.
GEM_GIPT,L100000102653,Tanda power station,thermal_power,India,Uttar Pradesh,26.5894846,82.601235,operating,HIGH,Global Energy Monitor Global Integrated Power Tracker,https://globalenergymonitor.org/projects/global-integrated-power-tracker,NEEDS_REVIEW,Operating India thermal-power facility from GEM GIPT. Confirm FIRMS-source association before benchmark inclusion.
GEM_GIPT,L100000102653,Tanda power station,thermal_power,India,Uttar Pradesh,26.5891987,82.6003754,operating,HIGH,Global Energy Monitor Global Integrated Power Tracker,https://globalenergymonitor.org/projects/global-integrated-power-tracker,NEEDS_REVIEW,Operating India thermal-power facility from GEM GIPT. Confirm FIRMS-source association before benchmark inclusion.
GEM_GIPT,L100000102653,Tanda power station,thermal_power,India,Uttar Pradesh,26.5891987,82.6003754,operating,HIGH,Global Energy Monitor Global Integrated Power Tracker,https://globalenergymonitor.org/projects/global-integrated-power-tracker,NEEDS_REVIEW,Operating India thermal-power facility from GEM GIPT. Confirm FIRMS-source association before benchmark inclusion.
GEM_GIPT,L100000102230,Tata Mundra Ultra Mega Power Project,thermal_power,India,Gujarat,22.8158,69.5281,operating,HIGH,Global Energy Monitor Global Integrated Power Tracker,https://globalenergymonitor.org/projects/global-integrated-power-tracker,NEEDS_REVIEW,Operating India thermal-power facility from GEM GIPT. Confirm FIRMS-source association before benchmark inclusion.
GEM_GIPT,L100000102230,Tata Mundra Ultra Mega Power Project,thermal_power,India,Gujarat,22.8158,69.5281,operating,HIGH,Global Energy Monitor Global Integrated Power Tracker,https://globalenergymonitor.org/projects/global-integrated-power-tracker,NEEDS_REVIEW,Operating India thermal-power facility from GEM GIPT. Confirm FIRMS-source association before benchmark inclusion.
GEM_GIPT,L100000102230,Tata Mundra Ultra Mega Power Project,thermal_power,India,Gujarat,22.8158,69.5281,operating,HIGH,Global Energy Monitor Global Integrated Power Tracker,https://globalenergymonitor.org/projects/global-integrated-power-tracker,NEEDS_REVIEW,Operating India thermal-power facility from GEM GIPT. Confirm FIRMS-source association before benchmark inclusion.
GEM_GIPT,L100000102230,Tata Mundra Ultra Mega Power Project,thermal_power,India,Gujarat,22.8158,69.5281,operating,HIGH,Global Energy Monitor Global Integrated Power Tracker,https://globalenergymonitor.org/projects/global-integrated-power-tracker,NEEDS_REVIEW,Operating India thermal-power facility from GEM GIPT. Confirm FIRMS-source association before benchmark inclusion.
GEM_GIPT,L100000102230,Tata Mundra Ultra Mega Power Project,thermal_power,India,Gujarat,22.8158,69.5281,operating,HIGH,Global Energy Monitor Global Integrated Power Tracker,https://globalenergymonitor.org/projects/global-integrated-power-tracker,NEEDS_REVIEW,Operating India thermal-power facility from GEM GIPT. Confirm FIRMS-source association before benchmark inclusion.
GEM_GIPT,L100000102287,Tenughat power station,thermal_power,India,Jharkhand,23.7276632,85.7652325,operating,HIGH,Global Energy Monitor Global Integrated Power Tracker,https://globalenergymonitor.org/projects/global-integrated-power-tracker,NEEDS_REVIEW,Operating India thermal-power facility from GEM GIPT. Confirm FIRMS-source association before benchmark inclusion.
GEM_GIPT,L100000102287,Tenughat power station,thermal_power,India,Jharkhand,23.7276632,85.7652325,operating,HIGH,Global Energy Monitor Global Integrated Power Tracker,https://globalenergymonitor.org/projects/global-integrated-power-tracker,NEEDS_REVIEW,Operating India thermal-power facility from GEM GIPT. Confirm FIRMS-source association before benchmark inclusion.
GEM_GIPT,L100000102432,Tiroda Thermal Power Project,thermal_power,India,Maharashtra,21.412502,79.96731,operating,HIGH,Global Energy Monitor Global Integrated Power Tracker,https://globalenergymonitor.org/projects/global-integrated-power-tracker,NEEDS_REVIEW,Operating India thermal-power facility from GEM GIPT. Confirm FIRMS-source association before benchmark inclusion.
GEM_GIPT,L100000102432,Tiroda Thermal Power Project,thermal_power,India,Maharashtra,21.412502,79.96731,operating,HIGH,Global Energy Monitor Global Integrated Power Tracker,https://globalenergymonitor.org/projects/global-integrated-power-tracker,NEEDS_REVIEW,Operating India thermal-power facility from GEM GIPT. Confirm FIRMS-source association before benchmark inclusion.
GEM_GIPT,L100000102432,Tiroda Thermal Power Project,thermal_power,India,Maharashtra,21.412502,79.96731,operating,HIGH,Global Energy Monitor Global Integrated Power Tracker,https://globalenergymonitor.org/projects/global-integrated-power-tracker,NEEDS_REVIEW,Operating India thermal-power facility from GEM GIPT. Confirm FIRMS-source association before benchmark inclusion.
GEM_GIPT,L100000102432,Tiroda Thermal Power Project,thermal_power,India,Maharashtra,21.412502,79.96731,operating,HIGH,Global Energy Monitor Global Integrated Power Tracker,https://globalenergymonitor.org/projects/global-integrated-power-tracker,NEEDS_REVIEW,Operating India thermal-power facility from GEM GIPT. Confirm FIRMS-source association before benchmark inclusion.
GEM_GIPT,L100000102432,Tiroda Thermal Power Project,thermal_power,India,Maharashtra,21.412502,79.96731,operating,HIGH,Global Energy Monitor Global Integrated Power Tracker,https://globalenergymonitor.org/projects/global-integrated-power-tracker,NEEDS_REVIEW,Operating India thermal-power facility from GEM GIPT. Confirm FIRMS-source association before benchmark inclusion.
GEM_GIPT,L100000102689,Titagarh power station,thermal_power,India,West Bengal,22.731974,88.370309,operating,HIGH,Global Energy Monitor Global Integrated Power Tracker,https://globalenergymonitor.org/projects/global-integrated-power-tracker,NEEDS_REVIEW,Operating India thermal-power facility from GEM GIPT. Confirm FIRMS-source association before benchmark inclusion.
GEM_GIPT,L100000102689,Titagarh power station,thermal_power,India,West Bengal,22.731974,88.370309,operating,HIGH,Global Energy Monitor Global Integrated Power Tracker,https://globalenergymonitor.org/projects/global-integrated-power-tracker,NEEDS_REVIEW,Operating India thermal-power facility from GEM GIPT. Confirm FIRMS-source association before benchmark inclusion.
GEM_GIPT,L100000102689,Titagarh power station,thermal_power,India,West Bengal,22.731974,88.370309,operating,HIGH,Global Energy Monitor Global Integrated Power Tracker,https://globalenergymonitor.org/projects/global-integrated-power-tracker,NEEDS_REVIEW,Operating India thermal-power facility from GEM GIPT. Confirm FIRMS-source association before benchmark inclusion.
GEM_GIPT,L100000102689,Titagarh power station,thermal_power,India,West Bengal,22.731974,88.370309,operating,HIGH,Global Energy Monitor Global Integrated Power Tracker,https://globalenergymonitor.org/projects/global-integrated-power-tracker,NEEDS_REVIEW,Operating India thermal-power facility from GEM GIPT. Confirm FIRMS-source association before benchmark inclusion.
GEM_GIPT,L100000102433,Trombay power station,thermal_power,India,Maharashtra,19.0027,72.8979,operating,HIGH,Global Energy Monitor Global Integrated Power Tracker,https://globalenergymonitor.org/projects/global-integrated-power-tracker,NEEDS_REVIEW,Operating India thermal-power facility from GEM GIPT. Confirm FIRMS-source association before benchmark inclusion.
GEM_GIPT,L100000102433,Trombay power station,thermal_power,India,Maharashtra,19.0027,72.8979,operating,HIGH,Global Energy Monitor Global Integrated Power Tracker,https://globalenergymonitor.org/projects/global-integrated-power-tracker,NEEDS_REVIEW,Operating India thermal-power facility from GEM GIPT. Confirm FIRMS-source association before benchmark inclusion.
GEM_GIPT,L100000102550,Tulsyan Steel Gummidipoondi captive power station,thermal_power,India,Tamil Nadu,13.416421,80.056944,operating,HIGH,Global Energy Monitor Global Integrated Power Tracker,https://globalenergymonitor.org/projects/global-integrated-power-tracker,NEEDS_REVIEW,Operating India thermal-power facility from GEM GIPT. Confirm FIRMS-source association before benchmark inclusion.
GEM_GIPT,L100000102550,Tulsyan Steel Gummidipoondi captive power station,thermal_power,India,Tamil Nadu,13.416421,80.056944,operating,HIGH,Global Energy Monitor Global Integrated Power Tracker,https://globalenergymonitor.org/projects/global-integrated-power-tracker,NEEDS_REVIEW,Operating India thermal-power facility from GEM GIPT. Confirm FIRMS-source association before benchmark inclusion.
GEM_GIPT,L100000102584,Tuticorin NTPL power station,thermal_power,India,Tamil Nadu,8.760363,78.171083,operating,HIGH,Global Energy Monitor Global Integrated Power Tracker,https://globalenergymonitor.org/projects/global-integrated-power-tracker,NEEDS_REVIEW,Operating India thermal-power facility from GEM GIPT. Confirm FIRMS-source association before benchmark inclusion.
GEM_GIPT,L100000102584,Tuticorin NTPL power station,thermal_power,India,Tamil Nadu,8.760363,78.171083,operating,HIGH,Global Energy Monitor Global Integrated Power Tracker,https://globalenergymonitor.org/projects/global-integrated-power-tracker,NEEDS_REVIEW,Operating India thermal-power facility from GEM GIPT. Confirm FIRMS-source association before benchmark inclusion.
GEM_GIPT,L100000102587,Tuticorin Thermal Power Station,thermal_power,India,Tamil Nadu,8.762518,78.175976,operating,HIGH,Global Energy Monitor Global Integrated Power Tracker,https://globalenergymonitor.org/projects/global-integrated-power-tracker,NEEDS_REVIEW,Operating India thermal-power facility from GEM GIPT. Confirm FIRMS-source association before benchmark inclusion.
GEM_GIPT,L100000102587,Tuticorin Thermal Power Station,thermal_power,India,Tamil Nadu,8.762518,78.175976,operating,HIGH,Global Energy Monitor Global Integrated Power Tracker,https://globalenergymonitor.org/projects/global-integrated-power-tracker,NEEDS_REVIEW,Operating India thermal-power facility from GEM GIPT. Confirm FIRMS-source association before benchmark inclusion.
GEM_GIPT,L100000102587,Tuticorin Thermal Power Station,thermal_power,India,Tamil Nadu,8.762518,78.175976,operating,HIGH,Global Energy Monitor Global Integrated Power Tracker,https://globalenergymonitor.org/projects/global-integrated-power-tracker,NEEDS_REVIEW,Operating India thermal-power facility from GEM GIPT. Confirm FIRMS-source association before benchmark inclusion.
GEM_GIPT,L100000102587,Tuticorin Thermal Power Station,thermal_power,India,Tamil Nadu,8.762518,78.175976,operating,HIGH,Global Energy Monitor Global Integrated Power Tracker,https://globalenergymonitor.org/projects/global-integrated-power-tracker,NEEDS_REVIEW,Operating India thermal-power facility from GEM GIPT. Confirm FIRMS-source association before benchmark inclusion.
GEM_GIPT,L100000102587,Tuticorin Thermal Power Station,thermal_power,India,Tamil Nadu,8.762518,78.175976,operating,HIGH,Global Energy Monitor Global Integrated Power Tracker,https://globalenergymonitor.org/projects/global-integrated-power-tracker,NEEDS_REVIEW,Operating India thermal-power facility from GEM GIPT. Confirm FIRMS-source association before benchmark inclusion.
GEM_GIPT,L100000102190,Uchpinda power station,thermal_power,India,Chhattisgarh,21.8864,83.12081,operating,HIGH,Global Energy Monitor Global Integrated Power Tracker,https://globalenergymonitor.org/projects/global-integrated-power-tracker,NEEDS_REVIEW,Operating India thermal-power facility from GEM GIPT. Confirm FIRMS-source association before benchmark inclusion.
GEM_GIPT,L100000102190,Uchpinda power station,thermal_power,India,Chhattisgarh,21.8864,83.12081,operating,HIGH,Global Energy Monitor Global Integrated Power Tracker,https://globalenergymonitor.org/projects/global-integrated-power-tracker,NEEDS_REVIEW,Operating India thermal-power facility from GEM GIPT. Confirm FIRMS-source association before benchmark inclusion.
GEM_GIPT,L100000102190,Uchpinda power station,thermal_power,India,Chhattisgarh,21.8864,83.12081,operating,HIGH,Global Energy Monitor Global Integrated Power Tracker,https://globalenergymonitor.org/projects/global-integrated-power-tracker,NEEDS_REVIEW,Operating India thermal-power facility from GEM GIPT. Confirm FIRMS-source association before benchmark inclusion.
GEM_GIPT,L100000102190,Uchpinda power station,thermal_power,India,Chhattisgarh,21.8864,83.12081,operating,HIGH,Global Energy Monitor Global Integrated Power Tracker,https://globalenergymonitor.org/projects/global-integrated-power-tracker,NEEDS_REVIEW,Operating India thermal-power facility from GEM GIPT. Confirm FIRMS-source association before benchmark inclusion.
GEM_GIPT,L100000102311,Udupi power station,thermal_power,India,Karnataka,13.1596,74.8002,operating,HIGH,Global Energy Monitor Global Integrated Power Tracker,https://globalenergymonitor.org/projects/global-integrated-power-tracker,NEEDS_REVIEW,Operating India thermal-power facility from GEM GIPT. Confirm FIRMS-source association before benchmark inclusion.
GEM_GIPT,L100000102311,Udupi power station,thermal_power,India,Karnataka,13.1596,74.8002,operating,HIGH,Global Energy Monitor Global Integrated Power Tracker,https://globalenergymonitor.org/projects/global-integrated-power-tracker,NEEDS_REVIEW,Operating India thermal-power facility from GEM GIPT. Confirm FIRMS-source association before benchmark inclusion.
GEM_GIPT,L100000102231,Ukai Thermal Power Station,thermal_power,India,Gujarat,21.2093,73.5574,operating,HIGH,Global Energy Monitor Global Integrated Power Tracker,https://globalenergymonitor.org/projects/global-integrated-power-tracker,NEEDS_REVIEW,Operating India thermal-power facility from GEM GIPT. Confirm FIRMS-source association before benchmark inclusion.
GEM_GIPT,L100000102231,Ukai Thermal Power Station,thermal_power,India,Gujarat,21.2093,73.5574,operating,HIGH,Global Energy Monitor Global Integrated Power Tracker,https://globalenergymonitor.org/projects/global-integrated-power-tracker,NEEDS_REVIEW,Operating India thermal-power facility from GEM GIPT. Confirm FIRMS-source association before benchmark inclusion.
GEM_GIPT,L100000102231,Ukai Thermal Power Station,thermal_power,India,Gujarat,21.2093,73.5574,operating,HIGH,Global Energy Monitor Global Integrated Power Tracker,https://globalenergymonitor.org/projects/global-integrated-power-tracker,NEEDS_REVIEW,Operating India thermal-power facility from GEM GIPT. Confirm FIRMS-source association before benchmark inclusion.
GEM_GIPT,L100000102231,Ukai Thermal Power Station,thermal_power,India,Gujarat,21.2093,73.5574,operating,HIGH,Global Energy Monitor Global Integrated Power Tracker,https://globalenergymonitor.org/projects/global-integrated-power-tracker,NEEDS_REVIEW,Operating India thermal-power facility from GEM GIPT. Confirm FIRMS-source association before benchmark inclusion.
GEM_GIPT,L100000102506,Utkal Smelter power station,thermal_power,India,Odisha,19.1954986,83.0299313,operating,HIGH,Global Energy Monitor Global Integrated Power Tracker,https://globalenergymonitor.org/projects/global-integrated-power-tracker,NEEDS_REVIEW,Operating India thermal-power facility from GEM GIPT. Confirm FIRMS-source association before benchmark inclusion.
GEM_GIPT,L100000102506,Utkal Smelter power station,thermal_power,India,Odisha,19.1954986,83.0299313,operating,HIGH,Global Energy Monitor Global Integrated Power Tracker,https://globalenergymonitor.org/projects/global-integrated-power-tracker,NEEDS_REVIEW,Operating India thermal-power facility from GEM GIPT. Confirm FIRMS-source association before benchmark inclusion.
GEM_GIPT,L100000102506,Utkal Smelter power station,thermal_power,India,Odisha,19.1954986,83.0299313,operating,HIGH,Global Energy Monitor Global Integrated Power Tracker,https://globalenergymonitor.org/projects/global-integrated-power-tracker,NEEDS_REVIEW,Operating India thermal-power facility from GEM GIPT. Confirm FIRMS-source association before benchmark inclusion.
GEM_GIPT,L100000102654,Utraula power station,thermal_power,India,Uttar Pradesh,27.3455145,82.3165453,operating,HIGH,Global Energy Monitor Global Integrated Power Tracker,https://globalenergymonitor.org/projects/global-integrated-power-tracker,NEEDS_REVIEW,Operating India thermal-power facility from GEM GIPT. Confirm FIRMS-source association before benchmark inclusion.
GEM_GIPT,L100000102654,Utraula power station,thermal_power,India,Uttar Pradesh,27.3455145,82.3165453,operating,HIGH,Global Energy Monitor Global Integrated Power Tracker,https://globalenergymonitor.org/projects/global-integrated-power-tracker,NEEDS_REVIEW,Operating India thermal-power facility from GEM GIPT. Confirm FIRMS-source association before benchmark inclusion.
GEM_GIPT,L100000102312,Vadlur power station,thermal_power,India,Karnataka,16.3015842,77.3615384,operating,HIGH,Global Energy Monitor Global Integrated Power Tracker,https://globalenergymonitor.org/projects/global-integrated-power-tracker,NEEDS_REVIEW,Operating India thermal-power facility from GEM GIPT. Confirm FIRMS-source association before benchmark inclusion.
GEM_GIPT,L100000102590,Vallur Thermal Power Plant,thermal_power,India,Tamil Nadu,13.237131,80.301754,operating,HIGH,Global Energy Monitor Global Integrated Power Tracker,https://globalenergymonitor.org/projects/global-integrated-power-tracker,NEEDS_REVIEW,Operating India thermal-power facility from GEM GIPT. Confirm FIRMS-source association before benchmark inclusion.
GEM_GIPT,L100000102590,Vallur Thermal Power Plant,thermal_power,India,Tamil Nadu,13.237131,80.301754,operating,HIGH,Global Energy Monitor Global Integrated Power Tracker,https://globalenergymonitor.org/projects/global-integrated-power-tracker,NEEDS_REVIEW,Operating India thermal-power facility from GEM GIPT. Confirm FIRMS-source association before benchmark inclusion.
GEM_GIPT,L100000102590,Vallur Thermal Power Plant,thermal_power,India,Tamil Nadu,13.237131,80.301754,operating,HIGH,Global Energy Monitor Global Integrated Power Tracker,https://globalenergymonitor.org/projects/global-integrated-power-tracker,NEEDS_REVIEW,Operating India thermal-power facility from GEM GIPT. Confirm FIRMS-source association before benchmark inclusion.
GEM_GIPT,L100000102232,Vilayat Caustic power station,thermal_power,India,Gujarat,21.7777531,72.9024971,operating,HIGH,Global Energy Monitor Global Integrated Power Tracker,https://globalenergymonitor.org/projects/global-integrated-power-tracker,NEEDS_REVIEW,Operating India thermal-power facility from GEM GIPT. Confirm FIRMS-source association before benchmark inclusion.
GEM_GIPT,L100000102232,Vilayat Caustic power station,thermal_power,India,Gujarat,21.7777531,72.9024971,operating,HIGH,Global Energy Monitor Global Integrated Power Tracker,https://globalenergymonitor.org/projects/global-integrated-power-tracker,NEEDS_REVIEW,Operating India thermal-power facility from GEM GIPT. Confirm FIRMS-source association before benchmark inclusion.
GEM_GIPT,L100000102232,Vilayat Caustic power station,thermal_power,India,Gujarat,21.7777531,72.9024971,operating,HIGH,Global Energy Monitor Global Integrated Power Tracker,https://globalenergymonitor.org/projects/global-integrated-power-tracker,NEEDS_REVIEW,Operating India thermal-power facility from GEM GIPT. Confirm FIRMS-source association before benchmark inclusion.
GEM_GIPT,L100000102371,Vindhyachal power station,thermal_power,India,Madhya Pradesh,24.0983,82.6719,operating,HIGH,Global Energy Monitor Global Integrated Power Tracker,https://globalenergymonitor.org/projects/global-integrated-power-tracker,NEEDS_REVIEW,Operating India thermal-power facility from GEM GIPT. Confirm FIRMS-source association before benchmark inclusion.
GEM_GIPT,L100000102371,Vindhyachal power station,thermal_power,India,Madhya Pradesh,24.0983,82.6719,operating,HIGH,Global Energy Monitor Global Integrated Power Tracker,https://globalenergymonitor.org/projects/global-integrated-power-tracker,NEEDS_REVIEW,Operating India thermal-power facility from GEM GIPT. Confirm FIRMS-source association before benchmark inclusion.
GEM_GIPT,L100000102371,Vindhyachal power station,thermal_power,India,Madhya Pradesh,24.0983,82.6719,operating,HIGH,Global Energy Monitor Global Integrated Power Tracker,https://globalenergymonitor.org/projects/global-integrated-power-tracker,NEEDS_REVIEW,Operating India thermal-power facility from GEM GIPT. Confirm FIRMS-source association before benchmark inclusion.
GEM_GIPT,L100000102371,Vindhyachal power station,thermal_power,India,Madhya Pradesh,24.0983,82.6719,operating,HIGH,Global Energy Monitor Global Integrated Power Tracker,https://globalenergymonitor.org/projects/global-integrated-power-tracker,NEEDS_REVIEW,Operating India thermal-power facility from GEM GIPT. Confirm FIRMS-source association before benchmark inclusion.
GEM_GIPT,L100000102371,Vindhyachal power station,thermal_power,India,Madhya Pradesh,24.0983,82.6719,operating,HIGH,Global Energy Monitor Global Integrated Power Tracker,https://globalenergymonitor.org/projects/global-integrated-power-tracker,NEEDS_REVIEW,Operating India thermal-power facility from GEM GIPT. Confirm FIRMS-source association before benchmark inclusion.
GEM_GIPT,L100000102371,Vindhyachal power station,thermal_power,India,Madhya Pradesh,24.0983,82.6719,operating,HIGH,Global Energy Monitor Global Integrated Power Tracker,https://globalenergymonitor.org/projects/global-integrated-power-tracker,NEEDS_REVIEW,Operating India thermal-power facility from GEM GIPT. Confirm FIRMS-source association before benchmark inclusion.
GEM_GIPT,L100000102371,Vindhyachal power station,thermal_power,India,Madhya Pradesh,24.0983,82.6719,operating,HIGH,Global Energy Monitor Global Integrated Power Tracker,https://globalenergymonitor.org/projects/global-integrated-power-tracker,NEEDS_REVIEW,Operating India thermal-power facility from GEM GIPT. Confirm FIRMS-source association before benchmark inclusion.
GEM_GIPT,L100000102371,Vindhyachal power station,thermal_power,India,Madhya Pradesh,24.0983,82.6719,operating,HIGH,Global Energy Monitor Global Integrated Power Tracker,https://globalenergymonitor.org/projects/global-integrated-power-tracker,NEEDS_REVIEW,Operating India thermal-power facility from GEM GIPT. Confirm FIRMS-source association before benchmark inclusion.
GEM_GIPT,L100000102371,Vindhyachal power station,thermal_power,India,Madhya Pradesh,24.0983,82.6719,operating,HIGH,Global Energy Monitor Global Integrated Power Tracker,https://globalenergymonitor.org/projects/global-integrated-power-tracker,NEEDS_REVIEW,Operating India thermal-power facility from GEM GIPT. Confirm FIRMS-source association before benchmark inclusion.
GEM_GIPT,L100000102371,Vindhyachal power station,thermal_power,India,Madhya Pradesh,24.0983,82.6719,operating,HIGH,Global Energy Monitor Global Integrated Power Tracker,https://globalenergymonitor.org/projects/global-integrated-power-tracker,NEEDS_REVIEW,Operating India thermal-power facility from GEM GIPT. Confirm FIRMS-source association before benchmark inclusion.
GEM_GIPT,L100000102371,Vindhyachal power station,thermal_power,India,Madhya Pradesh,24.0983,82.6719,operating,HIGH,Global Energy Monitor Global Integrated Power Tracker,https://globalenergymonitor.org/projects/global-integrated-power-tracker,NEEDS_REVIEW,Operating India thermal-power facility from GEM GIPT. Confirm FIRMS-source association before benchmark inclusion.
GEM_GIPT,L100000102371,Vindhyachal power station,thermal_power,India,Madhya Pradesh,24.0983,82.6719,operating,HIGH,Global Energy Monitor Global Integrated Power Tracker,https://globalenergymonitor.org/projects/global-integrated-power-tracker,NEEDS_REVIEW,Operating India thermal-power facility from GEM GIPT. Confirm FIRMS-source association before benchmark inclusion.
GEM_GIPT,L100000102371,Vindhyachal power station,thermal_power,India,Madhya Pradesh,24.0983,82.6719,operating,HIGH,Global Energy Monitor Global Integrated Power Tracker,https://globalenergymonitor.org/projects/global-integrated-power-tracker,NEEDS_REVIEW,Operating India thermal-power facility from GEM GIPT. Confirm FIRMS-source association before benchmark inclusion.
GEM_GIPT,L100000102079,Visakhapatnam Sarda power station,thermal_power,India,Andhra Pradesh,17.7202459,83.2717317,operating,HIGH,Global Energy Monitor Global Integrated Power Tracker,https://globalenergymonitor.org/projects/global-integrated-power-tracker,NEEDS_REVIEW,Operating India thermal-power facility from GEM GIPT. Confirm FIRMS-source association before benchmark inclusion.
GEM_GIPT,L100000102081,Vizag Simhadri power station,thermal_power,India,Andhra Pradesh,17.636926,83.193133,operating,HIGH,Global Energy Monitor Global Integrated Power Tracker,https://globalenergymonitor.org/projects/global-integrated-power-tracker,NEEDS_REVIEW,Operating India thermal-power facility from GEM GIPT. Confirm FIRMS-source association before benchmark inclusion.
GEM_GIPT,L100000102082,Vizag Steel Plant power station,thermal_power,India,Andhra Pradesh,17.606547,83.196713,operating,HIGH,Global Energy Monitor Global Integrated Power Tracker,https://globalenergymonitor.org/projects/global-integrated-power-tracker,NEEDS_REVIEW,Operating India thermal-power facility from GEM GIPT. Confirm FIRMS-source association before benchmark inclusion.
GEM_GIPT,L100000102082,Vizag Steel Plant power station,thermal_power,India,Andhra Pradesh,17.606547,83.196713,operating,HIGH,Global Energy Monitor Global Integrated Power Tracker,https://globalenergymonitor.org/projects/global-integrated-power-tracker,NEEDS_REVIEW,Operating India thermal-power facility from GEM GIPT. Confirm FIRMS-source association before benchmark inclusion.
GEM_GIPT,L100000102082,Vizag Steel Plant power station,thermal_power,India,Andhra Pradesh,17.606547,83.196713,operating,HIGH,Global Energy Monitor Global Integrated Power Tracker,https://globalenergymonitor.org/projects/global-integrated-power-tracker,NEEDS_REVIEW,Operating India thermal-power facility from GEM GIPT. Confirm FIRMS-source association before benchmark inclusion.
GEM_GIPT,L100000102082,Vizag Steel Plant power station,thermal_power,India,Andhra Pradesh,17.606547,83.196713,operating,HIGH,Global Energy Monitor Global Integrated Power Tracker,https://globalenergymonitor.org/projects/global-integrated-power-tracker,NEEDS_REVIEW,Operating India thermal-power facility from GEM GIPT. Confirm FIRMS-source association before benchmark inclusion.
GEM_GIPT,L100000102082,Vizag Steel Plant power station,thermal_power,India,Andhra Pradesh,17.606547,83.196713,operating,HIGH,Global Energy Monitor Global Integrated Power Tracker,https://globalenergymonitor.org/projects/global-integrated-power-tracker,NEEDS_REVIEW,Operating India thermal-power facility from GEM GIPT. Confirm FIRMS-source association before benchmark inclusion.
GEM_GIPT,L100000102083,Vizag Thermal Power Plant,thermal_power,India,Andhra Pradesh,17.563642,83.138877,operating,HIGH,Global Energy Monitor Global Integrated Power Tracker,https://globalenergymonitor.org/projects/global-integrated-power-tracker,NEEDS_REVIEW,Operating India thermal-power facility from GEM GIPT. Confirm FIRMS-source association before benchmark inclusion.
GEM_GIPT,L100000102083,Vizag Thermal Power Plant,thermal_power,India,Andhra Pradesh,17.563642,83.138877,operating,HIGH,Global Energy Monitor Global Integrated Power Tracker,https://globalenergymonitor.org/projects/global-integrated-power-tracker,NEEDS_REVIEW,Operating India thermal-power facility from GEM GIPT. Confirm FIRMS-source association before benchmark inclusion.
GEM_GIPT,L100000102535,VS Lignite Plant,thermal_power,India,Rajasthan,27.8567,72.8577,operating,HIGH,Global Energy Monitor Global Integrated Power Tracker,https://globalenergymonitor.org/projects/global-integrated-power-tracker,NEEDS_REVIEW,Operating India thermal-power facility from GEM GIPT. Confirm FIRMS-source association before benchmark inclusion.
GEM_GIPT,L100000102233,Wanakbori Thermal Power Station,thermal_power,India,Gujarat,22.8725375,73.3588028,operating,HIGH,Global Energy Monitor Global Integrated Power Tracker,https://globalenergymonitor.org/projects/global-integrated-power-tracker,NEEDS_REVIEW,Operating India thermal-power facility from GEM GIPT. Confirm FIRMS-source association before benchmark inclusion.
GEM_GIPT,L100000102233,Wanakbori Thermal Power Station,thermal_power,India,Gujarat,22.8725375,73.3588028,operating,HIGH,Global Energy Monitor Global Integrated Power Tracker,https://globalenergymonitor.org/projects/global-integrated-power-tracker,NEEDS_REVIEW,Operating India thermal-power facility from GEM GIPT. Confirm FIRMS-source association before benchmark inclusion.
GEM_GIPT,L100000102233,Wanakbori Thermal Power Station,thermal_power,India,Gujarat,22.8725375,73.3588028,operating,HIGH,Global Energy Monitor Global Integrated Power Tracker,https://globalenergymonitor.org/projects/global-integrated-power-tracker,NEEDS_REVIEW,Operating India thermal-power facility from GEM GIPT. Confirm FIRMS-source association before benchmark inclusion.
GEM_GIPT,L100000102233,Wanakbori Thermal Power Station,thermal_power,India,Gujarat,22.8725375,73.3588028,operating,HIGH,Global Energy Monitor Global Integrated Power Tracker,https://globalenergymonitor.org/projects/global-integrated-power-tracker,NEEDS_REVIEW,Operating India thermal-power facility from GEM GIPT. Confirm FIRMS-source association before benchmark inclusion.
GEM_GIPT,L100000102233,Wanakbori Thermal Power Station,thermal_power,India,Gujarat,22.8725375,73.3588028,operating,HIGH,Global Energy Monitor Global Integrated Power Tracker,https://globalenergymonitor.org/projects/global-integrated-power-tracker,NEEDS_REVIEW,Operating India thermal-power facility from GEM GIPT. Confirm FIRMS-source association before benchmark inclusion.
GEM_GIPT,L100000102233,Wanakbori Thermal Power Station,thermal_power,India,Gujarat,22.8725375,73.3588028,operating,HIGH,Global Energy Monitor Global Integrated Power Tracker,https://globalenergymonitor.org/projects/global-integrated-power-tracker,NEEDS_REVIEW,Operating India thermal-power facility from GEM GIPT. Confirm FIRMS-source association before benchmark inclusion.
GEM_GIPT,L100000102233,Wanakbori Thermal Power Station,thermal_power,India,Gujarat,22.8725375,73.3588028,operating,HIGH,Global Energy Monitor Global Integrated Power Tracker,https://globalenergymonitor.org/projects/global-integrated-power-tracker,NEEDS_REVIEW,Operating India thermal-power facility from GEM GIPT. Confirm FIRMS-source association before benchmark inclusion.
GEM_GIPT,L100000102233,Wanakbori Thermal Power Station,thermal_power,India,Gujarat,22.8801884,73.3649182,operating,HIGH,Global Energy Monitor Global Integrated Power Tracker,https://globalenergymonitor.org/projects/global-integrated-power-tracker,NEEDS_REVIEW,Operating India thermal-power facility from GEM GIPT. Confirm FIRMS-source association before benchmark inclusion.
GEM_GIPT,L100000102436,Wardha Warora Power Plant,thermal_power,India,Maharashtra,20.272443,78.978916,operating,HIGH,Global Energy Monitor Global Integrated Power Tracker,https://globalenergymonitor.org/projects/global-integrated-power-tracker,NEEDS_REVIEW,Operating India thermal-power facility from GEM GIPT. Confirm FIRMS-source association before benchmark inclusion.
GEM_GIPT,L100000102436,Wardha Warora Power Plant,thermal_power,India,Maharashtra,20.272443,78.978916,operating,HIGH,Global Energy Monitor Global Integrated Power Tracker,https://globalenergymonitor.org/projects/global-integrated-power-tracker,NEEDS_REVIEW,Operating India thermal-power facility from GEM GIPT. Confirm FIRMS-source association before benchmark inclusion.
GEM_GIPT,L100000102436,Wardha Warora Power Plant,thermal_power,India,Maharashtra,20.272443,78.978916,operating,HIGH,Global Energy Monitor Global Integrated Power Tracker,https://globalenergymonitor.org/projects/global-integrated-power-tracker,NEEDS_REVIEW,Operating India thermal-power facility from GEM GIPT. Confirm FIRMS-source association before benchmark inclusion.
GEM_GIPT,L100000102436,Wardha Warora Power Plant,thermal_power,India,Maharashtra,20.272443,78.978916,operating,HIGH,Global Energy Monitor Global Integrated Power Tracker,https://globalenergymonitor.org/projects/global-integrated-power-tracker,NEEDS_REVIEW,Operating India thermal-power facility from GEM GIPT. Confirm FIRMS-source association before benchmark inclusion.
GEM_GIPT,L100000102437,Wardha Works power station,thermal_power,India,Maharashtra,20.7089494,78.6281506,operating,HIGH,Global Energy Monitor Global Integrated Power Tracker,https://globalenergymonitor.org/projects/global-integrated-power-tracker,NEEDS_REVIEW,Operating India thermal-power facility from GEM GIPT. Confirm FIRMS-source association before benchmark inclusion.
GEM_GIPT,L100000102437,Wardha Works power station,thermal_power,India,Maharashtra,20.7089494,78.6281506,operating,HIGH,Global Energy Monitor Global Integrated Power Tracker,https://globalenergymonitor.org/projects/global-integrated-power-tracker,NEEDS_REVIEW,Operating India thermal-power facility from GEM GIPT. Confirm FIRMS-source association before benchmark inclusion.
GEM_GIPT,L100000102608,Yadadri power station,thermal_power,India,Telangana,16.708219,79.581184,operating,HIGH,Global Energy Monitor Global Integrated Power Tracker,https://globalenergymonitor.org/projects/global-integrated-power-tracker,NEEDS_REVIEW,Operating India thermal-power facility from GEM GIPT. Confirm FIRMS-source association before benchmark inclusion.
GEM_GIPT,L100000102608,Yadadri power station,thermal_power,India,Telangana,16.708219,79.581184,operating,HIGH,Global Energy Monitor Global Integrated Power Tracker,https://globalenergymonitor.org/projects/global-integrated-power-tracker,NEEDS_REVIEW,Operating India thermal-power facility from GEM GIPT. Confirm FIRMS-source association before benchmark inclusion.
GEM_GIPT,L100000102608,Yadadri power station,thermal_power,India,Telangana,16.708219,79.581184,operating,HIGH,Global Energy Monitor Global Integrated Power Tracker,https://globalenergymonitor.org/projects/global-integrated-power-tracker,NEEDS_REVIEW,Operating India thermal-power facility from GEM GIPT. Confirm FIRMS-source association before benchmark inclusion.
GEM_GIPT,L100000102608,Yadadri power station,thermal_power,India,Telangana,16.708219,79.581184,operating,HIGH,Global Energy Monitor Global Integrated Power Tracker,https://globalenergymonitor.org/projects/global-integrated-power-tracker,NEEDS_REVIEW,Operating India thermal-power facility from GEM GIPT. Confirm FIRMS-source association before benchmark inclusion.
GEM_GIPT,L100000102315,Yermarus power station,thermal_power,India,Karnataka,16.295261,77.35612,operating,HIGH,Global Energy Monitor Global Integrated Power Tracker,https://globalenergymonitor.org/projects/global-integrated-power-tracker,NEEDS_REVIEW,Operating India thermal-power facility from GEM GIPT. Confirm FIRMS-source association before benchmark inclusion.
GEM_GIPT,L100000102315,Yermarus power station,thermal_power,India,Karnataka,16.295261,77.35612,operating,HIGH,Global Energy Monitor Global Integrated Power Tracker,https://globalenergymonitor.org/projects/global-integrated-power-tracker,NEEDS_REVIEW,Operating India thermal-power facility from GEM GIPT. Confirm FIRMS-source association before benchmark inclusion.
GEM_GIPT,L100000102536,Zawar Mines power station,thermal_power,India,Rajasthan,24.3497957,73.7486207,operating,HIGH,Global Energy Monitor Global Integrated Power Tracker,https://globalenergymonitor.org/projects/global-integrated-power-tracker,NEEDS_REVIEW,Operating India thermal-power facility from GEM GIPT. Confirm FIRMS-source association before benchmark inclusion.
