site_id,latitude,longitude
INDIA_PROMOTED_000001,20.88515,81.82932999999998
INDIA_PROMOTED_000002,21.852093333333332,82.67767666666667
INDIA_PROMOTED_000003,21.938820000000003,83.04509999999999
INDIA_PROMOTED_000004,28.132763333333333,95.45171
INDIA_PROMOTED_000005,18.166473333333332,79.51218666666666
INDIA_PROMOTED_000006,18.290856666666667,79.73358333333333
INDIA_PROMOTED_000007,18.309506666666667,79.92003333333334
INDIA_PROMOTED_000008,18.339153333333332,79.56672666666667
INDIA_PROMOTED_000009,18.3902,79.41283
INDIA_PROMOTED_000010,18.51197,79.58672999999999
INDIA_PROMOTED_000011,18.529376666666668,79.51449666666667
INDIA_PROMOTED_000012,18.541353333333333,79.24554666666666
INDIA_PROMOTED_000013,18.588976666666667,79.30832666666667
INDIA_PROMOTED_000014,18.648843333333332,79.31411
INDIA_PROMOTED_000015,18.736786666666664,79.75087
INDIA_PROMOTED_000016,19.037786666666666,78.90809666666667
INDIA_PROMOTED_000017,19.06412,78.92752333333334
INDIA_PROMOTED_000018,19.99382333333333,80.63432333333334
INDIA_PROMOTED_000019,20.497096666666664,81.39258666666666
INDIA_PROMOTED_000020,20.496426666666665,81.35397666666667
INDIA_PROMOTED_000021,21.166736666666665,82.08389333333334
INDIA_PROMOTED_000022,21.855146666666666,82.68601333333332
INDIA_PROMOTED_000023,21.91459,82.90112999999998
INDIA_PROMOTED_000024,22.129076666666666,72.22756666666666
INDIA_PROMOTED_000025,22.137426666666666,72.23201
INDIA_PROMOTED_000026,22.14927666666667,72.24974666666667
INDIA_PROMOTED_000027,22.150503333333333,72.23274666666667
INDIA_PROMOTED_000028,22.15603,72.24728333333333
INDIA_PROMOTED_000029,30.47018,73.44365
INDIA_PROMOTED_000030,31.850283333333334,76.80119
INDIA_PROMOTED_000031,31.92609333333333,74.34319333333333
INDIA_PROMOTED_000032,32.09544666666667,74.7291
INDIA_PROMOTED_000033,33.03127666666666,71.35067333333335
INDIA_PROMOTED_000034,20.96305,85.16472333333333
INDIA_PROMOTED_000035,20.96448666666667,85.18956333333334
INDIA_PROMOTED_000036,23.775816666666667,86.36553333333332
INDIA_PROMOTED_000037,23.77862,86.38933000000002
INDIA_PROMOTED_000038,23.803473333333333,86.33049000000001
INDIA_PROMOTED_000039,6.22314,81.10016666666667
INDIA_PROMOTED_000040,21.746223333333333,83.84272
INDIA_PROMOTED_000041,21.782233333333334,83.83069
INDIA_PROMOTED_000042,22.316779999999998,82.53437333333333
INDIA_PROMOTED_000043,15.181646666666666,76.67639
INDIA_PROMOTED_000044,26.69338666666667,96.63725
INDIA_PROMOTED_000045,27.264496666666663,90.01413666666667
INDIA_PROMOTED_000046,13.616213333333334,80.00867333333333
INDIA_PROMOTED_000047,14.140210000000002,79.07502666666666
INDIA_PROMOTED_000048,14.46251,79.68154333333332
INDIA_PROMOTED_000049,15.177336666666667,76.65607999999999
INDIA_PROMOTED_000050,16.763443333333335,81.55669666666667
INDIA_PROMOTED_000051,16.76713666666667,81.57499666666666
INDIA_PROMOTED_000052,17.228233333333332,79.56783333333333
INDIA_PROMOTED_000053,18.173936666666666,79.31304333333334
INDIA_PROMOTED_000054,18.20553333333333,79.29254666666667
INDIA_PROMOTED_000055,18.21710333333333,79.49590666666667
INDIA_PROMOTED_000056,18.22318,79.35107666666667
INDIA_PROMOTED_000057,18.233673333333332,79.78982
INDIA_PROMOTED_000058,18.415533333333332,79.61005
INDIA_PROMOTED_000059,18.44169666666667,79.73032333333333
INDIA_PROMOTED_000060,18.499436666666668,79.42096
INDIA_PROMOTED_000061,18.57618666666667,79.88764
INDIA_PROMOTED_000062,18.813916666666668,78.96478
INDIA_PROMOTED_000063,18.831979999999998,79.47261666666667
INDIA_PROMOTED_000064,18.85744,78.77308666666666
INDIA_PROMOTED_000065,18.898713333333333,79.85433333333333
INDIA_PROMOTED_000066,19.02193,77.96544333333333
INDIA_PROMOTED_000067,20.140473333333333,77.91378333333334
INDIA_PROMOTED_000068,20.693843333333334,81.62748666666668
INDIA_PROMOTED_000069,20.698233333333334,81.63942000000002
INDIA_PROMOTED_000070,20.707083333333333,81.63830333333334
INDIA_PROMOTED_000071,20.758243333333336,81.90838333333333
INDIA_PROMOTED_000072,20.81514,77.40120333333333
INDIA_PROMOTED_000073,20.82405,77.38864666666667
INDIA_PROMOTED_000074,20.829213333333335,77.39639666666666
INDIA_PROMOTED_000075,21.648103333333335,83.36047
INDIA_PROMOTED_000076,21.674400000000002,83.36940666666666
INDIA_PROMOTED_000077,21.908636666666666,82.72933
INDIA_PROMOTED_000078,22.071706666666667,82.36181333333333
INDIA_PROMOTED_000079,22.155263333333334,82.19765333333334
INDIA_PROMOTED_000080,22.178263333333334,82.15966333333334
INDIA_PROMOTED_000081,23.7112,86.45051000000001
INDIA_PROMOTED_000082,23.73796,86.43472666666666
INDIA_PROMOTED_000083,24.7745,76.96877666666667
INDIA_PROMOTED_000084,26.605746666666665,80.65228666666667
INDIA_PROMOTED_000085,30.40367333333333,73.70171333333333
INDIA_PROMOTED_000086,32.34977,74.45461666666667
INDIA_PROMOTED_000087,20.9678,86.01943
INDIA_PROMOTED_000088,20.784166666666668,85.26457
INDIA_PROMOTED_000089,20.80566,85.25652000000001
INDIA_PROMOTED_000090,20.970336666666668,85.1548
INDIA_PROMOTED_000091,20.97849666666667,85.13489333333332
INDIA_PROMOTED_000092,21.75556333333333,83.84276666666666
INDIA_PROMOTED_000093,21.756883333333334,84.02502333333334
INDIA_PROMOTED_000094,22.05279333333333,83.71998666666667
INDIA_PROMOTED_000095,22.33178,82.57253333333333
INDIA_PROMOTED_000096,23.438506666666665,68.71855000000001
INDIA_PROMOTED_000097,23.676059999999996,86.40049
INDIA_PROMOTED_000098,19.634069999999998,73.35127333333332
INDIA_PROMOTED_000099,16.547903333333334,80.45856333333332
INDIA_PROMOTED_000100,16.628603333333334,81.12393333333334
INDIA_PROMOTED_000101,17.94901,80.78602
INDIA_PROMOTED_000102,18.40435,79.98751
INDIA_PROMOTED_000103,18.56799666666667,79.60420333333333
INDIA_PROMOTED_000104,18.80479,79.99194333333334
INDIA_PROMOTED_000105,19.283426666666667,71.43746666666665
INDIA_PROMOTED_000106,20.77017,81.72750666666667
INDIA_PROMOTED_000107,20.781956666666666,81.90389
INDIA_PROMOTED_000108,20.863606666666666,84.98981333333332
INDIA_PROMOTED_000109,20.971986666666666,85.17821666666667
INDIA_PROMOTED_000110,21.17454,81.99164666666667
INDIA_PROMOTED_000111,21.250003333333336,79.20993333333334
INDIA_PROMOTED_000112,21.655223333333335,83.32708333333333
INDIA_PROMOTED_000113,21.654733333333336,83.31202
INDIA_PROMOTED_000114,21.6827,81.69683
INDIA_PROMOTED_000115,21.797726666666666,83.88241000000001
INDIA_PROMOTED_000116,21.7961,82.62909666666667
INDIA_PROMOTED_000117,21.802756666666667,82.65188
INDIA_PROMOTED_000118,21.806783333333332,82.63098333333333
INDIA_PROMOTED_000119,21.809749999999998,82.64404666666667
INDIA_PROMOTED_000120,21.814513333333334,82.66137666666667
INDIA_PROMOTED_000121,21.85957,82.70044333333333
INDIA_PROMOTED_000122,21.86849666666667,82.67834333333333
INDIA_PROMOTED_000123,21.86603,82.62594
INDIA_PROMOTED_000124,21.87864666666667,82.59252
INDIA_PROMOTED_000125,21.889703333333333,82.67403333333334
INDIA_PROMOTED_000126,21.88970333333333,82.68428666666667
INDIA_PROMOTED_000127,21.892763333333335,82.43887000000001
INDIA_PROMOTED_000128,21.92011666666667,82.69182333333333
INDIA_PROMOTED_000129,22.160236666666666,82.24852333333332
INDIA_PROMOTED_000130,22.167199999999998,82.16728666666667
INDIA_PROMOTED_000131,22.16814666666667,82.20288
INDIA_PROMOTED_000132,22.172036666666667,82.23792
INDIA_PROMOTED_000133,22.181006666666665,82.18885
INDIA_PROMOTED_000134,22.19841,82.20157666666667
INDIA_PROMOTED_000135,22.24236666666667,82.19768333333333
INDIA_PROMOTED_000136,21.272466666666666,70.05284666666667
INDIA_PROMOTED_000137,23.088303333333332,68.79067333333334
INDIA_PROMOTED_000138,26.93471,87.46625666666667
INDIA_PROMOTED_000139,28.015126666666664,83.24983
INDIA_PROMOTED_000140,28.05830333333333,68.96400666666666
INDIA_PROMOTED_000141,29.19247,79.42995333333333
INDIA_PROMOTED_000142,30.92041,76.99512333333332
INDIA_PROMOTED_000143,37.91708,68.26489
INDIA_PROMOTED_000144,32.619483333333335,75.96642666666666
INDIA_PROMOTED_000145,33.03885666666667,74.18879666666666
INDIA_PROMOTED_000146,23.722463333333337,85.00825333333333
INDIA_PROMOTED_000147,23.78228,85.57531
INDIA_PROMOTED_000148,23.795396666666665,86.35364666666665
INDIA_PROMOTED_000149,29.6973,78.46440333333332
INDIA_PROMOTED_000150,17.60108,83.18324000000001
INDIA_PROMOTED_000151,18.96562,78.92774000000001
INDIA_PROMOTED_000152,20.979336666666665,85.17122
INDIA_PROMOTED_000153,21.103063333333335,72.65186
INDIA_PROMOTED_000154,21.375846666666664,81.68365
INDIA_PROMOTED_000155,21.50146666666667,81.81063999999999
INDIA_PROMOTED_000156,28.403896666666668,68.11039666666666
INDIA_PROMOTED_000157,28.47654,68.23322333333333
INDIA_PROMOTED_000158,11.911226666666666,79.57065666666666
INDIA_PROMOTED_000159,16.748176666666666,81.62865
INDIA_PROMOTED_000160,16.766569999999998,81.54654000000001
INDIA_PROMOTED_000161,16.844536666666666,80.65696000000001
INDIA_PROMOTED_000162,16.901506666666666,79.61852333333333
INDIA_PROMOTED_000163,16.95769,79.98478666666666
INDIA_PROMOTED_000164,17.163083333333333,80.15805
INDIA_PROMOTED_000165,17.366673333333335,79.58132666666667
INDIA_PROMOTED_000166,18.250133333333334,79.10584
INDIA_PROMOTED_000167,18.603716666666667,79.83353666666667
INDIA_PROMOTED_000168,18.618566666666666,79.53661333333332
INDIA_PROMOTED_000169,20.68016666666667,79.73346
INDIA_PROMOTED_000170,20.791443333333333,81.83175
INDIA_PROMOTED_000171,20.88905,84.98251333333333
INDIA_PROMOTED_000172,20.98992,80.89152666666666
INDIA_PROMOTED_000173,21.00073666666667,86.02748666666666
INDIA_PROMOTED_000174,21.64403333333333,81.59083333333332
INDIA_PROMOTED_000175,21.710539999999998,82.48989
INDIA_PROMOTED_000176,21.754656666666666,81.82966666666665
INDIA_PROMOTED_000177,21.819256666666664,82.67970666666668
INDIA_PROMOTED_000178,21.83426333333333,82.66565
INDIA_PROMOTED_000179,22.736393333333336,72.28527000000001
INDIA_PROMOTED_000180,23.625673333333335,85.6758
INDIA_PROMOTED_000181,23.69100333333333,87.09977333333332
INDIA_PROMOTED_000182,28.095153333333332,83.08705666666667
INDIA_PROMOTED_000183,28.448533333333334,69.54746333333334
INDIA_PROMOTED_000184,28.701463333333333,82.03323999999999
INDIA_PROMOTED_000185,29.267453333333332,80.81630666666668
INDIA_PROMOTED_000186,30.140109999999996,76.57256333333333
INDIA_PROMOTED_000187,30.22381,73.33821333333333
INDIA_PROMOTED_000188,30.76204,73.73313
INDIA_PROMOTED_000189,33.03390666666667,74.37903666666666
INDIA_PROMOTED_000190,33.05518333333333,74.10493333333334
INDIA_PROMOTED_000191,35.98614666666666,68.60043666666667
INDIA_PROMOTED_000192,23.459756666666667,72.02412333333332
INDIA_PROMOTED_000193,28.3977,69.24469
INDIA_PROMOTED_000194,27.334686666666666,85.94358333333332
INDIA_PROMOTED_000195,27.40939333333333,85.80340999999999
INDIA_PROMOTED_000196,30.330136666666665,79.29856666666666
INDIA_PROMOTED_000197,20.962103333333335,85.17462333333333
INDIA_PROMOTED_000198,20.97053,85.12607333333334
INDIA_PROMOTED_000199,21.074386666666665,85.04798
INDIA_PROMOTED_000200,22.798006666666666,86.20662666666668
INDIA_PROMOTED_000201,23.68949333333333,86.39092666666666
INDIA_PROMOTED_000202,23.78388,86.34348999999999
INDIA_PROMOTED_000203,20.423113333333333,80.35202333333332
INDIA_PROMOTED_000204,21.10733,72.63378666666667
INDIA_PROMOTED_000205,34.71166,71.90440333333333
INDIA_PROMOTED_000206,16.27980666666667,81.22737666666666
INDIA_PROMOTED_000207,16.67161666666667,81.33475666666666
INDIA_PROMOTED_000208,16.80041,81.31492333333334
INDIA_PROMOTED_000209,17.313243333333336,81.10264333333333
INDIA_PROMOTED_000210,18.135973333333332,79.60471666666668
INDIA_PROMOTED_000211,18.609309999999997,79.27712333333334
INDIA_PROMOTED_000212,19.037606666666665,79.84836333333332
INDIA_PROMOTED_000213,19.209596666666666,79.57256333333333
INDIA_PROMOTED_000214,19.236136666666667,83.36238
INDIA_PROMOTED_000215,19.957293333333336,80.57638333333334
INDIA_PROMOTED_000216,20.8009,82.45483999999999
INDIA_PROMOTED_000217,20.994033333333334,83.81227999999999
INDIA_PROMOTED_000218,20.705090000000002,79.94837666666666
INDIA_PROMOTED_000219,20.72059,79.61223333333334
INDIA_PROMOTED_000220,21.308423333333334,82.93653666666667
INDIA_PROMOTED_000221,21.404359999999997,84.02739666666668
INDIA_PROMOTED_000222,21.62326333333333,84.01538666666666
INDIA_PROMOTED_000223,21.735783333333334,83.13075333333333
INDIA_PROMOTED_000224,21.7386,83.84030333333334
INDIA_PROMOTED_000225,21.86261,82.66100666666667
INDIA_PROMOTED_000226,21.87236,82.66437666666667
INDIA_PROMOTED_000227,21.93656,82.38288999999999
INDIA_PROMOTED_000228,22.024136666666664,82.09597333333333
INDIA_PROMOTED_000229,22.05062,83.72839333333333
INDIA_PROMOTED_000230,22.200753333333335,82.21714666666668
INDIA_PROMOTED_000231,22.331419999999998,82.60591666666666
INDIA_PROMOTED_000232,23.06408,83.04947333333332
INDIA_PROMOTED_000233,23.79831,78.06499000000001
INDIA_PROMOTED_000234,27.35159333333333,86.02562333333333
INDIA_PROMOTED_000235,28.32585333333333,83.14607666666666
INDIA_PROMOTED_000236,31.869613333333334,74.45349
INDIA_PROMOTED_000237,32.204816666666666,74.51624
INDIA_PROMOTED_000238,19.59882,73.33838
INDIA_PROMOTED_000239,21.37451,74.99522
INDIA_PROMOTED_000240,21.89967,74.15143
INDIA_PROMOTED_000241,22.727680000000003,71.69638666666667
INDIA_PROMOTED_000242,23.546556666666664,77.89689666666668
INDIA_PROMOTED_000243,27.618203333333337,67.71863
INDIA_PROMOTED_000244,28.40685666666667,68.61413666666667
INDIA_PROMOTED_000245,30.496943333333334,72.33154
INDIA_PROMOTED_000246,31.864863333333332,74.27940000000001
INDIA_PROMOTED_000247,33.02959666666667,74.09726666666667
INDIA_PROMOTED_000248,32.54035,75.91708
INDIA_PROMOTED_000249,32.66061333333334,75.99239333333333
INDIA_PROMOTED_000250,20.864926666666666,79.24279666666666
INDIA_PROMOTED_000251,20.973143333333336,86.00261666666665
INDIA_PROMOTED_000252,25.033553333333334,87.39206
INDIA_PROMOTED_000253,23.75746666666667,86.40561000000001
INDIA_PROMOTED_000254,24.18030333333333,82.65150333333332
INDIA_PROMOTED_000255,33.00828,74.34749
INDIA_PROMOTED_000256,33.009629999999994,75.1484
INDIA_PROMOTED_000257,33.22168,73.98015
INDIA_PROMOTED_000258,34.70226666666667,71.90416333333333
INDIA_PROMOTED_000259,34.84978,71.88856333333332
INDIA_PROMOTED_000260,28.207103333333333,67.93891333333333
INDIA_PROMOTED_000261,28.34327,68.18293666666666
INDIA_PROMOTED_000262,28.40434666666667,68.06036333333334
INDIA_PROMOTED_000263,28.460346666666666,68.18191666666667
INDIA_PROMOTED_000264,28.482376666666667,68.21764666666667
INDIA_PROMOTED_000265,19.57336666666667,71.36451000000001
INDIA_PROMOTED_000266,20.724076666666665,81.67371666666666
INDIA_PROMOTED_000267,20.77758,81.75211333333334
INDIA_PROMOTED_000268,21.156923333333335,82.09388666666668
INDIA_PROMOTED_000269,21.32679,80.42520999999999
INDIA_PROMOTED_000270,21.34398333333333,80.45064666666667
INDIA_PROMOTED_000271,21.521740000000005,84.08172666666667
INDIA_PROMOTED_000272,21.90040666666667,82.43479666666667
INDIA_PROMOTED_000273,21.918419999999998,82.54594666666667
INDIA_PROMOTED_000274,23.979736666666668,90.93649666666666
INDIA_PROMOTED_000275,24.486620000000002,91.12460333333333
INDIA_PROMOTED_000276,24.525586666666666,91.18495666666666
INDIA_PROMOTED_000277,24.609289999999998,91.24440333333332
INDIA_PROMOTED_000278,24.706986666666666,91.13798333333334
INDIA_PROMOTED_000279,24.99248,91.14020666666666
INDIA_PROMOTED_000280,25.07847,90.84560666666668
INDIA_PROMOTED_000281,25.14117333333333,91.00680999999999
INDIA_PROMOTED_000282,25.14437,90.99114999999999
INDIA_PROMOTED_000283,17.348356666666664,80.86317333333334
INDIA_PROMOTED_000284,19.90382,83.89476333333333
INDIA_PROMOTED_000285,20.385326666666668,94.78632333333333
INDIA_PROMOTED_000286,20.886643333333335,96.03974333333333
INDIA_PROMOTED_000287,20.975863333333333,96.00964666666665
INDIA_PROMOTED_000288,21.44425,96.28513666666667
INDIA_PROMOTED_000289,23.56287,79.22322333333334
INDIA_PROMOTED_000290,26.09192333333333,90.55529333333334
INDIA_PROMOTED_000291,26.37013,90.27493
INDIA_PROMOTED_000292,26.374983333333333,90.47780999999999
INDIA_PROMOTED_000293,29.200100000000003,79.44293666666667
INDIA_PROMOTED_000294,31.25675,77.17417
INDIA_PROMOTED_000295,6.871536666666667,81.60749
INDIA_PROMOTED_000296,12.390243333333336,79.51314666666666
INDIA_PROMOTED_000297,17.238036666666662,73.49227666666667
INDIA_PROMOTED_000298,17.625876666666667,80.13724666666667
INDIA_PROMOTED_000299,17.710496666666668,79.73170666666667
INDIA_PROMOTED_000300,17.899423333333335,79.59886666666667
INDIA_PROMOTED_000301,17.927809999999997,79.97998333333334
INDIA_PROMOTED_000302,18.088633333333334,79.78581333333334
INDIA_PROMOTED_000303,18.097806666666667,79.78068
INDIA_PROMOTED_000304,18.28035,79.2826
INDIA_PROMOTED_000305,18.779516666666666,78.98881666666666
INDIA_PROMOTED_000306,18.907856666666664,79.04379999999999
INDIA_PROMOTED_000307,20.303683333333336,81.56846
INDIA_PROMOTED_000308,20.323133333333335,79.72525666666667
INDIA_PROMOTED_000309,21.105819999999998,82.29545
INDIA_PROMOTED_000310,21.45573,79.68419666666667
INDIA_PROMOTED_000311,21.525873333333333,77.1934
INDIA_PROMOTED_000312,21.701459999999997,81.7081
INDIA_PROMOTED_000313,21.728490000000004,72.73100000000001
INDIA_PROMOTED_000314,22.06517666666667,72.94490333333333
INDIA_PROMOTED_000315,23.62276,69.46228
INDIA_PROMOTED_000316,23.628376666666668,69.46938666666667
INDIA_PROMOTED_000317,23.63380666666667,69.47518666666667
INDIA_PROMOTED_000318,24.00277,69.57424000000002
INDIA_PROMOTED_000319,24.004503333333332,69.56171
INDIA_PROMOTED_000320,24.011286666666667,69.56058
INDIA_PROMOTED_000321,24.010319999999997,69.57025666666665
INDIA_PROMOTED_000322,24.018626666666666,69.56344333333334
INDIA_PROMOTED_000323,24.023373333333335,69.44881666666667
INDIA_PROMOTED_000324,24.025043333333333,69.46069999999999
INDIA_PROMOTED_000325,24.025413333333333,69.56231666666667
INDIA_PROMOTED_000326,24.027473333333333,69.46976333333333
INDIA_PROMOTED_000327,24.02939333333333,69.44240666666667
INDIA_PROMOTED_000328,24.034810000000004,69.46448
INDIA_PROMOTED_000329,24.039493333333336,69.47317333333334
INDIA_PROMOTED_000330,24.04146,69.38108333333334
INDIA_PROMOTED_000331,24.046153333333336,69.37356999999999
INDIA_PROMOTED_000332,24.04933,69.38784
INDIA_PROMOTED_000333,24.053650000000005,69.37770333333333
INDIA_PROMOTED_000334,24.062463333333337,69.37488666666667
INDIA_PROMOTED_000335,24.06564333333333,69.63472666666667
INDIA_PROMOTED_000336,24.078406666666666,69.46263333333333
INDIA_PROMOTED_000337,24.078593333333334,69.43961333333334
INDIA_PROMOTED_000338,24.080286666666666,69.45149666666667
INDIA_PROMOTED_000339,24.084046666666666,69.46981666666666
INDIA_PROMOTED_000340,24.087053333333333,69.45849333333334
INDIA_PROMOTED_000341,24.087803333333337,69.44754
INDIA_PROMOTED_000342,24.089483333333334,69.41817666666667
INDIA_PROMOTED_000343,24.092246666666668,69.43798
INDIA_PROMOTED_000344,24.095010000000002,69.45779666666667
INDIA_PROMOTED_000345,24.098166666666668,69.47216000000002
INDIA_PROMOTED_000346,24.098233333333337,69.44779333333332
INDIA_PROMOTED_000347,24.0979,69.42893000000001
INDIA_PROMOTED_000348,24.10774333333333,69.39218333333334
INDIA_PROMOTED_000349,24.13005,69.4033
INDIA_PROMOTED_000350,24.1336,69.42026666666666
INDIA_PROMOTED_000351,24.137563333333333,69.39934
INDIA_PROMOTED_000352,24.1387,69.39105333333333
INDIA_PROMOTED_000353,24.144313333333333,69.40632000000001
INDIA_PROMOTED_000354,24.146573333333333,69.39784
INDIA_PROMOTED_000355,24.148833333333332,69.38936
INDIA_PROMOTED_000356,24.18035,69.33556666666667
INDIA_PROMOTED_000357,24.182976666666665,77.65635333333331
INDIA_PROMOTED_000358,24.187803333333335,69.33046
INDIA_PROMOTED_000359,25.142083333333336,74.50473333333333
INDIA_PROMOTED_000360,27.630523333333333,67.74957666666666
INDIA_PROMOTED_000361,30.30407,73.16683333333333
INDIA_PROMOTED_000362,30.328833333333336,73.60757666666667
INDIA_PROMOTED_000363,30.42335,73.51003333333334
INDIA_PROMOTED_000364,30.480473333333332,73.38991333333333
INDIA_PROMOTED_000365,30.764043333333333,75.39726
INDIA_PROMOTED_000366,31.82414,74.35705
INDIA_PROMOTED_000367,31.85448,74.53207666666667
INDIA_PROMOTED_000368,32.08436666666666,74.53796999999999
INDIA_PROMOTED_000369,32.82673666666667,74.45419666666666
INDIA_PROMOTED_000370,32.90721333333334,75.02976333333334
INDIA_PROMOTED_000371,34.839506666666665,71.88838333333332
INDIA_PROMOTED_000372,32.70622,76.08546333333334
INDIA_PROMOTED_000373,32.99914666666667,74.36071666666668
INDIA_PROMOTED_000374,33.01102,75.16105666666665
INDIA_PROMOTED_000375,33.13472333333333,74.96340333333335
INDIA_PROMOTED_000376,33.21723333333333,73.98987000000001
INDIA_PROMOTED_000377,31.235590000000002,77.21987
INDIA_PROMOTED_000378,31.744110000000003,76.46243666666668
INDIA_PROMOTED_000379,18.685863333333334,73.02967666666666
INDIA_PROMOTED_000380,18.69297,73.04153000000001
INDIA_PROMOTED_000381,22.822846666666667,69.67955
INDIA_PROMOTED_000382,22.932333333333332,69.70483666666667
INDIA_PROMOTED_000383,27.144166666666667,94.94565666666666
INDIA_PROMOTED_000384,27.161510000000003,94.86125
INDIA_PROMOTED_000385,27.500566666666668,94.90320333333334
INDIA_PROMOTED_000386,27.55152,94.88217333333334
INDIA_PROMOTED_000387,27.581286666666667,94.89285
INDIA_PROMOTED_000388,7.464296666666667,81.10536333333334
INDIA_PROMOTED_000389,12.08739,79.83684333333333
INDIA_PROMOTED_000390,16.44671,79.87966
INDIA_PROMOTED_000391,17.868173333333335,79.95018666666667
INDIA_PROMOTED_000392,17.908780000000004,79.91549333333334
INDIA_PROMOTED_000393,18.049703333333333,79.95361
INDIA_PROMOTED_000394,18.31077666666667,79.96706
INDIA_PROMOTED_000395,18.49651666666667,80.02320666666667
INDIA_PROMOTED_000396,18.768373333333333,79.04326666666667
INDIA_PROMOTED_000397,18.811673333333335,79.98612666666666
INDIA_PROMOTED_000398,18.903153333333332,79.13176333333334
INDIA_PROMOTED_000399,19.042713333333335,78.90024
INDIA_PROMOTED_000400,20.81629666666667,82.23049333333334
INDIA_PROMOTED_000401,21.1981,82.24818
INDIA_PROMOTED_000402,21.30901666666667,82.83966
INDIA_PROMOTED_000403,21.38356,80.50007333333333
INDIA_PROMOTED_000404,21.518683333333332,73.0302
INDIA_PROMOTED_000405,21.636056666666665,83.47574999999999
INDIA_PROMOTED_000406,22.170336666666667,82.17607666666667
INDIA_PROMOTED_000407,24.453623333333336,79.23648
INDIA_PROMOTED_000408,24.535790000000002,77.22979666666667
INDIA_PROMOTED_000409,30.595709999999997,73.68103666666667
INDIA_PROMOTED_000410,30.642139999999998,73.73775666666667
INDIA_PROMOTED_000411,30.835866666666664,73.42404
INDIA_PROMOTED_000412,30.984446666666667,74.20159
INDIA_PROMOTED_000413,31.014326666666665,73.51065
INDIA_PROMOTED_000414,31.347913333333327,77.36065333333333
INDIA_PROMOTED_000415,31.915743333333335,74.4249
INDIA_PROMOTED_000416,33.218856666666674,74.10984666666666
INDIA_PROMOTED_000417,34.829640000000005,71.89021666666666
INDIA_PROMOTED_000418,34.87144333333333,71.81981666666667
INDIA_PROMOTED_000419,27.671516666666665,85.67763666666667
INDIA_PROMOTED_000420,31.280586666666668,77.33490333333333
INDIA_PROMOTED_000421,31.290360000000003,77.33264000000001
INDIA_PROMOTED_000422,31.496583333333334,77.55027666666666
INDIA_PROMOTED_000423,32.45614666666667,76.00314333333334
INDIA_PROMOTED_000424,32.458436666666664,76.01232333333333
INDIA_PROMOTED_000425,32.51433,76.14397333333334
INDIA_PROMOTED_000426,32.559850000000004,76.09670333333334
INDIA_PROMOTED_000427,32.73545333333333,75.26078666666666
INDIA_PROMOTED_000428,32.939859999999996,74.53041
INDIA_PROMOTED_000429,32.98745666666667,74.48056333333334
INDIA_PROMOTED_000430,33.13380333333333,75.05759666666667
INDIA_PROMOTED_000431,33.305686666666666,74.29163666666666
INDIA_PROMOTED_000432,33.47544333333334,74.16609
INDIA_PROMOTED_000433,33.76808,73.55706333333335
INDIA_PROMOTED_000434,28.403589999999998,68.08063
INDIA_PROMOTED_000435,28.439183333333332,67.95389333333334
INDIA_PROMOTED_000436,10.794746666666667,79.66087
INDIA_PROMOTED_000437,13.287993333333333,80.27039
INDIA_PROMOTED_000438,17.924106666666667,79.94154666666667
INDIA_PROMOTED_000439,18.109896666666668,79.50768666666667
INDIA_PROMOTED_000440,18.135363333333334,79.49608666666667
INDIA_PROMOTED_000441,18.463490000000004,79.69832000000001
INDIA_PROMOTED_000442,18.61035,79.30336666666666
INDIA_PROMOTED_000443,18.665276666666667,79.31309
INDIA_PROMOTED_000444,18.749193333333334,79.73203
INDIA_PROMOTED_000445,18.95653,79.7988
INDIA_PROMOTED_000446,20.782556666666665,81.78011333333332
INDIA_PROMOTED_000447,21.14359,82.2899
INDIA_PROMOTED_000448,21.15576,81.25711333333332
INDIA_PROMOTED_000449,21.24146,79.95424333333334
INDIA_PROMOTED_000450,21.884666666666664,82.65931333333333
INDIA_PROMOTED_000451,21.893056666666666,82.62985666666667
INDIA_PROMOTED_000452,21.908803333333335,82.50154666666667
INDIA_PROMOTED_000453,21.922293333333332,82.48021333333332
INDIA_PROMOTED_000454,21.932713333333336,82.64357333333334
INDIA_PROMOTED_000455,21.93887666666667,82.65625333333334
INDIA_PROMOTED_000456,23.591146666666663,78.29611666666666
INDIA_PROMOTED_000457,30.999333333333336,78.00498333333333
INDIA_PROMOTED_000458,31.004589999999997,78.08881333333333
INDIA_PROMOTED_000459,31.24818666666667,77.22538333333334
INDIA_PROMOTED_000460,31.267443333333333,77.12825333333333
INDIA_PROMOTED_000461,31.284003333333334,77.34485333333333
INDIA_PROMOTED_000462,31.316950000000002,76.95072
INDIA_PROMOTED_000463,31.896449999999998,76.89694666666666
INDIA_PROMOTED_000464,32.418146666666665,76.01893666666668
INDIA_PROMOTED_000465,32.42918,76.04485000000001
INDIA_PROMOTED_000466,32.57179,75.99905
INDIA_PROMOTED_000467,32.72863,75.26677
INDIA_PROMOTED_000468,32.90011333333334,75.30298333333333
INDIA_PROMOTED_000469,32.921310000000005,74.85751333333333
INDIA_PROMOTED_000470,32.97935,75.08122333333334
INDIA_PROMOTED_000471,32.98927333333334,74.48916000000001
INDIA_PROMOTED_000472,33.03769,74.36394666666666
INDIA_PROMOTED_000473,33.140346666666666,74.69601
INDIA_PROMOTED_000474,33.14887,74.71233333333333
INDIA_PROMOTED_000475,33.146809999999995,74.96065333333333
INDIA_PROMOTED_000476,33.283273333333334,74.02409999999999
INDIA_PROMOTED_000477,33.643836666666665,73.91889666666667
INDIA_PROMOTED_000478,33.75012666666667,72.94432333333334
INDIA_PROMOTED_000479,28.231086666666666,68.84410666666666
INDIA_PROMOTED_000480,34.69718666666666,72.08888999999999
INDIA_PROMOTED_000481,33.20614666666667,74.65700666666667
INDIA_PROMOTED_000482,33.253346666666665,74.31223999999999
INDIA_PROMOTED_000483,33.80066333333333,73.53791666666666
INDIA_PROMOTED_000484,28.44676,67.94947333333333
INDIA_PROMOTED_000485,31.257546666666666,77.28192666666666
INDIA_PROMOTED_000486,31.37697,77.40961
INDIA_PROMOTED_000487,31.534276666666667,76.55333999999999
INDIA_PROMOTED_000488,31.527730000000002,76.60938
INDIA_PROMOTED_000489,31.57649333333333,76.52900333333334
INDIA_PROMOTED_000490,32.601776666666666,76.04297666666666
INDIA_PROMOTED_000491,32.718316666666674,75.48858666666668
INDIA_PROMOTED_000492,32.74393666666666,75.25935333333334
INDIA_PROMOTED_000493,32.871536666666664,75.27242666666668
INDIA_PROMOTED_000494,33.13574666666667,74.97576333333332
INDIA_PROMOTED_000495,33.166736666666665,74.7864
INDIA_PROMOTED_000496,33.20632333333334,74.14197999999999
INDIA_PROMOTED_000497,25.943,72.19076333333334
INDIA_PROMOTED_000498,34.83586666666667,71.87996666666666
INDIA_PROMOTED_000499,13.884039999999999,79.21708666666667
INDIA_PROMOTED_000500,19.262016666666668,74.96642000000001
INDIA_PROMOTED_000501,20.89533,81.54056333333334
INDIA_PROMOTED_000502,20.97746666666667,78.83963666666666
INDIA_PROMOTED_000503,21.893136666666667,82.66302666666667
INDIA_PROMOTED_000504,21.994823333333333,82.56331333333333
INDIA_PROMOTED_000505,22.06032,78.15392333333334
INDIA_PROMOTED_000506,23.075923333333336,72.24500333333333
INDIA_PROMOTED_000507,28.175079999999998,69.68199666666668
INDIA_PROMOTED_000508,28.76756333333333,81.29123
INDIA_PROMOTED_000509,29.518633333333337,81.08225
INDIA_PROMOTED_000510,30.408956666666665,73.66057333333333
INDIA_PROMOTED_000511,31.005246666666665,78.01148666666667
INDIA_PROMOTED_000512,30.57586333333333,73.51451000000002
INDIA_PROMOTED_000513,31.004633333333334,74.12702666666667
INDIA_PROMOTED_000514,31.296660000000003,75.79435000000001
INDIA_PROMOTED_000515,32.71489333333334,75.4972
INDIA_PROMOTED_000516,33.131236666666666,74.80360333333334
INDIA_PROMOTED_000517,33.159976666666665,74.79140666666667
INDIA_PROMOTED_000518,33.270923333333336,74.28517
INDIA_PROMOTED_000519,23.71638,69.21976666666666
INDIA_PROMOTED_000520,23.719423333333335,69.22991999999999
INDIA_PROMOTED_000521,28.3713,69.50006
INDIA_PROMOTED_000522,28.462386666666664,67.89466666666665
INDIA_PROMOTED_000523,28.468773333333335,67.89548333333333
INDIA_PROMOTED_000524,29.75482,79.31996333333333
INDIA_PROMOTED_000525,30.633963333333337,77.32506666666667
INDIA_PROMOTED_000526,31.25255,77.21715333333333
INDIA_PROMOTED_000527,31.363703333333333,76.85465
INDIA_PROMOTED_000528,31.46988,76.52111000000001
INDIA_PROMOTED_000529,31.46987,76.51125
INDIA_PROMOTED_000530,32.47197,75.09928333333333
INDIA_PROMOTED_000531,32.716559999999994,75.45969333333333
INDIA_PROMOTED_000532,32.86230333333333,74.87748
INDIA_PROMOTED_000533,32.966186666666665,75.09478999999999
INDIA_PROMOTED_000534,33.14274666666667,73.97567666666667
INDIA_PROMOTED_000535,33.15927333333334,75.12944666666665
INDIA_PROMOTED_000536,33.164880000000004,74.68596333333333
INDIA_PROMOTED_000537,33.22547333333333,74.03651666666667
INDIA_PROMOTED_000538,22.815916666666666,86.08599666666667
INDIA_PROMOTED_000539,23.66877666666667,86.09279333333335
INDIA_PROMOTED_000540,23.685343333333332,87.12306666666666
INDIA_PROMOTED_000541,23.71966,86.44224333333334
INDIA_PROMOTED_000542,23.727903333333334,86.44818000000002
INDIA_PROMOTED_000543,23.751943333333333,86.41759333333333
INDIA_PROMOTED_000544,23.767076666666668,86.40742666666667
INDIA_PROMOTED_000545,29.53323333333333,79.53379000000001
INDIA_PROMOTED_000546,20.799756666666667,75.70416666666667
INDIA_PROMOTED_000547,20.949969999999997,85.06130666666667
INDIA_PROMOTED_000548,22.09499333333333,83.12584666666667
INDIA_PROMOTED_000549,22.318853333333333,82.56913
INDIA_PROMOTED_000550,13.889773333333332,79.21182333333333
INDIA_PROMOTED_000551,32.225253333333335,76.29299333333331
INDIA_PROMOTED_000552,32.653789999999994,75.60562333333333
INDIA_PROMOTED_000553,33.06657666666667,74.25162999999999
INDIA_PROMOTED_000554,33.15509333333333,74.78322666666666
INDIA_PROMOTED_000555,33.17034666666667,74.77721000000001
INDIA_PROMOTED_000556,33.19985333333333,74.67422
INDIA_PROMOTED_000557,33.2675,74.31202666666667
INDIA_PROMOTED_000558,33.28019666666666,74.15491666666667
INDIA_PROMOTED_000559,33.28805,74.12558333333332
INDIA_PROMOTED_000560,33.285043333333334,74.39347
INDIA_PROMOTED_000561,33.32571666666667,74.16627666666666
INDIA_PROMOTED_000562,34.54226,73.26462333333333
INDIA_PROMOTED_000563,34.66001333333333,71.90953
INDIA_PROMOTED_000564,28.470560000000003,68.22664
INDIA_PROMOTED_000565,28.48202333333333,68.17070666666667
INDIA_PROMOTED_000566,32.43164,70.25394333333334
INDIA_PROMOTED_000567,32.43366666666667,70.24293333333333
INDIA_PROMOTED_000568,32.43846666666667,70.25237666666666
INDIA_PROMOTED_000569,15.69525,80.08405333333333
INDIA_PROMOTED_000570,15.749176666666665,80.08943333333333
INDIA_PROMOTED_000571,16.27141333333333,80.79709000000001
INDIA_PROMOTED_000572,17.356446666666667,80.87755
INDIA_PROMOTED_000573,17.48081,78.90703
INDIA_PROMOTED_000574,17.888206666666665,80.51720333333333
INDIA_PROMOTED_000575,18.006050000000002,80.04489
INDIA_PROMOTED_000576,18.08094,82.29531000000001
INDIA_PROMOTED_000577,18.94819,78.92596
INDIA_PROMOTED_000578,19.576073333333333,80.14680333333334
INDIA_PROMOTED_000579,20.73473333333333,81.71736666666668
INDIA_PROMOTED_000580,21.155393333333333,82.10726
INDIA_PROMOTED_000581,24.15662,82.7013
INDIA_PROMOTED_000582,24.2119,83.51174333333334
INDIA_PROMOTED_000583,26.051869999999997,79.09927
INDIA_PROMOTED_000584,26.18200333333333,79.64208333333333
INDIA_PROMOTED_000585,29.145483333333335,79.33113333333333
INDIA_PROMOTED_000586,30.410843333333332,73.30523
INDIA_PROMOTED_000587,30.57008,73.52495666666665
INDIA_PROMOTED_000588,30.659539999999996,72.59872333333333
INDIA_PROMOTED_000589,30.67819,74.00049
INDIA_PROMOTED_000590,30.914986666666664,74.08426666666666
INDIA_PROMOTED_000591,31.290396666666666,77.10792666666667
INDIA_PROMOTED_000592,31.45659333333333,76.99915666666668
INDIA_PROMOTED_000593,31.476716666666665,76.51152
INDIA_PROMOTED_000594,32.06438333333333,76.17771
INDIA_PROMOTED_000595,32.60502666666667,75.97636
INDIA_PROMOTED_000596,32.62155,75.43123666666666
INDIA_PROMOTED_000597,33.06090666666666,74.24139333333333
INDIA_PROMOTED_000598,33.221136666666666,74.02916333333333
INDIA_PROMOTED_000599,33.361086666666665,74.26964666666666
INDIA_PROMOTED_000600,33.42377666666667,74.24759666666665
INDIA_PROMOTED_000601,33.68462666666667,72.17439
INDIA_PROMOTED_000602,21.097056666666667,70.91046
INDIA_PROMOTED_000603,21.106763333333333,70.91263
INDIA_PROMOTED_000604,17.25516,73.79737666666666
INDIA_PROMOTED_000605,29.345793333333333,71.97440333333333
INDIA_PROMOTED_000606,30.117590000000003,72.90969333333334
INDIA_PROMOTED_000607,30.448850000000004,73.22726333333334
INDIA_PROMOTED_000608,32.42238666666667,70.25588333333333
INDIA_PROMOTED_000609,32.94770666666667,75.22956666666666
INDIA_PROMOTED_000610,33.01834333333333,74.46971333333333
INDIA_PROMOTED_000611,33.505720000000004,74.17498333333334
INDIA_PROMOTED_000612,33.68172666666667,72.18413333333332
INDIA_PROMOTED_000613,34.109943333333334,73.13981
INDIA_PROMOTED_000614,34.69340666666667,72.10239333333334
INDIA_PROMOTED_000615,37.63591666666667,67.56428333333334
INDIA_PROMOTED_000616,37.66082333333333,67.54419
INDIA_PROMOTED_000617,30.730190000000004,77.72290333333335
INDIA_PROMOTED_000618,30.94815,77.01011999999999
INDIA_PROMOTED_000619,31.16867333333333,77.01299666666667
INDIA_PROMOTED_000620,32.51367666666667,75.91651666666667
INDIA_PROMOTED_000621,21.1949,81.41838333333334
INDIA_PROMOTED_000622,21.347723333333334,81.66544333333333
INDIA_PROMOTED_000623,21.925143333333335,83.34158333333333
INDIA_PROMOTED_000624,23.682083333333335,86.09593000000001
INDIA_PROMOTED_000625,23.68493666666667,85.36234
INDIA_PROMOTED_000626,23.773086666666668,86.19812666666667
INDIA_PROMOTED_000627,13.897463333333334,79.20718666666666
INDIA_PROMOTED_000628,30.716323333333335,77.21294666666667
INDIA_PROMOTED_000629,30.98306,77.02868
INDIA_PROMOTED_000630,31.203253333333333,77.12541333333333
INDIA_PROMOTED_000631,31.328286666666667,76.92358
INDIA_PROMOTED_000632,32.648559999999996,75.59926666666667
INDIA_PROMOTED_000633,32.67753666666667,75.42927666666667
INDIA_PROMOTED_000634,33.05569,74.93624
INDIA_PROMOTED_000635,33.14817,74.68507333333334
INDIA_PROMOTED_000636,33.69475666666667,72.17776666666667
INDIA_PROMOTED_000637,33.695926666666665,72.16571666666668
INDIA_PROMOTED_000638,33.82301666666667,71.95642
INDIA_PROMOTED_000639,34.201966666666664,72.96935
INDIA_PROMOTED_000640,34.486529999999995,73.29380333333334
INDIA_PROMOTED_000641,34.533386666666665,73.26811333333335
INDIA_PROMOTED_000642,28.375843333333336,68.79485999999999
INDIA_PROMOTED_000643,29.648826666666668,69.65465999999999
INDIA_PROMOTED_000644,19.177333333333333,78.96406
INDIA_PROMOTED_000645,20.72693,81.66085333333332
INDIA_PROMOTED_000646,20.788806666666666,81.75656333333332
INDIA_PROMOTED_000647,20.823586666666667,83.87767666666667
INDIA_PROMOTED_000648,21.74329666666667,81.71187666666667
INDIA_PROMOTED_000649,21.88289,95.26457666666666
INDIA_PROMOTED_000650,24.09136666666667,82.90809333333334
INDIA_PROMOTED_000651,24.251589999999997,80.22398666666668
INDIA_PROMOTED_000652,30.95271666666667,77.00159333333333
INDIA_PROMOTED_000653,31.425383333333333,77.54919
INDIA_PROMOTED_000654,17.306843333333333,79.55335000000001
INDIA_PROMOTED_000655,19.277773333333332,73.12424666666666
INDIA_PROMOTED_000656,19.696506666666664,74.13547
INDIA_PROMOTED_000657,30.295013333333333,73.32435666666667
INDIA_PROMOTED_000658,30.457673333333332,73.35612666666667
INDIA_PROMOTED_000659,30.556016666666665,73.62706666666666
INDIA_PROMOTED_000660,30.937596666666668,77.31651666666669
INDIA_PROMOTED_000661,31.277269999999998,77.11113
INDIA_PROMOTED_000662,31.482116666666666,75.10190333333333
INDIA_PROMOTED_000663,32.45901666666667,71.30072
INDIA_PROMOTED_000664,32.90215666666666,74.90288333333334
INDIA_PROMOTED_000665,33.016893333333336,74.48918333333333
INDIA_PROMOTED_000666,33.03467333333333,74.29587333333335
INDIA_PROMOTED_000667,33.13660333333333,73.98400333333332
INDIA_PROMOTED_000668,33.144683333333326,74.65655
INDIA_PROMOTED_000669,33.20520666666667,74.03406000000001
INDIA_PROMOTED_000670,33.25436,74.00563333333334
INDIA_PROMOTED_000671,33.264383333333335,74.04761
INDIA_PROMOTED_000672,33.27726,74.39155333333333
INDIA_PROMOTED_000673,33.68823,72.19385666666666
INDIA_PROMOTED_000674,33.83170666666667,71.95380666666667
INDIA_PROMOTED_000675,34.54620333333333,73.27279333333333
INDIA_PROMOTED_000676,34.79571,72.23867333333334
INDIA_PROMOTED_000677,34.81379333333334,72.24955666666666
INDIA_PROMOTED_000678,29.337566666666664,71.96947666666667
INDIA_PROMOTED_000679,32.290593333333334,70.73990666666667
INDIA_PROMOTED_000680,32.612633333333335,71.99474666666667
INDIA_PROMOTED_000681,32.77831666666666,74.46404666666668
INDIA_PROMOTED_000682,33.047540000000005,74.28915333333333
INDIA_PROMOTED_000683,33.15869,74.30364
INDIA_PROMOTED_000684,33.19902666666666,74.04113666666667
INDIA_PROMOTED_000685,33.22638666666666,73.96302333333334
INDIA_PROMOTED_000686,33.26305666666667,74.07188000000001
INDIA_PROMOTED_000687,33.26705666666667,74.03793
INDIA_PROMOTED_000688,33.30958999999999,74.13989666666667
INDIA_PROMOTED_000689,33.346156666666666,74.273
INDIA_PROMOTED_000690,33.376173333333334,70.82096666666666
INDIA_PROMOTED_000691,33.386140000000005,74.17072666666667
INDIA_PROMOTED_000692,33.405570000000004,74.20602000000001
INDIA_PROMOTED_000693,33.65062,73.66911
INDIA_PROMOTED_000694,33.7012,71.38182666666665
INDIA_PROMOTED_000695,34.09865333333334,73.10437
INDIA_PROMOTED_000696,34.17549666666667,73.10598666666667
INDIA_PROMOTED_000697,34.17925666666667,73.60063666666667
INDIA_PROMOTED_000698,34.67044666666667,71.88115
INDIA_PROMOTED_000699,19.348506666666665,73.15354666666667
INDIA_PROMOTED_000700,19.352616666666666,73.14729666666666
INDIA_PROMOTED_000701,26.54915,67.29486
INDIA_PROMOTED_000702,27.215246666666662,67.27539
INDIA_PROMOTED_000703,27.220113333333334,67.26583999999998
INDIA_PROMOTED_000704,13.88476,79.20359
INDIA_PROMOTED_000705,15.169296666666668,76.66813
INDIA_PROMOTED_000706,17.725876666666668,79.92840666666667
INDIA_PROMOTED_000707,18.18623,79.82681666666666
INDIA_PROMOTED_000708,20.23496666666667,72.96267
INDIA_PROMOTED_000709,20.969643333333334,81.25552
INDIA_PROMOTED_000710,22.313626666666664,73.54713333333332
INDIA_PROMOTED_000711,26.18156,68.28461
INDIA_PROMOTED_000712,26.269360000000002,68.26921333333333
INDIA_PROMOTED_000713,27.147863333333333,67.99765666666667
INDIA_PROMOTED_000714,29.61841,71.58530333333334
INDIA_PROMOTED_000715,30.646906666666666,73.68213333333333
INDIA_PROMOTED_000716,30.825363333333332,73.40525333333333
INDIA_PROMOTED_000717,33.26298666666666,74.01434
INDIA_PROMOTED_000718,33.34834333333333,74.18134000000002
INDIA_PROMOTED_000719,22.038903333333334,83.74004666666667
INDIA_PROMOTED_000720,33.70672666666666,71.39016666666667
INDIA_PROMOTED_000721,28.41720666666667,67.92883
INDIA_PROMOTED_000722,21.391676666666665,81.64627
INDIA_PROMOTED_000723,21.762616666666663,83.84872
INDIA_PROMOTED_000724,13.71034,79.61928666666665
INDIA_PROMOTED_000725,21.01543,83.80996
INDIA_PROMOTED_000726,21.22999,83.87314333333333
INDIA_PROMOTED_000727,21.64312,71.68773333333333
INDIA_PROMOTED_000728,21.933553333333332,82.34983999999999
INDIA_PROMOTED_000729,22.106003333333334,83.12473666666666
INDIA_PROMOTED_000730,23.135229999999996,81.70422
INDIA_PROMOTED_000731,23.716783333333336,69.28522
INDIA_PROMOTED_000732,33.71404666666667,71.38439
INDIA_PROMOTED_000733,33.00136333333334,74.48606666666667
INDIA_PROMOTED_000734,33.17204,74.02945
INDIA_PROMOTED_000735,33.29352666666667,73.84845666666666
INDIA_PROMOTED_000736,33.72044333333333,71.39335666666666
INDIA_PROMOTED_000737,20.965476666666664,85.18158999999999
INDIA_PROMOTED_000738,21.335913333333338,78.96778
INDIA_PROMOTED_000739,22.93435,69.69659333333334
INDIA_PROMOTED_000740,24.14487,82.70950666666666
INDIA_PROMOTED_000741,24.161513333333332,82.60274
INDIA_PROMOTED_000742,28.133409999999998,76.89904
INDIA_PROMOTED_000743,18.68089,73.04489666666667
INDIA_PROMOTED_000744,18.71268,79.54176333333334
INDIA_PROMOTED_000745,19.092769999999998,82.17097666666666
INDIA_PROMOTED_000746,19.226686666666666,74.84286333333334
INDIA_PROMOTED_000747,21.16163666666667,81.61406333333333
INDIA_PROMOTED_000748,21.23335333333333,83.35773666666667
INDIA_PROMOTED_000749,21.61412333333333,81.68454333333334
INDIA_PROMOTED_000750,21.03517666666667,70.85877999999998
INDIA_PROMOTED_000751,21.12201333333333,73.97242666666666
INDIA_PROMOTED_000752,24.941383333333334,80.94483666666666
INDIA_PROMOTED_000753,28.312826666666666,68.13749
INDIA_PROMOTED_000754,28.36542,67.80471
INDIA_PROMOTED_000755,29.383079999999996,72.00303333333333
INDIA_PROMOTED_000756,29.922073333333334,72.46806
INDIA_PROMOTED_000757,29.93952,71.49540333333333
INDIA_PROMOTED_000758,30.005866666666666,72.30423666666667
INDIA_PROMOTED_000759,30.15767333333333,72.84661333333334
INDIA_PROMOTED_000760,30.193053333333335,72.77932
INDIA_PROMOTED_000761,30.351226666666665,80.1477
INDIA_PROMOTED_000762,30.763283333333334,72.79438666666665
INDIA_PROMOTED_000763,28.180176666666668,67.98138333333333
INDIA_PROMOTED_000764,33.15027666666666,73.96765333333333
INDIA_PROMOTED_000765,33.23834,73.88955
INDIA_PROMOTED_000766,33.25842333333333,73.88019666666666
INDIA_PROMOTED_000767,33.37043666666666,74.1958
INDIA_PROMOTED_000768,18.388746666666666,79.37105000000001
INDIA_PROMOTED_000769,21.734593333333336,83.82111666666667
INDIA_PROMOTED_000770,23.701916666666666,86.07351666666666
INDIA_PROMOTED_000771,24.153543333333335,82.59947
INDIA_PROMOTED_000772,15.180563333333334,76.64531666666666
INDIA_PROMOTED_000773,27.92845,67.78031666666666
INDIA_PROMOTED_000774,28.439026666666667,68.09741000000001
INDIA_PROMOTED_000775,12.131616666666666,79.83708666666666
INDIA_PROMOTED_000776,17.340526666666666,80.85322333333335
INDIA_PROMOTED_000777,20.827043333333332,75.86129666666666
INDIA_PROMOTED_000778,22.790353333333332,86.21059000000001
INDIA_PROMOTED_000779,23.752306666666666,86.39741
INDIA_PROMOTED_000780,28.11278333333333,80.18091666666668
INDIA_PROMOTED_000781,29.713566666666665,72.04943666666667
INDIA_PROMOTED_000782,30.95421,74.05104333333333
INDIA_PROMOTED_000783,31.512666666666664,75.07793333333333
INDIA_PROMOTED_000784,31.516103333333334,75.09654666666667
INDIA_PROMOTED_000785,31.52929333333333,75.14252333333333
INDIA_PROMOTED_000786,31.538259999999998,75.16930333333333
INDIA_PROMOTED_000787,22.825766666666667,69.71324
INDIA_PROMOTED_000788,27.608943333333333,67.69008666666667
INDIA_PROMOTED_000789,28.50217333333333,67.93306333333334
INDIA_PROMOTED_000790,29.98266666666667,71.4637
INDIA_PROMOTED_000791,30.52567666666667,72.82905333333333
INDIA_PROMOTED_000792,21.748356666666666,83.81667666666668
INDIA_PROMOTED_000793,21.757966666666665,83.82034666666665
INDIA_PROMOTED_000794,23.69441,87.10752333333335
INDIA_PROMOTED_000795,23.71517,86.42676666666667
INDIA_PROMOTED_000796,23.780523333333335,86.37384666666667
INDIA_PROMOTED_000797,15.119929999999998,78.07310333333334
INDIA_PROMOTED_000798,18.77535,74.32327666666667
INDIA_PROMOTED_000799,11.80903,77.92372333333333
INDIA_PROMOTED_000800,26.334860000000003,68.84023333333333
INDIA_PROMOTED_000801,28.50721,68.16871
INDIA_PROMOTED_000802,18.25571,79.12389666666667
INDIA_PROMOTED_000803,21.117829999999998,81.60757666666666
INDIA_PROMOTED_000804,22.213936666666665,84.84193333333333
INDIA_PROMOTED_000805,26.297143333333334,78.85152000000001
INDIA_PROMOTED_000806,27.966973333333332,82.98112333333334
INDIA_PROMOTED_000807,30.87776333333333,75.54645000000001
INDIA_PROMOTED_000808,31.79048333333333,76.96734
INDIA_PROMOTED_000809,18.03598,77.30960333333333
INDIA_PROMOTED_000810,18.058003333333332,79.67246999999999
INDIA_PROMOTED_000811,21.099473333333332,72.63535
INDIA_PROMOTED_000812,22.193213333333333,72.78837666666668
INDIA_PROMOTED_000813,28.376593333333332,68.67243
INDIA_PROMOTED_000814,28.451129999999996,68.07961666666667
INDIA_PROMOTED_000815,28.450396666666666,68.04741666666666
INDIA_PROMOTED_000816,30.026400000000006,72.37089999999999
INDIA_PROMOTED_000817,30.484003333333334,72.80363
INDIA_PROMOTED_000818,21.7723,84.02143
INDIA_PROMOTED_000819,21.777329999999996,83.83992666666666
INDIA_PROMOTED_000820,23.609543333333335,85.67466333333333
INDIA_PROMOTED_000821,23.693763333333333,87.12444666666666
INDIA_PROMOTED_000822,14.5889,78.58087
INDIA_PROMOTED_000823,37.69206666666667,67.32229
INDIA_PROMOTED_000824,27.536686666666668,69.31174333333333
INDIA_PROMOTED_000825,28.11253333333333,67.82307
INDIA_PROMOTED_000826,18.422986666666667,73.94549333333333
INDIA_PROMOTED_000827,24.649023333333332,78.36411
INDIA_PROMOTED_000828,27.96788666666667,83.10437
INDIA_PROMOTED_000829,28.13524,80.15571999999999
INDIA_PROMOTED_000830,22.141086666666666,72.24353333333333
INDIA_PROMOTED_000831,28.53392333333333,82.24954333333334
INDIA_PROMOTED_000832,29.77611333333333,71.58409999999999
INDIA_PROMOTED_000833,29.959796666666666,72.25922666666668
INDIA_PROMOTED_000834,30.27007,72.51194666666666
INDIA_PROMOTED_000835,30.284413333333333,73.19337333333333
INDIA_PROMOTED_000836,30.495189999999997,73.62648
INDIA_PROMOTED_000837,30.50632333333333,73.48443333333334
INDIA_PROMOTED_000838,30.576556666666665,73.70888666666667
INDIA_PROMOTED_000839,30.591043333333335,73.63024333333334
INDIA_PROMOTED_000840,30.589543333333335,73.45772666666666
INDIA_PROMOTED_000841,30.612713333333332,73.71006
INDIA_PROMOTED_000842,30.783086666666666,74.01566000000001
INDIA_PROMOTED_000843,30.825193333333335,73.81008666666666
INDIA_PROMOTED_000844,30.839256666666667,73.8258
INDIA_PROMOTED_000845,30.87944333333333,73.88024
INDIA_PROMOTED_000846,30.878963333333335,73.55515666666668
INDIA_PROMOTED_000847,30.885726666666667,74.29198666666667
INDIA_PROMOTED_000848,30.886466666666667,73.97422999999999
INDIA_PROMOTED_000849,32.39701,74.35090000000001
INDIA_PROMOTED_000850,33.06198666666666,74.91478333333333
INDIA_PROMOTED_000851,34.23068333333333,72.91859666666666
INDIA_PROMOTED_000852,34.633250000000004,72.10415666666667
INDIA_PROMOTED_000853,34.097076666666666,71.2334
INDIA_PROMOTED_000854,28.607523333333333,68.38702
INDIA_PROMOTED_000855,28.65113666666667,77.59000999999999
INDIA_PROMOTED_000856,33.067933333333336,74.90886666666667
INDIA_PROMOTED_000857,33.25000666666667,73.88753666666666
INDIA_PROMOTED_000858,27.333926666666667,92.58379666666667
INDIA_PROMOTED_000859,12.081033333333332,79.83054666666668
INDIA_PROMOTED_000860,13.201556666666667,79.81978666666667
INDIA_PROMOTED_000861,13.222500000000002,80.11623
INDIA_PROMOTED_000862,17.676086666666667,79.6719
INDIA_PROMOTED_000863,18.35280333333333,73.10813666666667
INDIA_PROMOTED_000864,18.70125333333333,79.07677666666666
INDIA_PROMOTED_000865,21.11861,70.69842999999999
INDIA_PROMOTED_000866,21.994446666666665,76.75027999999999
INDIA_PROMOTED_000867,22.61375,75.69863333333333
INDIA_PROMOTED_000868,22.857686666666666,69.78029
INDIA_PROMOTED_000869,30.453633333333332,75.62616333333334
INDIA_PROMOTED_000870,30.48833666666667,73.58363999999999
INDIA_PROMOTED_000871,30.491429999999998,73.49071666666667
INDIA_PROMOTED_000872,30.573490000000003,73.85754
INDIA_PROMOTED_000873,30.663156666666666,73.76459333333334
INDIA_PROMOTED_000874,30.680490000000002,73.63034666666667
INDIA_PROMOTED_000875,30.707323333333335,74.08147333333334
INDIA_PROMOTED_000876,30.717453333333335,74.04839
INDIA_PROMOTED_000877,30.761290000000002,73.90147333333334
INDIA_PROMOTED_000878,30.787153333333332,74.06209
INDIA_PROMOTED_000879,30.80458333333333,74.00627
INDIA_PROMOTED_000880,30.812113333333333,74.26483999999999
INDIA_PROMOTED_000881,30.859376666666666,74.17171
INDIA_PROMOTED_000882,30.93317,74.08475
INDIA_PROMOTED_000883,30.941556666666667,74.11761
INDIA_PROMOTED_000884,31.20971,75.3112
INDIA_PROMOTED_000885,31.350616666666667,75.46234666666668
INDIA_PROMOTED_000886,33.00268666666667,74.18625333333334
INDIA_PROMOTED_000887,33.52652666666666,73.51206666666667
INDIA_PROMOTED_000888,34.569583333333334,72.04984333333334
INDIA_PROMOTED_000889,33.264450000000004,73.87439666666667
INDIA_PROMOTED_000890,34.102889999999995,71.22353
INDIA_PROMOTED_000891,34.51656666666667,71.81552
INDIA_PROMOTED_000892,23.42945333333333,69.22822666666667
INDIA_PROMOTED_000893,26.372586666666667,79.17248000000001
INDIA_PROMOTED_000894,27.598073333333332,67.31242666666667
INDIA_PROMOTED_000895,19.92937,79.12066666666665
INDIA_PROMOTED_000896,20.014006666666663,79.0533
INDIA_PROMOTED_000897,20.9041,72.89548666666667
INDIA_PROMOTED_000898,22.711506666666665,70.99375333333334
INDIA_PROMOTED_000899,27.216913333333334,82.48028666666666
INDIA_PROMOTED_000900,30.148913333333336,73.04314
INDIA_PROMOTED_000901,30.758913333333336,78.25473666666666
INDIA_PROMOTED_000902,27.616680000000002,67.72825
INDIA_PROMOTED_000903,28.80838,79.15334666666668
INDIA_PROMOTED_000904,28.855756666666668,80.15509
INDIA_PROMOTED_000905,34.52447,71.8097
INDIA_PROMOTED_000906,34.11526,71.22174666666668
INDIA_PROMOTED_000907,28.039353333333334,82.82641333333333
INDIA_PROMOTED_000908,28.852776666666667,77.14608
INDIA_PROMOTED_000909,23.55982,87.23088333333332
INDIA_PROMOTED_000910,27.923509999999997,67.80917000000001
INDIA_PROMOTED_000911,13.090346666666667,79.73957
INDIA_PROMOTED_000912,17.093813333333333,78.46621666666668
INDIA_PROMOTED_000913,17.49553,79.95367333333333
INDIA_PROMOTED_000914,17.56329666666667,79.48353333333334
INDIA_PROMOTED_000915,18.279353333333333,79.18696666666666
INDIA_PROMOTED_000916,18.853203333333333,79.36369666666667
INDIA_PROMOTED_000917,22.761533333333336,77.65960333333334
INDIA_PROMOTED_000918,26.37853,78.99368666666666
INDIA_PROMOTED_000919,26.627463333333335,80.82632333333333
INDIA_PROMOTED_000920,29.985973333333334,72.34619333333333
INDIA_PROMOTED_000921,30.311953333333335,72.97035333333334
INDIA_PROMOTED_000922,30.824426666666668,78.10773333333334
INDIA_PROMOTED_000923,30.862400000000004,74.28378666666667
INDIA_PROMOTED_000924,30.935779999999998,75.38657333333335
INDIA_PROMOTED_000925,31.419453333333333,72.5226
INDIA_PROMOTED_000926,31.499506666666665,75.54406333333333
INDIA_PROMOTED_000927,32.93155333333333,74.48654333333333
INDIA_PROMOTED_000928,33.18696666666667,75.10263333333333
INDIA_PROMOTED_000929,29.618290000000002,72.2812
INDIA_PROMOTED_000930,25.032836666666668,87.37844
INDIA_PROMOTED_000931,21.364046666666667,81.65430333333333
INDIA_PROMOTED_000932,15.173263333333333,76.69256
INDIA_PROMOTED_000933,33.09470666666667,74.01818333333334
INDIA_PROMOTED_000934,28.532533333333333,82.16935666666666
INDIA_PROMOTED_000935,29.880213333333334,72.46497666666666
INDIA_PROMOTED_000936,29.915436666666665,72.24703666666667
INDIA_PROMOTED_000937,30.313153333333332,73.48577
INDIA_PROMOTED_000938,30.61163,73.72988333333335
INDIA_PROMOTED_000939,30.66081,73.95383666666667
INDIA_PROMOTED_000940,30.77421,76.14326000000001
INDIA_PROMOTED_000941,31.131063333333334,75.29806
INDIA_PROMOTED_000942,31.203419999999998,75.28973333333333
INDIA_PROMOTED_000943,31.3255,75.21512
INDIA_PROMOTED_000944,31.857536666666665,74.17029333333333
INDIA_PROMOTED_000945,31.917356666666667,74.04365333333334
INDIA_PROMOTED_000946,32.147416666666665,75.28518666666666
INDIA_PROMOTED_000947,28.35666,67.77945
INDIA_PROMOTED_000948,28.484123333333333,67.95879
INDIA_PROMOTED_000949,28.514256666666665,68.30183
INDIA_PROMOTED_000950,29.49531,71.52713333333334
INDIA_PROMOTED_000951,29.665653333333335,71.48483666666665
INDIA_PROMOTED_000952,29.72691,72.51631333333334
INDIA_PROMOTED_000953,29.838373333333333,72.23026333333333
INDIA_PROMOTED_000954,29.844313333333332,72.26584666666666
INDIA_PROMOTED_000955,29.92072,72.23741
INDIA_PROMOTED_000956,30.043113333333334,71.90090666666667
INDIA_PROMOTED_000957,30.172436666666666,72.40659333333333
INDIA_PROMOTED_000958,30.296363333333332,72.91843
INDIA_PROMOTED_000959,30.392593333333334,73.71843333333334
INDIA_PROMOTED_000960,30.51591,72.81820666666667
INDIA_PROMOTED_000961,30.546413333333334,73.64327
INDIA_PROMOTED_000962,30.578393333333334,72.92649666666667
INDIA_PROMOTED_000963,30.577766666666665,72.86935999999999
INDIA_PROMOTED_000964,30.63473666666667,73.92119333333333
INDIA_PROMOTED_000965,30.700373333333335,74.05874333333334
INDIA_PROMOTED_000966,30.702880000000004,76.08295666666668
INDIA_PROMOTED_000967,30.744093333333335,73.95549
INDIA_PROMOTED_000968,30.86233,73.30474
INDIA_PROMOTED_000969,31.02264,74.23976333333333
INDIA_PROMOTED_000970,31.082286666666665,73.50286
INDIA_PROMOTED_000971,28.02744,82.95801666666667
INDIA_PROMOTED_000972,17.141073333333335,77.17511
INDIA_PROMOTED_000973,19.68693,76.37294999999999
INDIA_PROMOTED_000974,24.16379333333333,82.56367
INDIA_PROMOTED_000975,28.551233333333332,82.19507666666667
INDIA_PROMOTED_000976,21.42016666666667,70.65882666666667
INDIA_PROMOTED_000977,21.42935,70.79516333333333
INDIA_PROMOTED_000978,23.11422,70.06705666666666
INDIA_PROMOTED_000979,23.38355,70.42736666666666
INDIA_PROMOTED_000980,23.384623333333334,70.43830333333334
INDIA_PROMOTED_000981,24.00871666666667,69.58033999999999
INDIA_PROMOTED_000982,24.007506666666668,69.54015333333332
INDIA_PROMOTED_000983,24.04055,69.39098
INDIA_PROMOTED_000984,24.043173333333332,69.46323
INDIA_PROMOTED_000985,24.053659999999997,69.39666333333334
INDIA_PROMOTED_000986,24.071126666666668,69.37353
INDIA_PROMOTED_000987,24.07059,69.40762333333333
INDIA_PROMOTED_000988,24.070946666666668,69.41839666666665
INDIA_PROMOTED_000989,24.07267333333333,69.39779666666666
INDIA_PROMOTED_000990,24.075816666666668,69.42844000000001
INDIA_PROMOTED_000991,24.08035,69.41954333333332
INDIA_PROMOTED_000992,24.079250000000002,69.40346999999998
INDIA_PROMOTED_000993,24.084093333333332,69.42978
INDIA_PROMOTED_000994,24.086773333333337,69.39951
INDIA_PROMOTED_000995,24.09190666666667,69.40826
INDIA_PROMOTED_000996,24.091753333333333,69.46788
INDIA_PROMOTED_000997,24.095650000000003,69.39945666666667
INDIA_PROMOTED_000998,24.09808666666667,69.41939333333333
INDIA_PROMOTED_000999,24.101460000000003,69.40796999999999
INDIA_PROMOTED_001000,24.099643333333333,69.38940666666666
INDIA_PROMOTED_001001,24.099909999999998,69.43802000000001
INDIA_PROMOTED_001002,24.106906666666664,69.41383
INDIA_PROMOTED_001003,24.110883333333334,69.40374
INDIA_PROMOTED_001004,24.168553333333332,69.49500333333333
INDIA_PROMOTED_001005,24.18075333333333,69.49465
INDIA_PROMOTED_001006,28.517749999999996,68.33515
INDIA_PROMOTED_001007,30.22727,73.45607666666668
INDIA_PROMOTED_001008,30.44819666666667,73.34648
INDIA_PROMOTED_001009,30.459093333333332,73.50593333333333
INDIA_PROMOTED_001010,30.492019999999997,72.79450333333334
INDIA_PROMOTED_001011,30.551456666666667,73.38819333333333
INDIA_PROMOTED_001012,30.562603333333332,73.69525
INDIA_PROMOTED_001013,30.614630000000002,73.91077666666666
INDIA_PROMOTED_001014,30.680296666666663,73.63986333333334
INDIA_PROMOTED_001015,32.45917333333333,72.93581999999999
INDIA_PROMOTED_001016,23.697239999999997,87.09466666666667
INDIA_PROMOTED_001017,28.150116666666666,82.93973
INDIA_PROMOTED_001018,36.952666666666666,80.30741666666667
INDIA_PROMOTED_001019,30.839343333333332,73.45015
INDIA_PROMOTED_001020,31.050759999999997,77.86700666666667
INDIA_PROMOTED_001021,31.306896666666663,77.28112333333334
INDIA_PROMOTED_001022,31.33189333333333,77.37773333333332
INDIA_PROMOTED_001023,31.636183333333335,76.54070666666667
INDIA_PROMOTED_001024,32.727759999999996,75.24936000000001
INDIA_PROMOTED_001025,33.10494,74.02123
INDIA_PROMOTED_001026,33.11179333333333,74.01267333333332
INDIA_PROMOTED_001027,33.78719666666667,72.60264
INDIA_PROMOTED_001028,25.913483333333335,68.66655000000002
INDIA_PROMOTED_001029,27.327073333333335,95.13050666666668
INDIA_PROMOTED_001030,12.201096666666666,79.65127333333334
INDIA_PROMOTED_001031,19.685123333333333,75.64912
INDIA_PROMOTED_001032,20.842056666666664,82.46594333333333
INDIA_PROMOTED_001033,25.004606666666664,75.1931
INDIA_PROMOTED_001034,25.52407666666667,79.59538
INDIA_PROMOTED_001035,29.89599,72.57013
INDIA_PROMOTED_001036,29.929683333333333,72.42018666666667
INDIA_PROMOTED_001037,29.981949999999998,72.37039666666666
INDIA_PROMOTED_001038,29.99263666666667,72.36935999999999
INDIA_PROMOTED_001039,30.132536666666667,72.94249666666667
INDIA_PROMOTED_001040,30.469833333333337,72.72591999999999
INDIA_PROMOTED_001041,30.523936666666668,73.50537333333334
INDIA_PROMOTED_001042,30.580026666666665,73.65350333333333
INDIA_PROMOTED_001043,30.601610000000004,73.65496
INDIA_PROMOTED_001044,30.719683333333336,75.20683666666667
INDIA_PROMOTED_001045,30.75771333333333,73.29138666666667
INDIA_PROMOTED_001046,30.765150000000002,73.81951666666667
INDIA_PROMOTED_001047,30.815943333333333,74.24482333333333
INDIA_PROMOTED_001048,30.84371,73.83834
INDIA_PROMOTED_001049,30.870806666666667,73.16022666666667
INDIA_PROMOTED_001050,30.920370000000002,75.44293666666665
INDIA_PROMOTED_001051,31.025863333333334,74.21612666666668
INDIA_PROMOTED_001052,31.07919,73.71899333333333
INDIA_PROMOTED_001053,31.170593333333333,75.32390333333333
INDIA_PROMOTED_001054,31.18738666666667,75.47864333333334
INDIA_PROMOTED_001055,31.233876666666664,75.27507666666666
INDIA_PROMOTED_001056,31.861700000000003,74.06827666666668
INDIA_PROMOTED_001057,32.948366666666665,74.08631666666668
INDIA_PROMOTED_001058,32.9878,74.16475666666668
INDIA_PROMOTED_001059,33.0256,74.07035333333334
INDIA_PROMOTED_001060,34.216006666666665,72.93672333333335
INDIA_PROMOTED_001061,32.923276666666666,75.00249333333333
INDIA_PROMOTED_001062,32.94862666666666,74.57983333333334
INDIA_PROMOTED_001063,33.46203,73.71398333333333
INDIA_PROMOTED_001064,22.205479999999998,84.84711
INDIA_PROMOTED_001065,31.590993333333333,76.56155666666666
INDIA_PROMOTED_001066,8.681426666666667,77.77420666666667
INDIA_PROMOTED_001067,27.559606666666667,69.41995333333334
INDIA_PROMOTED_001068,27.789146666666667,67.93171000000001
INDIA_PROMOTED_001069,29.132756666666666,81.80192666666666
INDIA_PROMOTED_001070,29.53967,69.95542333333333
INDIA_PROMOTED_001071,29.605409999999996,79.11397000000001
INDIA_PROMOTED_001072,30.591530000000002,76.78322999999999
INDIA_PROMOTED_001073,30.98626333333333,75.48236666666666
INDIA_PROMOTED_001074,31.370123333333336,77.46100666666666
INDIA_PROMOTED_001075,31.378083333333336,77.46817666666668
INDIA_PROMOTED_001076,28.763256666666667,82.29469999999999
INDIA_PROMOTED_001077,34.188006666666666,72.93916666666667
INDIA_PROMOTED_001078,34.37991333333334,72.86849333333333
INDIA_PROMOTED_001079,34.47947333333334,71.47334000000001
INDIA_PROMOTED_001080,33.14364333333333,74.07024666666666
INDIA_PROMOTED_001081,20.941333333333333,86.06234333333333
INDIA_PROMOTED_001082,22.040719999999997,83.72569333333333
INDIA_PROMOTED_001083,22.212823333333333,84.87425333333333
INDIA_PROMOTED_001084,22.79204,86.19439666666666
INDIA_PROMOTED_001085,24.140936666666665,82.74881666666667
INDIA_PROMOTED_001086,28.676503333333333,76.95575333333333
INDIA_PROMOTED_001087,7.759036666666667,80.73181
INDIA_PROMOTED_001088,8.95114,78.04345666666667
INDIA_PROMOTED_001089,9.008493333333334,79.86476
INDIA_PROMOTED_001090,9.655706666666667,77.71709666666666
INDIA_PROMOTED_001091,13.283786666666666,78.54421
INDIA_PROMOTED_001092,28.36968,82.25908
INDIA_PROMOTED_001093,28.518056666666666,82.17343333333334
INDIA_PROMOTED_001094,29.613016666666667,72.30997333333335
INDIA_PROMOTED_001095,29.911113333333333,71.47015
INDIA_PROMOTED_001096,29.992683333333332,72.33704
INDIA_PROMOTED_001097,30.07205666666667,73.39000333333333
INDIA_PROMOTED_001098,30.17693,73.28597333333333
INDIA_PROMOTED_001099,30.210040000000003,72.65060333333332
INDIA_PROMOTED_001100,30.21862333333333,73.26771666666667
INDIA_PROMOTED_001101,30.251023333333332,72.52610333333332
INDIA_PROMOTED_001102,30.46079333333333,73.12671999999999
INDIA_PROMOTED_001103,30.474663333333336,73.82125666666667
INDIA_PROMOTED_001104,30.482770000000002,73.21568
INDIA_PROMOTED_001105,30.594346666666667,73.62028666666667
INDIA_PROMOTED_001106,30.613159999999997,73.95019
INDIA_PROMOTED_001107,30.67394,73.97252999999999
INDIA_PROMOTED_001108,31.103793333333332,73.39621333333334
INDIA_PROMOTED_001109,34.59435333333334,71.92557666666666
INDIA_PROMOTED_001110,37.21798333333333,79.7636
INDIA_PROMOTED_001111,20.96945333333333,85.03211
INDIA_PROMOTED_001112,21.181493333333332,81.38438333333333
INDIA_PROMOTED_001113,21.77397333333333,83.82611333333334
INDIA_PROMOTED_001114,22.03012,83.36688333333335
INDIA_PROMOTED_001115,22.16913333333333,83.47631333333332
INDIA_PROMOTED_001116,24.14061,82.59281
INDIA_PROMOTED_001117,14.948866666666666,77.25651333333333
INDIA_PROMOTED_001118,34.20502333333334,72.92203333333333
INDIA_PROMOTED_001119,25.483926666666665,68.73863
INDIA_PROMOTED_001120,8.736646666666667,81.13204
INDIA_PROMOTED_001121,27.04857,79.47359333333334
INDIA_PROMOTED_001122,30.40998,73.20777333333334
INDIA_PROMOTED_001123,30.446793333333332,73.5545
INDIA_PROMOTED_001124,30.490733333333335,73.84562666666666
INDIA_PROMOTED_001125,31.019663333333337,75.45066
INDIA_PROMOTED_001126,31.059230000000003,76.08494333333333
INDIA_PROMOTED_001127,36.787013333333334,81.59219999999999
INDIA_PROMOTED_001128,21.758309999999998,72.63645333333334
INDIA_PROMOTED_001129,29.84009,72.13947666666667
INDIA_PROMOTED_001130,22.315586666666665,82.55976333333334
INDIA_PROMOTED_001131,22.358203333333332,87.29164666666668
INDIA_PROMOTED_001132,23.765749999999997,86.39322333333332
INDIA_PROMOTED_001133,20.279773333333335,86.68644333333333
INDIA_PROMOTED_001134,13.720333333333334,79.91306666666667
INDIA_PROMOTED_001135,15.012206666666666,76.83417
INDIA_PROMOTED_001136,34.47655,71.65974
INDIA_PROMOTED_001137,34.50154,73.28996666666667
INDIA_PROMOTED_001138,34.54358333333334,71.99550666666666
INDIA_PROMOTED_001139,25.866026666666667,68.93406333333333
INDIA_PROMOTED_001140,27.288163333333333,73.83909333333334
INDIA_PROMOTED_001141,23.367393333333336,71.61270666666667
INDIA_PROMOTED_001142,25.800146666666667,80.68898333333334
INDIA_PROMOTED_001143,27.09758666666667,80.15367
INDIA_PROMOTED_001144,30.48291,73.84634000000001
INDIA_PROMOTED_001145,34.47922666666667,71.49108666666666
INDIA_PROMOTED_001146,22.59735333333333,72.11425666666666
INDIA_PROMOTED_001147,24.658263333333334,68.95984333333332
INDIA_PROMOTED_001148,27.501433333333335,67.96141
INDIA_PROMOTED_001149,27.688613333333333,68.55047666666667
INDIA_PROMOTED_001150,28.212946666666667,68.06325
INDIA_PROMOTED_001151,29.682466666666667,71.75597333333333
INDIA_PROMOTED_001152,29.697010000000002,72.08002
INDIA_PROMOTED_001153,29.93378,72.38557666666667
INDIA_PROMOTED_001154,29.95322333333333,77.17079
INDIA_PROMOTED_001155,29.98646666666667,72.71978
INDIA_PROMOTED_001156,30.02331666666667,71.43120333333333
INDIA_PROMOTED_001157,30.137666666666664,73.13661666666665
INDIA_PROMOTED_001158,30.17031,73.25642666666668
INDIA_PROMOTED_001159,30.268966666666667,72.54557
INDIA_PROMOTED_001160,30.29594,72.18281
INDIA_PROMOTED_001161,30.54909333333333,72.77014333333334
INDIA_PROMOTED_001162,30.665656666666667,74.05835666666667
INDIA_PROMOTED_001163,30.758286666666667,74.00342333333333
INDIA_PROMOTED_001164,30.776870000000002,73.94632666666666
INDIA_PROMOTED_001165,30.893330000000002,75.61793333333333
INDIA_PROMOTED_001166,30.903113333333334,74.34163666666667
INDIA_PROMOTED_001167,31.1863,75.31407666666667
INDIA_PROMOTED_001168,31.18713,75.34095333333335
INDIA_PROMOTED_001169,31.376590000000004,75.45979
INDIA_PROMOTED_001170,31.489050000000002,75.55656666666667
INDIA_PROMOTED_001171,31.86302333333333,73.09732333333334
INDIA_PROMOTED_001172,32.65239333333333,73.29446
INDIA_PROMOTED_001173,34.75057,71.97645333333332
INDIA_PROMOTED_001174,34.53370666666667,72.39493666666668
INDIA_PROMOTED_001175,34.756656666666665,71.98331333333333
INDIA_PROMOTED_001176,27.67983666666667,68.07461
INDIA_PROMOTED_001177,36.286723333333335,95.25040333333334
INDIA_PROMOTED_001178,6.71102,81.17215666666667
INDIA_PROMOTED_001179,9.565343333333333,80.43663000000001
INDIA_PROMOTED_001180,11.706119999999999,78.74535000000002
INDIA_PROMOTED_001181,25.672983333333335,79.96418333333334
INDIA_PROMOTED_001182,27.584036666666666,72.23770333333333
INDIA_PROMOTED_001183,28.759110000000003,80.16659
INDIA_PROMOTED_001184,29.719196666666665,72.46793333333333
INDIA_PROMOTED_001185,29.85345,72.16566
INDIA_PROMOTED_001186,29.857,72.1487
INDIA_PROMOTED_001187,29.884446666666665,72.26716333333333
INDIA_PROMOTED_001188,29.905213333333332,72.25924
INDIA_PROMOTED_001189,29.94765,71.37950333333333
INDIA_PROMOTED_001190,29.949796666666668,72.32701333333334
INDIA_PROMOTED_001191,29.971243333333334,72.25460666666667
INDIA_PROMOTED_001192,29.979643333333332,72.56067
INDIA_PROMOTED_001193,30.078266666666668,73.40781333333332
INDIA_PROMOTED_001194,30.09979,73.04705333333334
INDIA_PROMOTED_001195,30.107946666666663,73.08609333333334
INDIA_PROMOTED_001196,30.322823333333332,73.18139666666666
INDIA_PROMOTED_001197,30.346566666666664,73.50423333333333
INDIA_PROMOTED_001198,30.40646333333333,72.83472666666667
INDIA_PROMOTED_001199,30.42399,73.22386
INDIA_PROMOTED_001200,30.508213333333334,73.70518
INDIA_PROMOTED_001201,30.5094,73.51532
INDIA_PROMOTED_001202,30.53034,73.57194666666668
INDIA_PROMOTED_001203,30.553633333333334,73.54033
INDIA_PROMOTED_001204,30.563233333333333,72.87092
INDIA_PROMOTED_001205,30.586693333333333,72.84914333333334
INDIA_PROMOTED_001206,30.61899,73.89118
INDIA_PROMOTED_001207,30.62676,73.89751
INDIA_PROMOTED_001208,30.66318,72.55064666666667
INDIA_PROMOTED_001209,30.68899,72.81178
INDIA_PROMOTED_001210,30.715466666666668,74.20255
INDIA_PROMOTED_001211,30.71421666666667,73.96683
INDIA_PROMOTED_001212,30.78353,73.94783666666666
INDIA_PROMOTED_001213,30.786576666666665,73.82792666666667
INDIA_PROMOTED_001214,30.81323,74.17558000000001
INDIA_PROMOTED_001215,30.832530000000002,74.27275
INDIA_PROMOTED_001216,30.851113333333334,73.49873666666666
INDIA_PROMOTED_001217,30.882703333333335,73.8909
INDIA_PROMOTED_001218,30.940843333333333,75.31714333333332
INDIA_PROMOTED_001219,31.04621333333333,75.25578
INDIA_PROMOTED_001220,31.124973333333333,75.26516333333335
INDIA_PROMOTED_001221,31.142026666666666,72.61869333333333
INDIA_PROMOTED_001222,31.168073333333336,75.37262
INDIA_PROMOTED_001223,31.173413333333333,75.31060333333333
INDIA_PROMOTED_001224,34.35294333333333,72.14617666666668
INDIA_PROMOTED_001225,34.48380666666667,71.49911333333334
INDIA_PROMOTED_001226,34.122186666666664,72.90870666666666
INDIA_PROMOTED_001227,34.12424333333333,72.89453666666667
INDIA_PROMOTED_001228,34.37973666666667,72.72037999999999
INDIA_PROMOTED_001229,34.539229999999996,72.41126666666668
INDIA_PROMOTED_001230,15.185196666666668,76.66673999999999
INDIA_PROMOTED_001231,9.24459,80.68825
INDIA_PROMOTED_001232,11.430570000000001,79.37641333333335
INDIA_PROMOTED_001233,27.08822333333333,78.35611
INDIA_PROMOTED_001234,30.546786666666666,73.6296
INDIA_PROMOTED_001235,30.66388333333333,73.74836333333333
INDIA_PROMOTED_001236,31.113073333333336,75.26705666666668
INDIA_PROMOTED_001237,31.115259999999996,75.27950666666668
INDIA_PROMOTED_001238,31.137643333333333,75.31277
INDIA_PROMOTED_001239,33.80607666666666,73.62164333333334
INDIA_PROMOTED_001240,33.82230333333334,73.18569
INDIA_PROMOTED_001241,34.14415333333333,72.73813666666666
INDIA_PROMOTED_001242,34.657360000000004,71.84465
INDIA_PROMOTED_001243,33.88439333333333,73.07817666666666
INDIA_PROMOTED_001244,34.444273333333335,71.7366
INDIA_PROMOTED_001245,34.44687666666667,71.72469
INDIA_PROMOTED_001246,34.52993,72.41637666666666
INDIA_PROMOTED_001247,34.66377,71.83066666666666
INDIA_PROMOTED_001248,23.61941,70.56366333333334
INDIA_PROMOTED_001249,27.668629999999997,68.09454333333333
INDIA_PROMOTED_001250,29.484203333333337,71.87239999999998
INDIA_PROMOTED_001251,29.584716666666665,72.07139
INDIA_PROMOTED_001252,29.660456666666665,72.31908666666668
INDIA_PROMOTED_001253,29.672046666666663,72.36121000000001
INDIA_PROMOTED_001254,29.69436,72.09297333333333
INDIA_PROMOTED_001255,29.766196666666662,72.36489999999999
INDIA_PROMOTED_001256,29.84533,72.01436
INDIA_PROMOTED_001257,29.987276666666663,72.80814333333335
INDIA_PROMOTED_001258,30.09201,72.56988333333334
INDIA_PROMOTED_001259,30.173509999999997,72.98618333333333
INDIA_PROMOTED_001260,30.229779999999995,72.91904000000001
INDIA_PROMOTED_001261,30.452843333333334,71.72786
INDIA_PROMOTED_001262,30.527066666666666,72.86086666666667
INDIA_PROMOTED_001263,30.761746666666667,72.90847000000001
INDIA_PROMOTED_001264,34.439326666666666,71.72397666666666
INDIA_PROMOTED_001265,34.45328,71.74264666666666
INDIA_PROMOTED_001266,34.45093333333333,71.75415666666667
INDIA_PROMOTED_001267,34.69056666666666,72.78033666666667
INDIA_PROMOTED_001268,27.634676666666667,67.65794
INDIA_PROMOTED_001269,34.41687666666667,72.73553
INDIA_PROMOTED_001270,34.45968,71.76329666666668
INDIA_PROMOTED_001271,34.696783333333336,72.78545666666666
INDIA_PROMOTED_001272,23.736513333333335,85.02177666666667
INDIA_PROMOTED_001273,24.15013,82.58434333333334
INDIA_PROMOTED_001274,11.260216666666667,79.45872666666666
INDIA_PROMOTED_001275,8.744986666666668,78.16263333333335
INDIA_PROMOTED_001276,29.49848,71.49401999999999
INDIA_PROMOTED_001277,29.717043333333333,71.96732666666668
INDIA_PROMOTED_001278,29.773523333333333,72.50704666666667
INDIA_PROMOTED_001279,29.871679999999998,72.33612666666666
INDIA_PROMOTED_001280,29.929460000000002,71.83796000000001
INDIA_PROMOTED_001281,29.980543333333333,72.59256333333333
INDIA_PROMOTED_001282,30.03777666666667,72.58199
INDIA_PROMOTED_001283,30.22947666666667,73.12982333333333
INDIA_PROMOTED_001284,30.27446,73.00041333333333
INDIA_PROMOTED_001285,30.402293333333333,73.23978666666666
INDIA_PROMOTED_001286,30.434156666666667,72.84025000000001
INDIA_PROMOTED_001287,30.57711666666667,72.85833666666666
INDIA_PROMOTED_001288,30.72712,73.96292
INDIA_PROMOTED_001289,30.76013,74.03152333333333
INDIA_PROMOTED_001290,30.84532,73.40401333333334
INDIA_PROMOTED_001291,31.349253333333333,72.71311666666666
INDIA_PROMOTED_001292,34.490053333333336,71.95781333333333
INDIA_PROMOTED_001293,34.702306666666665,72.77692
INDIA_PROMOTED_001294,27.422703333333335,72.41632333333334
INDIA_PROMOTED_001295,29.961299999999998,72.34771666666667
INDIA_PROMOTED_001296,30.356743333333338,73.50671
INDIA_PROMOTED_001297,20.866336666666665,84.99798666666666
INDIA_PROMOTED_001298,27.745326666666667,67.76409
INDIA_PROMOTED_001299,28.093400000000003,67.77158333333334
INDIA_PROMOTED_001300,7.503196666666667,81.21247000000001
INDIA_PROMOTED_001301,30.399819999999995,73.60671666666667
INDIA_PROMOTED_001302,30.701583333333335,74.04812666666666
INDIA_PROMOTED_001303,31.73037666666667,72.68909000000001
INDIA_PROMOTED_001304,9.271983333333333,77.48811
INDIA_PROMOTED_001305,29.557916666666667,71.80408666666666
INDIA_PROMOTED_001306,29.677196666666664,71.73722
INDIA_PROMOTED_001307,29.78421333333333,72.49514
INDIA_PROMOTED_001308,29.903796666666665,72.15938333333334
INDIA_PROMOTED_001309,29.993616666666668,72.46996
INDIA_PROMOTED_001310,30.030726666666666,72.54756666666667
INDIA_PROMOTED_001311,30.14261,73.38229666666668
INDIA_PROMOTED_001312,30.152893333333335,72.81872666666666
INDIA_PROMOTED_001313,30.156756666666666,72.38766666666666
INDIA_PROMOTED_001314,30.232673333333334,73.23653666666667
INDIA_PROMOTED_001315,30.401840000000004,73.65195
INDIA_PROMOTED_001316,30.559749999999998,73.68410333333333
INDIA_PROMOTED_001317,30.584746666666664,73.73848333333332
INDIA_PROMOTED_001318,30.722220000000004,73.99940333333333
INDIA_PROMOTED_001319,32.51649666666667,71.82753333333334
INDIA_PROMOTED_001320,34.47732,71.68927000000001
INDIA_PROMOTED_001321,26.97926,67.24165333333333
INDIA_PROMOTED_001322,8.187366666666668,81.32741333333334
INDIA_PROMOTED_001323,29.49891,71.70016
INDIA_PROMOTED_001324,29.719620000000003,72.2899
INDIA_PROMOTED_001325,29.847153333333335,72.15744333333333
INDIA_PROMOTED_001326,29.864923333333333,72.32805
INDIA_PROMOTED_001327,29.92197333333333,71.80081333333332
INDIA_PROMOTED_001328,29.930603333333334,72.22242999999999
INDIA_PROMOTED_001329,29.938013333333334,71.44408333333332
INDIA_PROMOTED_001330,29.960346666666666,72.17677666666667
INDIA_PROMOTED_001331,29.964393333333334,71.48723
INDIA_PROMOTED_001332,29.991486666666663,72.42189333333334
INDIA_PROMOTED_001333,30.004036666666664,72.61557333333333
INDIA_PROMOTED_001334,30.043196666666663,73.02574666666666
INDIA_PROMOTED_001335,30.041433333333334,71.96231333333333
INDIA_PROMOTED_001336,30.15524666666667,71.88303333333333
INDIA_PROMOTED_001337,30.332936666666665,73.51153
INDIA_PROMOTED_001338,30.388133333333332,73.05421666666666
INDIA_PROMOTED_001339,30.39678333333333,72.45573666666667
INDIA_PROMOTED_001340,30.52797,72.37731000000001
INDIA_PROMOTED_001341,30.540283333333335,73.99284
INDIA_PROMOTED_001342,30.564023333333335,72.82179000000001
INDIA_PROMOTED_001343,30.70153,74.19897666666667
INDIA_PROMOTED_001344,30.81077,74.03592666666667
INDIA_PROMOTED_001345,30.859813333333335,73.91545666666666
INDIA_PROMOTED_001346,31.058139999999998,73.67065
INDIA_PROMOTED_001347,28.443393333333333,68.45383333333334
INDIA_PROMOTED_001348,27.30413,79.42542666666667
INDIA_PROMOTED_001349,30.478953333333333,73.72673666666667
INDIA_PROMOTED_001350,30.511943333333335,73.34552000000001
INDIA_PROMOTED_001351,30.544659999999997,73.77286
INDIA_PROMOTED_001352,30.612913333333335,73.89887666666667
INDIA_PROMOTED_001353,30.627709999999997,73.54877333333333
INDIA_PROMOTED_001354,30.70244,73.58158999999999
INDIA_PROMOTED_001355,30.72988666666667,73.95236
INDIA_PROMOTED_001356,30.788763333333332,73.91667333333334
INDIA_PROMOTED_001357,30.850763333333333,73.88364666666666
INDIA_PROMOTED_001358,34.45015333333333,72.69555
INDIA_PROMOTED_001359,26.2632,89.22578333333333
INDIA_PROMOTED_001360,34.443066666666674,72.69858666666666
INDIA_PROMOTED_001361,24.93111,84.14783
INDIA_PROMOTED_001362,24.939833333333336,86.71814333333334
INDIA_PROMOTED_001363,6.796363333333333,81.27370333333333
INDIA_PROMOTED_001364,6.938483333333333,81.65084666666668
INDIA_PROMOTED_001365,7.237513333333333,81.39643666666666
INDIA_PROMOTED_001366,11.273306666666665,79.47482000000001
INDIA_PROMOTED_001367,11.585389999999999,78.19785666666667
INDIA_PROMOTED_001368,29.495053333333335,71.02366
INDIA_PROMOTED_001369,27.57808,81.30381666666666
INDIA_PROMOTED_001370,34.752903333333336,72.09792666666668
INDIA_PROMOTED_001371,9.869810000000001,78.09037666666667
INDIA_PROMOTED_001372,34.41068333333333,72.71777333333334
INDIA_PROMOTED_001373,34.45165666666667,72.71591666666667
INDIA_PROMOTED_001374,8.231536666666665,93.12211333333333
INDIA_PROMOTED_001375,9.263976666666666,77.66791
INDIA_PROMOTED_001376,27.291163333333333,92.60785666666668
INDIA_PROMOTED_001377,29.500653333333332,71.02914666666666
INDIA_PROMOTED_001378,29.502123333333333,71.73949333333333
INDIA_PROMOTED_001379,29.74532333333333,71.51014666666667
INDIA_PROMOTED_001380,29.871303333333334,72.07925
INDIA_PROMOTED_001381,29.890006666666668,72.16049666666667
INDIA_PROMOTED_001382,29.92654,72.38588333333333
INDIA_PROMOTED_001383,29.942239999999998,72.06045333333334
INDIA_PROMOTED_001384,29.948503333333335,72.46438
INDIA_PROMOTED_001385,29.95362,72.55178333333333
INDIA_PROMOTED_001386,29.968843333333336,71.21822333333334
INDIA_PROMOTED_001387,30.02812666666667,72.85244999999999
INDIA_PROMOTED_001388,30.05526,71.47361
INDIA_PROMOTED_001389,30.056389999999997,71.27929
INDIA_PROMOTED_001390,30.328946666666667,73.06320666666666
INDIA_PROMOTED_001391,30.336556666666667,73.14263333333334
INDIA_PROMOTED_001392,30.378406666666667,73.09688000000001
INDIA_PROMOTED_001393,30.52248333333333,72.32460333333334
INDIA_PROMOTED_001394,30.549216666666666,71.64198666666665
INDIA_PROMOTED_001395,34.44341333333333,72.71646666666668
INDIA_PROMOTED_001396,23.651093333333336,68.56233
INDIA_PROMOTED_001397,27.640443333333334,67.18766
INDIA_PROMOTED_001398,27.647546666666667,67.19335
INDIA_PROMOTED_001399,28.008826666666664,67.34188666666667
INDIA_PROMOTED_001400,29.730796666666663,71.90493333333333
INDIA_PROMOTED_001401,37.71112,67.07887999999998
INDIA_PROMOTED_001402,6.854856666666667,81.11280333333333
INDIA_PROMOTED_001403,27.67049,67.19908
INDIA_PROMOTED_001404,29.784413333333333,72.62892333333333
INDIA_PROMOTED_001405,29.925263333333334,72.33700666666667
INDIA_PROMOTED_001406,29.924063333333336,72.31559333333333
INDIA_PROMOTED_001407,30.101973333333333,72.69368666666666
INDIA_PROMOTED_001408,30.504916666666663,72.14128666666666
INDIA_PROMOTED_001409,30.57391,73.10098
INDIA_PROMOTED_001410,31.06515,74.61662666666668
INDIA_PROMOTED_001411,29.6079,72.34388666666666
INDIA_PROMOTED_001412,29.648989999999998,72.29867666666667
INDIA_PROMOTED_001413,29.729393333333334,72.33312
INDIA_PROMOTED_001414,29.8031,72.06896333333334
INDIA_PROMOTED_001415,29.934973333333335,72.25308333333334
INDIA_PROMOTED_001416,29.959999999999997,72.11943333333333
INDIA_PROMOTED_001417,30.10911,72.68458333333332
INDIA_PROMOTED_001418,30.306269999999998,72.1546
INDIA_PROMOTED_001419,30.81287,73.09776333333333
INDIA_PROMOTED_001420,31.221886666666666,72.69639
INDIA_PROMOTED_001421,37.39367666666667,69.36505333333334
INDIA_PROMOTED_001422,20.12529333333333,79.02204666666667
INDIA_PROMOTED_001423,6.354316666666667,81.29040666666667
INDIA_PROMOTED_001424,23.186400000000003,68.87510000000002
INDIA_PROMOTED_001425,24.018140000000002,69.53963666666667
INDIA_PROMOTED_001426,24.076620000000002,69.61576
INDIA_PROMOTED_001427,24.085363333333333,69.56732
INDIA_PROMOTED_001428,24.084553333333332,69.55930666666667
INDIA_PROMOTED_001429,29.554496666666665,71.48505
INDIA_PROMOTED_001430,29.70623666666667,71.88909333333334
INDIA_PROMOTED_001431,29.70734333333333,72.42065666666666
INDIA_PROMOTED_001432,29.730933333333336,72.47242333333334
INDIA_PROMOTED_001433,29.7895,72.04921666666667
INDIA_PROMOTED_001434,29.848309999999998,71.63167333333332
INDIA_PROMOTED_001435,29.89352333333333,72.22997
INDIA_PROMOTED_001436,29.917893333333335,71.70864666666667
INDIA_PROMOTED_001437,30.04577666666667,72.61218666666666
INDIA_PROMOTED_001438,30.309903333333335,73.28994666666667
INDIA_PROMOTED_001439,30.41313,73.13457333333334
INDIA_PROMOTED_001440,9.497983333333332,78.58928666666667
INDIA_PROMOTED_001441,29.736306666666668,72.14022
INDIA_PROMOTED_001442,29.759050000000002,72.41212666666667
INDIA_PROMOTED_001443,29.882943333333333,72.15446333333334
INDIA_PROMOTED_001444,29.94035333333333,72.18389
INDIA_PROMOTED_001445,30.075206666666663,73.34286666666667
INDIA_PROMOTED_001446,30.177533333333333,73.31374333333333
INDIA_PROMOTED_001447,30.43516,73.58846
INDIA_PROMOTED_001448,30.495590000000004,73.80343333333333
INDIA_PROMOTED_001449,30.617883333333335,73.92419333333332
INDIA_PROMOTED_001450,30.614053333333334,73.87622666666665
INDIA_PROMOTED_001451,30.753829999999997,73.95111333333334
INDIA_PROMOTED_001452,30.79668,73.96242
INDIA_PROMOTED_001453,30.824236666666668,73.35358666666667
INDIA_PROMOTED_001454,30.926186666666666,72.20804
INDIA_PROMOTED_001455,30.955556666666666,75.26248666666667
INDIA_PROMOTED_001456,31.081456666666668,75.31247
INDIA_PROMOTED_001457,31.891583333333333,73.11008
INDIA_PROMOTED_001458,7.596323333333333,81.61635
INDIA_PROMOTED_001459,9.461266666666667,78.69255666666666
INDIA_PROMOTED_001460,33.2597,70.69037
INDIA_PROMOTED_001461,6.842843333333334,81.7844
INDIA_PROMOTED_001462,7.643726666666667,81.11554333333333
INDIA_PROMOTED_001463,7.643286666666666,81.12924666666666
INDIA_PROMOTED_001464,11.721559999999998,78.73791
INDIA_PROMOTED_001465,27.68854,68.03445666666666
INDIA_PROMOTED_001466,29.948430000000002,72.35970333333331
INDIA_PROMOTED_001467,29.973346666666668,72.62885333333334
INDIA_PROMOTED_001468,22.330873333333333,82.53226333333333
INDIA_PROMOTED_001469,6.701036666666667,81.59380666666667
INDIA_PROMOTED_001470,6.889336666666666,80.84380333333333
INDIA_PROMOTED_001471,29.780540000000002,72.41834333333334
INDIA_PROMOTED_001472,29.942183333333332,72.21623333333334
INDIA_PROMOTED_001473,29.674826666666664,72.12084666666668
INDIA_PROMOTED_001474,29.828613333333333,72.11091666666668
INDIA_PROMOTED_001475,14.764923333333334,79.17445666666667
INDIA_PROMOTED_001476,14.766566666666668,79.18403333333333
INDIA_PROMOTED_001477,34.42213666666667,72.70921333333332
INDIA_PROMOTED_001478,8.869069999999999,77.89135666666667
INDIA_PROMOTED_001479,9.513606666666666,78.62295333333333
INDIA_PROMOTED_001480,11.319550000000001,78.57995666666666
INDIA_PROMOTED_001481,12.671033333333334,80.18662333333333
INDIA_PROMOTED_001482,13.193660000000001,78.69225999999999
INDIA_PROMOTED_001483,13.267103333333333,80.08686666666667
INDIA_PROMOTED_001484,29.750576666666664,72.35805666666668
INDIA_PROMOTED_001485,30.579316666666667,73.73088333333334
INDIA_PROMOTED_001486,30.932746666666663,73.27214333333333
INDIA_PROMOTED_001487,33.25902333333334,70.70203666666667
INDIA_PROMOTED_001488,6.782273333333333,80.85222666666667
INDIA_PROMOTED_001489,12.289000000000001,79.93566666666668
INDIA_PROMOTED_001490,22.368703333333332,91.38880666666667
INDIA_PROMOTED_001491,25.230990000000002,93.91205333333333
INDIA_PROMOTED_001492,9.955963333333333,78.23223333333334
INDIA_PROMOTED_001493,11.591436666666667,78.20658
INDIA_PROMOTED_001494,15.007946666666667,79.99184666666666
INDIA_PROMOTED_001495,15.175603333333333,76.68018333333333
INDIA_PROMOTED_001496,15.371713333333332,78.36226333333333
INDIA_PROMOTED_001497,21.798150000000003,73.19409
INDIA_PROMOTED_001498,31.747556666666668,73.13483666666666
INDIA_PROMOTED_001499,31.817940000000004,70.82805333333333
INDIA_PROMOTED_001500,14.773196666666669,79.16052666666667
INDIA_PROMOTED_001501,13.241416666666666,79.66338333333334
INDIA_PROMOTED_001502,14.261989999999999,80.12607333333334
INDIA_PROMOTED_001503,30.24242,67.61411
INDIA_PROMOTED_001504,34.25400333333334,71.39039333333334
INDIA_PROMOTED_001505,34.40925666666667,72.70222666666666
INDIA_PROMOTED_001506,6.8738166666666665,81.62158333333333
INDIA_PROMOTED_001507,29.654853333333335,72.37707999999999
INDIA_PROMOTED_001508,29.77841666666667,72.00079666666666
INDIA_PROMOTED_001509,29.947216666666666,71.27275666666667
INDIA_PROMOTED_001510,30.042469999999998,71.45643333333334
INDIA_PROMOTED_001511,30.089633333333335,72.28438000000001
INDIA_PROMOTED_001512,30.226636666666668,72.48776
INDIA_PROMOTED_001513,30.47129666666667,72.30331333333334
INDIA_PROMOTED_001514,30.98724,72.07615666666668
INDIA_PROMOTED_001515,31.211830000000003,72.61635666666668
INDIA_PROMOTED_001516,31.02913,76.61856333333334
INDIA_PROMOTED_001517,9.206339999999999,77.29922333333333
INDIA_PROMOTED_001518,9.214003333333332,77.29342666666668
INDIA_PROMOTED_001519,9.22209,77.29935666666667
INDIA_PROMOTED_001520,9.224386666666666,77.30932333333334
INDIA_PROMOTED_001521,12.87122,79.43387
INDIA_PROMOTED_001522,7.53575,81.19594666666666
INDIA_PROMOTED_001523,29.649443333333334,72.36146666666666
INDIA_PROMOTED_001524,29.803910000000002,72.70919666666667
INDIA_PROMOTED_001525,29.85929,72.29247333333333
INDIA_PROMOTED_001526,29.931570000000004,71.79852666666666
INDIA_PROMOTED_001527,30.846433333333334,74.28784666666667
INDIA_PROMOTED_001528,31.186310000000002,75.48932
INDIA_PROMOTED_001529,27.442026666666663,70.62695333333333
INDIA_PROMOTED_001530,29.68235,72.39938333333333
INDIA_PROMOTED_001531,7.5924966666666664,81.60336666666667
INDIA_PROMOTED_001532,23.716760000000004,87.97787
INDIA_PROMOTED_001533,29.761120000000002,72.06551
INDIA_PROMOTED_001534,9.097140000000001,77.43341
INDIA_PROMOTED_001535,29.78916666666667,72.65684
INDIA_PROMOTED_001536,29.851626666666665,72.35099666666666
INDIA_PROMOTED_001537,29.874283333333334,72.61403666666666
INDIA_PROMOTED_001538,22.37978,87.29129
INDIA_PROMOTED_001539,20.9642,86.04936
INDIA_PROMOTED_001540,9.328809999999999,77.34872666666666
INDIA_PROMOTED_001541,6.812633333333333,81.05235
INDIA_PROMOTED_001542,7.63991,81.31309666666668
INDIA_PROMOTED_001543,10.898313333333334,77.99601666666668
INDIA_PROMOTED_001544,29.885893333333332,72.25394333333332
INDIA_PROMOTED_001545,30.056893333333335,73.26822
INDIA_PROMOTED_001546,31.66947,72.68495
INDIA_PROMOTED_001547,37.30434333333333,77.71931666666666
INDIA_PROMOTED_001548,9.185796666666667,77.30374333333333
INDIA_PROMOTED_001549,9.411886666666666,78.70931
INDIA_PROMOTED_001550,27.679556666666667,68.57733666666667
INDIA_PROMOTED_001551,28.786819999999995,76.94907666666667
INDIA_PROMOTED_001552,7.196513333333333,81.73400333333335
INDIA_PROMOTED_001553,7.49633,81.26852000000001
INDIA_PROMOTED_001554,7.512183333333333,81.24549666666667
INDIA_PROMOTED_001555,7.520293333333332,81.18911000000001
INDIA_PROMOTED_001556,7.523623333333333,81.19798666666667
INDIA_PROMOTED_001557,7.528919999999999,81.18764666666668
INDIA_PROMOTED_001558,23.82338333333333,84.57549333333334
INDIA_PROMOTED_001559,6.934830000000001,80.83570333333334
INDIA_PROMOTED_001560,6.941263333333333,80.83075333333333
INDIA_PROMOTED_001561,7.192596666666667,81.18719666666667
INDIA_PROMOTED_001562,10.062353333333334,77.40702
INDIA_PROMOTED_001563,8.351766666666666,81.30341
INDIA_PROMOTED_001564,37.164449999999995,68.51637
INDIA_PROMOTED_001565,28.302003333333335,67.87514666666668
INDIA_PROMOTED_001566,6.964359999999999,81.62378333333334
INDIA_PROMOTED_001567,7.5127033333333335,81.22981
INDIA_PROMOTED_001568,7.608516666666667,81.17400666666667
INDIA_PROMOTED_001569,7.729023333333333,81.22319666666667
INDIA_PROMOTED_001570,8.616163333333333,77.95782000000001
INDIA_PROMOTED_001571,29.511013333333334,72.01953999999999
INDIA_PROMOTED_001572,6.70652,80.91798333333334
INDIA_PROMOTED_001573,7.020433333333333,81.41454
INDIA_PROMOTED_001574,7.247733333333334,81.13164666666667
INDIA_PROMOTED_001575,6.71079,81.21373333333334
INDIA_PROMOTED_001576,7.23846,81.78960000000001
INDIA_PROMOTED_001577,7.500763333333334,81.25819
INDIA_PROMOTED_001578,7.997963333333334,80.21789333333334
INDIA_PROMOTED_001579,10.382443333333335,77.46824666666667
INDIA_PROMOTED_001580,29.66241666666666,72.26722
INDIA_PROMOTED_001581,6.692296666666667,81.16947333333333
INDIA_PROMOTED_001582,6.693513333333333,81.21801666666666
INDIA_PROMOTED_001583,6.701116666666667,81.22378666666667
INDIA_PROMOTED_001584,6.7011866666666675,81.23526
INDIA_PROMOTED_001585,6.833093333333334,80.95742333333334
INDIA_PROMOTED_001586,6.975413333333333,81.62970666666666
INDIA_PROMOTED_001587,8.661706666666667,77.87458666666667
INDIA_PROMOTED_001588,11.784483333333334,79.44534333333333
INDIA_PROMOTED_001589,8.868086666666667,78.12177333333334
INDIA_PROMOTED_001590,7.865866666666666,81.30735
INDIA_PROMOTED_001591,11.45832,79.23942333333333
INDIA_PROMOTED_001592,28.51659666666667,70.58743333333334
INDIA_PROMOTED_001593,7.503253333333333,81.19471333333333
INDIA_PROMOTED_001594,9.910210000000001,77.69414666666667
INDIA_PROMOTED_001595,15.186773333333335,76.65887666666667
INDIA_PROMOTED_001596,6.837409999999999,80.96433
INDIA_PROMOTED_001597,11.833026666666667,79.73212
INDIA_PROMOTED_001598,7.13788,81.76015
INDIA_PROMOTED_001599,7.17408,81.79431333333333
INDIA_PROMOTED_001600,7.556123333333333,81.66121333333332
INDIA_PROMOTED_001601,9.843770000000001,78.26631666666667
INDIA_PROMOTED_001602,28.662613333333336,77.57891666666667
INDIA_PROMOTED_001603,7.35867,81.16937333333333
INDIA_PROMOTED_001604,9.518126666666667,77.78899999999999
INDIA_PROMOTED_001605,7.616363333333333,81.14736333333333
INDIA_PROMOTED_001606,7.092176666666667,80.84739333333333
INDIA_PROMOTED_001607,28.96558333333333,71.29747333333333
INDIA_PROMOTED_001608,29.476460000000003,76.85966666666667
INDIA_PROMOTED_001609,36.792593333333336,93.38536
INDIA_PROMOTED_001610,6.774126666666667,81.44280333333334
INDIA_PROMOTED_001611,6.897836666666667,81.80946333333333
INDIA_PROMOTED_001612,7.155006666666666,81.80852333333333
INDIA_PROMOTED_001613,7.303546666666667,81.69338666666665
INDIA_PROMOTED_001614,7.302556666666667,81.57789333333334
INDIA_PROMOTED_001615,7.358796666666667,81.34944666666667
INDIA_PROMOTED_001616,7.446233333333333,81.70173
INDIA_PROMOTED_001617,7.65617,81.57568333333334
INDIA_PROMOTED_001618,37.56073333333333,69.10572
INDIA_PROMOTED_001619,6.888756666666667,81.56592666666667
INDIA_PROMOTED_001620,28.27507,77.18382666666668
INDIA_PROMOTED_001621,28.374380000000002,77.22615333333333
INDIA_PROMOTED_001622,7.261680000000001,80.87784333333333
INDIA_PROMOTED_001623,7.378643333333334,81.12119666666666
INDIA_PROMOTED_001624,7.401513333333334,81.38282333333333
INDIA_PROMOTED_001625,7.6116166666666665,81.43382333333334
INDIA_PROMOTED_001626,8.766203333333333,80.23356666666666
INDIA_PROMOTED_001627,28.383793333333333,67.92324333333333
INDIA_PROMOTED_001628,23.678873333333332,86.07139333333333
INDIA_PROMOTED_001629,11.151593333333333,78.02712666666667
INDIA_PROMOTED_001630,7.037400000000001,81.24381666666666
INDIA_PROMOTED_001631,8.8249,78.08809000000001
INDIA_PROMOTED_001632,7.683696666666667,81.29642666666666
INDIA_PROMOTED_001633,30.060596666666665,71.42856
INDIA_PROMOTED_001634,29.933176666666668,72.94627
INDIA_PROMOTED_001635,20.70649,94.89595000000001
INDIA_PROMOTED_001636,33.173120000000004,70.45072666666668
INDIA_PROMOTED_001637,29.560999999999996,90.98978666666669
INDIA_PROMOTED_001638,9.765126666666667,78.28659666666667
INDIA_PROMOTED_001639,9.879063333333333,78.25780000000002
INDIA_PROMOTED_001640,10.592076666666665,79.70249333333334
INDIA_PROMOTED_001641,31.25025666666667,76.92989999999999
INDIA_PROMOTED_001642,7.2381,81.22690666666666
INDIA_PROMOTED_001643,18.957143333333335,73.94288666666667
INDIA_PROMOTED_001644,8.371336666666666,80.19925
INDIA_PROMOTED_001645,30.165856666666667,73.29790000000001
INDIA_PROMOTED_001646,6.90203,81.61503333333333
INDIA_PROMOTED_001647,6.909763333333333,81.66510333333333
INDIA_PROMOTED_001648,7.643506666666667,80.96270333333332
INDIA_PROMOTED_001649,9.339553333333333,77.71564333333335
INDIA_PROMOTED_001650,28.123693333333335,69.23248
INDIA_PROMOTED_001651,28.519396666666665,70.57007666666665
INDIA_PROMOTED_001652,29.28211333333333,70.94994333333334
INDIA_PROMOTED_001653,23.67131333333333,86.93495999999999
INDIA_PROMOTED_001654,23.71954666666667,86.41994666666666
INDIA_PROMOTED_001655,24.199453333333334,82.71505
INDIA_PROMOTED_001656,24.782606666666666,67.35933333333334
INDIA_PROMOTED_001657,6.74988,81.74866999999999
INDIA_PROMOTED_001658,7.279726666666666,81.22967
INDIA_PROMOTED_001659,8.231989999999998,80.75724666666667
INDIA_PROMOTED_001660,8.317413333333333,80.24944333333333
INDIA_PROMOTED_001661,8.469653333333333,80.25695666666667
INDIA_PROMOTED_001662,9.535296666666666,78.51975666666668
INDIA_PROMOTED_001663,10.00703,78.03692666666667
INDIA_PROMOTED_001664,14.280406666666666,77.43465333333332
INDIA_PROMOTED_001665,14.296483333333335,77.43786333333333
INDIA_PROMOTED_001666,14.30738,77.44108333333332
INDIA_PROMOTED_001667,14.783506666666668,77.37322
INDIA_PROMOTED_001668,29.806323333333335,72.29365666666668
INDIA_PROMOTED_001669,29.949303333333336,72.59440333333333
INDIA_PROMOTED_001670,30.888756666666666,73.19871333333333
INDIA_PROMOTED_001671,30.919943333333336,71.95514333333334
INDIA_PROMOTED_001672,9.528163333333334,77.44885999999998
INDIA_PROMOTED_001673,27.241043333333334,88.30337999999999
INDIA_PROMOTED_001674,6.715956666666667,81.09513666666668
INDIA_PROMOTED_001675,6.964216666666666,81.59163666666666
INDIA_PROMOTED_001676,7.754576666666666,81.52892000000001
INDIA_PROMOTED_001677,14.788726666666667,79.71171666666667
INDIA_PROMOTED_001678,14.795606666666666,79.71654666666667
INDIA_PROMOTED_001679,17.95557666666667,80.79482666666667
INDIA_PROMOTED_001680,24.89207,91.68435
INDIA_PROMOTED_001681,6.673853333333334,81.06273333333333
INDIA_PROMOTED_001682,8.433273333333334,80.24696999999999
INDIA_PROMOTED_001683,25.460926666666666,83.14050000000002
INDIA_PROMOTED_001684,29.67205,72.23902666666667
INDIA_PROMOTED_001685,29.981986666666668,72.61843666666665
INDIA_PROMOTED_001686,10.615923333333335,77.42053333333332
INDIA_PROMOTED_001687,21.1965,81.39803666666667
INDIA_PROMOTED_001688,7.82905,81.38569333333332
INDIA_PROMOTED_001689,37.20186,68.13023333333334
INDIA_PROMOTED_001690,22.064223333333334,88.122
INDIA_PROMOTED_001691,7.2048266666666665,81.10349000000001
INDIA_PROMOTED_001692,37.38944,67.25057
INDIA_PROMOTED_001693,6.661766666666666,81.23001000000001
INDIA_PROMOTED_001694,6.770256666666666,81.36985666666668
INDIA_PROMOTED_001695,7.86994,81.49112666666666
INDIA_PROMOTED_001696,29.97747,72.60380333333332
INDIA_PROMOTED_001697,7.508323333333333,81.09748333333334
INDIA_PROMOTED_001698,8.313506666666667,80.15835
INDIA_PROMOTED_001699,29.04124333333333,71.56819666666667
INDIA_PROMOTED_001700,29.08366,71.45107333333334
INDIA_PROMOTED_001701,29.082716666666666,71.46129
INDIA_PROMOTED_001702,29.144103333333334,71.82695333333334
INDIA_PROMOTED_001703,29.859106666666666,72.66787000000001
INDIA_PROMOTED_001704,22.783753333333333,86.20399333333334
INDIA_PROMOTED_001705,33.24863333333334,71.2922
INDIA_PROMOTED_001706,6.361016666666667,81.15017
INDIA_PROMOTED_001707,7.209856666666667,81.25070333333333
INDIA_PROMOTED_001708,7.879116666666666,81.48561333333333
INDIA_PROMOTED_001709,8.591866666666666,80.5495
INDIA_PROMOTED_001710,8.909323333333333,80.47859666666666
INDIA_PROMOTED_001711,10.746073333333333,79.59582333333333
INDIA_PROMOTED_001712,31.14788,74.87815333333333
INDIA_PROMOTED_001713,7.200303333333333,81.78112666666665
INDIA_PROMOTED_001714,7.35725,81.24364333333334
INDIA_PROMOTED_001715,7.4704033333333335,81.70783
INDIA_PROMOTED_001716,7.52758,81.06852
INDIA_PROMOTED_001717,29.72547,72.10503999999999
INDIA_PROMOTED_001718,6.310263333333334,81.13366
INDIA_PROMOTED_001719,6.695373333333333,81.38724333333333
INDIA_PROMOTED_001720,6.9494766666666665,81.59518999999999
INDIA_PROMOTED_001721,7.083136666666667,81.79344333333334
INDIA_PROMOTED_001722,7.172429999999999,81.72084666666666
INDIA_PROMOTED_001723,7.892906666666666,81.48177666666668
INDIA_PROMOTED_001724,8.952523333333334,80.36669333333333
INDIA_PROMOTED_001725,8.958206666666667,80.78883333333333
INDIA_PROMOTED_001726,9.30755,77.47385666666668
INDIA_PROMOTED_001727,8.39367,81.05822333333333
INDIA_PROMOTED_001728,7.051956666666666,80.81126
INDIA_PROMOTED_001729,7.2281,81.14663
INDIA_PROMOTED_001730,7.228086666666667,81.13945666666667
INDIA_PROMOTED_001731,7.524936666666666,81.10439333333333
INDIA_PROMOTED_001732,8.564813333333333,80.91434
INDIA_PROMOTED_001733,8.640830000000001,77.90121
INDIA_PROMOTED_001734,29.968729999999997,71.26922666666667
INDIA_PROMOTED_001735,23.676126666666665,86.10661333333333
INDIA_PROMOTED_001736,23.695526666666666,86.07882333333333
INDIA_PROMOTED_001737,6.866766666666667,81.49638
INDIA_PROMOTED_001738,8.741733333333334,77.60136666666666
INDIA_PROMOTED_001739,9.93426,78.31718666666667
INDIA_PROMOTED_001740,23.978226666666668,97.77184
INDIA_PROMOTED_001741,6.763090000000001,81.79681333333333
INDIA_PROMOTED_001742,9.411056666666667,80.45088333333334
INDIA_PROMOTED_001743,23.551133333333336,87.24437666666665
INDIA_PROMOTED_001744,23.684706666666667,86.08189666666665
INDIA_PROMOTED_001745,14.828156666666667,79.30571666666667
INDIA_PROMOTED_001746,6.918399999999999,81.58018
INDIA_PROMOTED_001747,6.822863333333333,81.49855
INDIA_PROMOTED_001748,7.393013333333333,81.09895333333333
INDIA_PROMOTED_001749,7.45122,81.22475666666666
INDIA_PROMOTED_001750,7.509586666666666,81.69545333333333
INDIA_PROMOTED_001751,7.72054,81.25388333333333
INDIA_PROMOTED_001752,8.450523333333331,80.76512000000001
INDIA_PROMOTED_001753,9.36351,78.66189
INDIA_PROMOTED_001754,10.04839,77.95124333333334
INDIA_PROMOTED_001755,11.105636666666667,78.88420333333333
INDIA_PROMOTED_001756,15.770316666666666,73.70267
INDIA_PROMOTED_001757,30.697316666666666,73.50774333333334
INDIA_PROMOTED_001758,10.245373333333333,77.21959
INDIA_PROMOTED_001759,15.185463333333333,76.63891
INDIA_PROMOTED_001760,15.338033333333334,76.27612333333333
INDIA_PROMOTED_001761,7.410383333333333,81.06629
INDIA_PROMOTED_001762,7.45057,81.38871
INDIA_PROMOTED_001763,7.569203333333333,81.67579333333335
INDIA_PROMOTED_001764,15.204793333333333,77.16736333333334
INDIA_PROMOTED_001765,35.78123333333334,71.34159666666666
INDIA_PROMOTED_001766,10.92241,77.06185333333333
INDIA_PROMOTED_001767,6.3354566666666665,81.02775
INDIA_PROMOTED_001768,6.715373333333335,81.49973666666666
INDIA_PROMOTED_001769,6.73755,81.29191666666667
INDIA_PROMOTED_001770,6.865166666666667,81.73514999999999
INDIA_PROMOTED_001771,7.14999,81.13952333333333
INDIA_PROMOTED_001772,7.303423333333334,81.11675666666666
INDIA_PROMOTED_001773,7.30659,81.78181666666667
INDIA_PROMOTED_001774,7.447546666666667,81.68615666666666
INDIA_PROMOTED_001775,7.728363333333333,81.24867666666667
INDIA_PROMOTED_001776,7.806833333333333,81.38570666666668
INDIA_PROMOTED_001777,7.903386666666667,81.47718666666667
INDIA_PROMOTED_001778,8.569383333333334,80.62889666666668
INDIA_PROMOTED_001779,9.152083333333332,80.34949333333333
INDIA_PROMOTED_001780,10.905466666666667,78.53581333333334
INDIA_PROMOTED_001781,10.073146666666666,77.25471333333334
INDIA_PROMOTED_001782,6.748716666666667,81.36221333333333
INDIA_PROMOTED_001783,7.098210000000001,81.07299333333334
INDIA_PROMOTED_001784,7.1536566666666666,81.7457
INDIA_PROMOTED_001785,6.880716666666667,81.58864333333334
INDIA_PROMOTED_001786,7.269866666666666,81.28570666666667
INDIA_PROMOTED_001787,6.707246666666666,81.22878333333333
INDIA_PROMOTED_001788,24.961646666666667,68.29581
INDIA_PROMOTED_001789,31.02934666666667,73.36822
INDIA_PROMOTED_001790,34.47384666666667,73.85842666666666
INDIA_PROMOTED_001791,8.80881,80.58573333333334
INDIA_PROMOTED_001792,20.7838,85.25628
INDIA_PROMOTED_001793,7.780729999999999,81.41397333333333
INDIA_PROMOTED_001794,9.241216666666666,77.80694333333334
INDIA_PROMOTED_001795,7.201203333333333,81.81302666666666
INDIA_PROMOTED_001796,8.6455,80.92853333333333
INDIA_PROMOTED_001797,8.71282,77.97477333333333
INDIA_PROMOTED_001798,9.153956666666666,80.71902333333334
INDIA_PROMOTED_001799,9.282076666666667,78.39762666666667
INDIA_PROMOTED_001800,9.740073333333333,78.34905666666667
INDIA_PROMOTED_001801,14.659183333333333,75.65455666666668
INDIA_PROMOTED_001802,15.086773333333333,79.77584333333333
INDIA_PROMOTED_001803,8.849883333333333,78.13503333333334
INDIA_PROMOTED_001804,6.702053333333333,81.34283
INDIA_PROMOTED_001805,6.761916666666667,81.37833333333333
INDIA_PROMOTED_001806,8.880939999999999,80.72534333333333
INDIA_PROMOTED_001807,27.624929999999996,69.46931666666667
INDIA_PROMOTED_001808,7.439176666666667,81.31940666666667
INDIA_PROMOTED_001809,10.941173333333333,78.46769666666667
INDIA_PROMOTED_001810,13.837926666666666,79.33636666666666
INDIA_PROMOTED_001811,9.445216666666667,77.67033333333335
INDIA_PROMOTED_001812,7.120376666666666,81.15139
INDIA_PROMOTED_001813,7.718393333333334,80.84514
INDIA_PROMOTED_001814,7.998806666666667,80.37544333333334
INDIA_PROMOTED_001815,8.010043333333334,80.61013666666666
INDIA_PROMOTED_001816,8.290906666666666,80.22611333333333
INDIA_PROMOTED_001817,8.343816666666667,80.16056333333334
INDIA_PROMOTED_001818,8.388933333333334,80.15447666666665
INDIA_PROMOTED_001819,8.557133333333335,80.62486666666668
INDIA_PROMOTED_001820,8.584526666666667,80.74073666666668
INDIA_PROMOTED_001821,8.59358,80.82571666666666
INDIA_PROMOTED_001822,8.636863333333332,80.72623666666667
INDIA_PROMOTED_001823,8.650696666666668,80.81526333333333
INDIA_PROMOTED_001824,8.679346666666667,80.75561666666667
INDIA_PROMOTED_001825,8.714266666666667,80.17729333333334
INDIA_PROMOTED_001826,8.907473333333334,80.43567666666667
INDIA_PROMOTED_001827,10.73845,78.73062333333333
INDIA_PROMOTED_001828,27.714309999999998,68.49151
INDIA_PROMOTED_001829,29.138946666666666,91.72257666666667
INDIA_PROMOTED_001830,6.710036666666667,81.59068333333333
INDIA_PROMOTED_001831,6.845156666666667,81.55139333333334
INDIA_PROMOTED_001832,7.14568,81.57982666666668
INDIA_PROMOTED_001833,7.188126666666666,81.81515666666667
INDIA_PROMOTED_001834,7.28687,81.79160333333334
INDIA_PROMOTED_001835,7.359956666666666,81.10676333333333
INDIA_PROMOTED_001836,7.36975,81.10517
INDIA_PROMOTED_001837,7.943013333333333,81.37111666666668
INDIA_PROMOTED_001838,8.03033,81.29017
INDIA_PROMOTED_001839,8.30515,81.01921333333333
INDIA_PROMOTED_001840,8.40853,80.25478333333335
INDIA_PROMOTED_001841,8.459760000000001,80.39896333333333
INDIA_PROMOTED_001842,8.466099999999999,80.38226333333334
INDIA_PROMOTED_001843,8.494019999999999,80.82053333333334
INDIA_PROMOTED_001844,8.518213333333334,80.597
INDIA_PROMOTED_001845,8.52428,80.58722999999999
INDIA_PROMOTED_001846,8.52453,80.85645666666666
INDIA_PROMOTED_001847,8.556083333333333,80.85608666666667
INDIA_PROMOTED_001848,8.55428,80.74947333333334
INDIA_PROMOTED_001849,8.573453333333333,80.58601333333333
INDIA_PROMOTED_001850,8.623246666666667,80.97566666666667
INDIA_PROMOTED_001851,8.665833333333333,80.65592666666667
INDIA_PROMOTED_001852,9.097139999999998,80.28721333333333
INDIA_PROMOTED_001853,9.389826666666666,80.43754333333334
INDIA_PROMOTED_001854,9.41371,80.40273333333334
INDIA_PROMOTED_001855,9.423686666666667,80.41017333333333
INDIA_PROMOTED_001856,9.436423333333332,80.39358
INDIA_PROMOTED_001857,9.53309,80.3823
INDIA_PROMOTED_001858,15.171993333333333,80.03264333333334
INDIA_PROMOTED_001859,15.886233333333331,79.82155666666667
INDIA_PROMOTED_001860,31.1366,74.91413333333334
INDIA_PROMOTED_001861,36.38039666666666,94.95504
INDIA_PROMOTED_001862,21.577843333333334,96.23378333333334
INDIA_PROMOTED_001863,23.256406666666667,70.26207666666666
INDIA_PROMOTED_001864,27.792416666666668,75.33124
INDIA_PROMOTED_001865,6.853796666666668,81.53579
INDIA_PROMOTED_001866,6.974773333333334,81.59265
INDIA_PROMOTED_001867,10.922996666666664,78.51546333333333
INDIA_PROMOTED_001868,6.453869999999999,81.09514
INDIA_PROMOTED_001869,6.9722800000000005,81.60253666666667
INDIA_PROMOTED_001870,7.33893,81.19376
INDIA_PROMOTED_001871,7.360310000000001,81.29302
INDIA_PROMOTED_001872,7.8920666666666675,80.64464666666667
INDIA_PROMOTED_001873,7.941443333333333,81.29342333333334
INDIA_PROMOTED_001874,8.409883333333333,80.82851333333332
INDIA_PROMOTED_001875,15.992026666666666,78.39933666666667
INDIA_PROMOTED_001876,13.14748,77.53962333333332
INDIA_PROMOTED_001877,6.77151,81.00211666666668
INDIA_PROMOTED_001878,8.082993333333333,80.78676
INDIA_PROMOTED_001879,9.557929999999999,77.51558
INDIA_PROMOTED_001880,9.562683333333334,77.53522666666667
INDIA_PROMOTED_001881,9.566163333333334,77.52042999999999
INDIA_PROMOTED_001882,6.929343333333333,81.49242000000001
INDIA_PROMOTED_001883,7.134343333333334,80.92371666666666
INDIA_PROMOTED_001884,7.308576666666666,81.85107333333333
INDIA_PROMOTED_001885,8.366786666666668,81.05114666666667
INDIA_PROMOTED_001886,8.532836666666666,80.84485333333333
INDIA_PROMOTED_001887,9.551936666666668,77.52247333333334
INDIA_PROMOTED_001888,6.81403,81.61919999999999
INDIA_PROMOTED_001889,21.109156666666667,72.64742333333334
INDIA_PROMOTED_001890,21.163186666666665,72.67132666666667
